event_id,user_id,known_device,location_deviation,failed_login_count,recent_password_reset,mfa_verified,phone_change_frequency,login_time_deviation,trust_score,label
E000001,S0441,1,0.0775,0,0,1,1,0.0488,82,0
E000002,S1561,0,0.1824,0,0,1,0,0.1371,64,0
E000003,S4051,1,0.101,0,0,1,0,0.1951,87,0
E000004,S2553,1,0.0894,0,0,1,0,0.1736,69,0
E000005,S3835,1,0.0217,0,0,0,0,0.0465,64,0
E000006,S3777,1,0.0625,0,0,1,0,0.0152,100,0
E000007,S2708,1,0.0472,0,0,1,0,0.0589,73,0
E000008,S2412,1,0.0622,0,0,1,0,0.0193,80,1
E000009,S0501,1,0.077,0,0,1,0,0.0129,78,0
E000010,S2216,1,0.1237,0,0,1,0,0.0989,82,0
E000011,S0153,0,0.2157,0,0,1,0,0.2039,43,0
E000012,S0943,0,0.2692,1,0,1,2,0.4454,41,1
E000013,S2563,1,0.0963,2,0,1,0,0.043,100,0
E000014,S0367,0,0.0459,0,0,1,0,0.0774,76,0
E000015,S4037,1,0.0499,0,0,1,0,0.0793,92,0
E000016,S2017,1,0.1088,0,0,1,0,0.0535,80,0
E000017,S2854,1,0.1753,0,0,1,0,0.0155,84,0
E000018,S2004,1,0.0765,1,1,1,0,0.0985,72,0
E000019,S0634,1,0.0333,0,0,1,0,0.1187,87,0
E000020,S3317,0,0.4856,0,0,1,0,0.4199,36,0
E000021,S1718,0,0.6255,0,0,1,1,0.7307,47,1
E000022,S0226,1,0.0114,0,0,1,0,0.0776,52,0
E000023,S0958,0,0.0838,0,0,1,0,0.0208,46,0
E000024,S4051,1,0.0385,0,0,1,0,0.0566,84,0
E000025,S3132,1,0.0151,0,0,1,0,0.0325,72,0
E000026,S0797,1,0.0428,0,1,1,0,0.0288,69,0
E000027,S2354,1,0.0221,0,0,1,0,0.0478,77,0
E000028,S3531,1,0.1091,0,0,1,0,0.0603,100,0
E000029,S0193,0,0.4615,1,1,1,5,0.0946,56,0
E000030,S1759,0,0.0572,0,0,1,0,0.0788,100,0
E000031,S0058,1,0.1676,1,0,0,0,0.1731,74,0
E000032,S3979,1,0.0839,0,0,1,0,0.1302,61,0
E000033,S2807,1,0.3816,1,1,0,1,0.7484,82,1
E000034,S3031,1,0.1341,0,0,1,0,0.0125,84,0
E000035,S3889,1,0.0336,0,0,1,0,0.0762,78,0
E000036,S1699,1,0.0919,0,0,1,0,0.3021,68,1
E000037,S1289,0,0.4217,0,0,1,0,0.6992,85,0
E000038,S4161,1,0.2627,0,0,1,0,0.1143,60,0
E000039,S2503,1,0.2242,0,0,1,0,0.1046,83,0
E000040,S1408,0,0.1296,0,0,1,0,0.5972,78,0
E000041,S0590,1,0.0825,0,0,1,0,0.1287,79,0
E000042,S0112,0,0.4982,7,1,0,2,0.8888,30,1
E000043,S3143,1,0.0096,0,0,1,0,0.0333,89,0
E000044,S0160,1,0.071,0,1,1,0,0.0733,70,0
E000045,S3301,1,0.105,0,0,1,0,0.0167,100,0
E000046,S1590,0,0.0288,0,0,1,0,0.1982,88,0
E000047,S4049,1,0.021,0,1,1,0,0.1445,74,0
E000048,S3727,1,0.0627,0,0,1,0,0.0187,91,1
E000049,S0269,1,0.0645,0,0,1,0,0.098,90,0
E000050,S0381,1,0.0606,0,0,1,0,0.1223,72,0
E000051,S1279,1,0.0524,0,0,1,0,0.0166,82,0
E000052,S2409,0,0.6482,2,1,1,1,0.3393,39,1
E000053,S0297,1,0.6045,3,1,1,4,0.1958,31,1
E000054,S2058,1,0.0102,0,0,1,0,0.0589,84,0
E000055,S1976,1,0.0622,0,0,1,0,0.0197,77,0
E000056,S0138,0,0.3527,0,0,1,2,0.1426,55,1
E000057,S2063,1,0.037,2,1,1,0,0.0481,88,0
E000058,S3587,0,0.2183,0,0,1,1,0.6331,61,0
E000059,S0285,0,0.7939,2,1,1,4,0.8247,37,1
E000060,S2804,1,0.0628,0,0,1,0,0.0311,76,0
E000061,S3173,1,0.1298,0,0,1,0,0.0053,72,0
E000062,S0469,1,0.075,0,0,1,0,0.3482,75,0
E000063,S2624,1,0.0429,0,0,1,0,0.0611,90,0
E000064,S1542,1,0.0629,1,0,1,0,0.0869,86,0
E000065,S1343,1,0.2162,0,0,1,0,0.1045,86,0
E000066,S2390,0,0.2917,0,0,1,0,0.2256,75,0
E000067,S2203,1,0.0943,0,0,1,0,0.3939,91,1
E000068,S2169,1,0.0475,0,0,1,1,0.0884,75,0
E000069,S0474,1,0.0985,0,0,1,0,0.0827,87,0
E000070,S3433,0,0.4501,0,1,1,0,0.4697,33,1
E000071,S2998,1,0.0238,0,1,1,0,0.0712,82,1
E000072,S1553,1,0.0223,0,0,0,0,0.035,78,0
E000073,S3056,1,0.0424,0,0,1,0,0.0413,95,0
E000074,S1175,1,0.0379,0,0,1,0,0.3131,72,0
E000075,S1206,1,0.0944,0,0,1,0,0.0889,97,0
E000076,S4065,0,0.0567,0,0,1,1,0.0967,72,0
E000077,S2477,1,0.116,0,0,1,0,0.4187,75,0
E000078,S1922,0,0.5041,5,0,0,2,0.7147,40,1
E000079,S0298,0,0.0454,0,1,1,0,0.1673,63,1
E000080,S2763,0,0.3749,1,0,1,0,0.275,78,0
E000081,S0342,1,0.2333,0,0,1,0,0.6984,95,0
E000082,S0734,0,0.1132,0,1,1,0,0.0535,85,1
E000083,S0893,1,0.0653,0,0,1,0,0.21,69,0
E000084,S2246,1,0.0427,0,0,1,0,0.0265,79,0
E000085,S1561,0,0.5619,1,0,1,1,0.5748,18,1
E000086,S3176,0,0.7131,4,0,0,0,0.4841,31,1
E000087,S0312,1,0.1346,0,0,1,0,0.0552,89,0
E000088,S3150,0,0.3896,0,1,0,0,0.7506,51,1
E000089,S3352,1,0.0647,0,1,1,0,0.0917,85,0
E000090,S3849,1,0.1184,0,0,1,1,0.1885,84,0
E000091,S2503,1,0.0788,0,1,1,0,0.2025,66,0
E000092,S3835,0,0.1372,0,0,1,0,0.0675,66,0
E000093,S3607,1,0.0189,0,0,1,0,0.1114,69,0
E000094,S3395,1,0.2149,0,0,1,0,0.0721,91,0
E000095,S2894,0,0.1498,0,0,1,0,0.3519,57,0
E000096,S0786,1,0.2877,1,1,1,1,0.1635,52,1
E000097,S1629,0,0.038,0,0,1,0,0.0553,68,0
E000098,S1195,1,0.8209,0,1,0,0,0.379,49,0
E000099,S1266,0,0.439,0,1,1,0,0.236,76,1
E000100,S3285,1,0.1853,0,0,1,0,0.0892,92,0
E000101,S3603,1,0.2939,3,0,1,0,0.5734,58,0
E000102,S0392,1,0.0805,0,1,1,0,0.0766,78,0
E000103,S3398,1,0.0358,0,0,1,0,0.0273,79,0
E000104,S0564,1,0.0259,0,0,1,0,0.1809,57,0
E000105,S3497,1,0.3465,1,1,0,1,0.2579,56,0
E000106,S0273,0,0.357,0,0,1,2,0.3625,38,1
E000107,S1687,1,0.083,0,0,1,0,0.6472,96,0
E000108,S2767,1,0.0399,0,0,1,0,0.1707,79,0
E000109,S0697,1,0.2263,0,0,1,0,0.0882,89,0
E000110,S2572,1,0.1459,0,0,1,0,0.1054,81,0
E000111,S0217,0,0.1549,1,1,1,0,0.0193,73,0
E000112,S0665,1,0.0827,1,0,1,1,0.0248,87,0
E000113,S0080,1,0.8202,5,1,1,2,0.522,43,1
E000114,S2891,1,0.0996,0,0,1,0,0.2311,75,0
E000115,S0793,0,0.0488,0,0,1,1,0.1745,69,0
E000116,S2309,0,0.3845,1,0,1,2,0.4214,79,0
E000117,S0132,0,0.8087,4,1,0,5,0.578,14,1
E000118,S3657,1,0.0329,0,0,1,0,0.1891,83,0
E000119,S1947,0,0.7333,2,0,0,0,0.7714,73,1
E000120,S1260,1,0.0305,0,0,1,0,0.0412,93,0
E000121,S1840,0,0.4785,0,1,1,1,0.0543,83,0
E000122,S0721,1,0.0748,1,0,1,0,0.0791,90,0
E000123,S3761,1,0.1479,0,0,1,0,0.1735,88,0
E000124,S1541,1,0.0583,0,0,1,0,0.0283,73,0
E000125,S1034,0,0.6152,3,0,1,0,0.5933,24,1
E000126,S3085,0,0.0795,1,1,1,3,0.4634,68,1
E000127,S0048,1,0.0625,0,0,1,0,0.6694,64,0
E000128,S1330,1,0.0907,0,0,1,0,0.3183,77,0
E000129,S0900,1,0.0808,0,0,1,0,0.1445,91,0
E000130,S3201,1,0.0293,0,0,1,0,0.0811,70,0
E000131,S0003,0,0.0746,0,0,1,0,0.1855,85,0
E000132,S1229,0,0.2621,1,1,1,1,0.4615,58,0
E000133,S0278,0,0.8885,2,1,0,2,0.5083,11,1
E000134,S2138,1,0.0672,0,1,1,0,0.0656,65,0
E000135,S0321,1,0.0742,0,0,1,0,0.5009,71,0
E000136,S1148,0,0.1215,0,0,1,0,0.4226,81,0
E000137,S1405,1,0.0805,1,1,1,0,0.0143,94,0
E000138,S0816,1,0.0655,1,0,1,0,0.0215,74,0
E000139,S1439,1,0.0487,0,0,1,0,0.1564,80,0
E000140,S1025,0,0.023,0,0,1,0,0.2547,92,0
E000141,S1484,1,0.0479,0,0,1,0,0.0863,89,0
E000142,S3910,0,0.4331,2,0,1,0,0.4823,30,0
E000143,S1568,1,0.2061,0,0,1,0,0.0968,77,0
E000144,S4066,0,0.5562,2,1,0,0,0.4799,23,1
E000145,S2704,1,0.0578,0,0,1,0,0.0771,74,0
E000146,S2497,1,0.0286,0,0,1,1,0.117,83,0
E000147,S0426,1,0.0422,0,0,1,0,0.0666,79,0
E000148,S0702,0,0.4628,1,0,1,0,0.7676,14,1
E000149,S2839,1,0.0985,0,0,1,1,0.1024,74,0
E000150,S0454,1,0.0381,0,0,1,0,0.1642,85,0
E000151,S1702,1,0.0603,0,0,1,0,0.0243,89,0
E000152,S1398,1,0.3286,0,0,1,0,0.0992,87,0
E000153,S0942,1,0.5592,1,1,1,0,0.716,53,1
E000154,S0098,1,0.7017,3,1,0,7,0.7112,17,1
E000155,S1282,1,0.0236,0,0,1,0,0.0491,70,0
E000156,S0682,1,0.121,0,0,1,0,0.6162,78,0
E000157,S3676,1,0.1007,1,0,1,0,0.068,92,0
E000158,S1759,1,0.3285,0,1,1,0,0.3361,45,1
E000159,S2583,1,0.0593,0,1,1,0,0.0743,69,0
E000160,S1986,1,0.0899,0,0,1,0,0.5558,89,0
E000161,S2913,0,0.1279,0,0,1,0,0.2717,68,1
E000162,S3707,1,0.0477,0,0,1,0,0.1386,62,0
E000163,S0507,1,0.0536,1,0,1,0,0.1576,59,0
E000164,S3761,0,0.0336,0,0,1,0,0.1853,59,1
E000165,S2501,0,0.5363,3,0,1,1,0.101,94,0
E000166,S0898,0,0.061,0,0,1,1,0.1612,72,0
E000167,S3144,0,0.5044,3,0,0,1,0.3978,21,1
E000168,S0646,0,0.6832,3,1,0,0,0.695,13,1
E000169,S0582,0,0.0762,0,0,1,0,0.0407,80,0
E000170,S0653,1,0.0726,1,0,1,0,0.0415,75,0
E000171,S0163,1,0.0549,0,1,1,0,0.1389,67,0
E000172,S2094,1,0.0478,0,0,1,0,0.0183,73,0
E000173,S1264,1,0.5434,2,1,1,0,0.5818,52,1
E000174,S2284,1,0.2934,1,0,1,0,0.4603,65,0
E000175,S0536,1,0.1202,0,0,1,0,0.114,84,0
E000176,S1318,1,0.159,0,0,1,0,0.0628,79,0
E000177,S3722,1,0.0445,2,1,1,0,0.0681,82,0
E000178,S3479,1,0.0041,0,0,1,0,0.0574,79,0
E000179,S3368,0,0.6531,3,1,0,0,0.6638,37,1
E000180,S2136,1,0.0629,0,0,1,0,0.0754,98,0
E000181,S1573,1,0.1935,0,0,1,0,0.0217,71,0
E000182,S3191,1,0.0662,0,0,1,0,0.0446,80,0
E000183,S2123,0,0.526,2,1,1,0,0.8365,0,1
E000184,S0035,1,0.253,1,1,0,1,0.1245,37,1
E000185,S1974,1,0.0176,0,0,1,1,0.1288,83,0
E000186,S0112,0,0.6462,1,0,1,7,0.296,50,1
E000187,S1237,1,0.0374,0,0,1,0,0.1189,89,0
E000188,S3211,1,0.172,1,1,1,0,0.2052,59,1
E000189,S2816,1,0.0398,0,0,1,0,0.0768,72,0
E000190,S1427,0,0.1362,1,0,1,0,0.4712,48,1
E000191,S0117,0,0.6193,6,1,0,6,0.7052,37,1
E000192,S0049,1,0.6945,0,0,1,1,0.2403,90,0
E000193,S1399,1,0.0896,0,0,1,1,0.1202,88,0
E000194,S1018,1,0.2339,0,0,1,0,0.0858,85,0
E000195,S1045,1,0.1446,1,0,1,0,0.1219,81,0
E000196,S2521,0,0.118,0,1,1,0,0.2509,65,0
E000197,S0172,1,0.123,0,1,1,0,0.0565,65,0
E000198,S2187,1,0.1545,1,0,1,0,0.0188,64,0
E000199,S1600,1,0.0815,0,0,1,0,0.0611,81,0
E000200,S0177,1,0.0261,0,0,1,0,0.075,68,0
E000201,S0858,0,0.8027,5,0,0,0,0.8516,27,1
E000202,S0168,1,0.3387,0,1,1,5,0.1919,68,0
E000203,S0971,1,0.1483,0,0,1,0,0.0825,88,0
E000204,S0298,0,0.1911,0,0,1,0,0.1209,72,0
E000205,S3249,1,0.543,1,0,1,2,0.4856,33,1
E000206,S0054,1,0.0355,1,0,1,0,0.0925,80,0
E000207,S4108,0,0.1073,0,0,1,0,0.0718,61,0
E000208,S3660,1,0.2389,0,0,1,1,0.6823,77,0
E000209,S0047,1,0.0941,0,0,1,0,0.0696,85,0
E000210,S3950,1,0.121,0,0,1,0,0.0525,80,0
E000211,S0984,1,0.0282,1,1,1,1,0.2126,92,0
E000212,S3866,0,0.0812,0,1,1,0,0.2842,58,1
E000213,S0144,0,0.3515,1,0,1,4,0.6965,48,1
E000214,S0784,1,0.0238,0,0,1,0,0.7704,99,0
E000215,S0215,1,0.3788,0,0,1,4,0.4264,30,1
E000216,S3644,0,0.0086,0,0,1,0,0.1227,55,0
E000217,S0509,1,0.0966,0,0,1,0,0.0531,78,0
E000218,S0298,1,0.0714,0,0,1,0,0.0251,81,0
E000219,S2157,1,0.2044,0,0,1,0,0.1144,66,0
E000220,S0225,0,0.2897,2,1,1,0,0.4189,75,0
E000221,S0957,1,0.0672,0,0,1,0,0.0167,76,0
E000222,S3841,0,0.7311,0,1,0,1,0.2752,21,1
E000223,S2372,1,0.0247,0,0,1,0,0.1432,75,0
E000224,S2913,1,0.2424,0,0,1,0,0.0792,68,0
E000225,S0523,0,0.5163,0,0,1,0,0.3312,74,0
E000226,S1618,1,0.0763,0,0,1,0,0.103,68,0
E000227,S0257,1,0.0674,0,0,1,0,0.1685,97,0
E000228,S2794,0,0.1367,0,0,1,0,0.1361,74,0
E000229,S2720,1,0.0133,0,0,1,0,0.1024,83,0
E000230,S3142,1,0.0341,0,0,1,0,0.0788,80,0
E000231,S0118,0,0.7021,4,1,0,2,0.7748,21,1
E000232,S3611,1,0.067,1,0,1,0,0.094,84,0
E000233,S2631,1,0.0798,0,1,1,0,0.394,80,1
E000234,S1881,1,0.123,0,0,1,0,0.7027,86,0
E000235,S1439,0,0.4885,1,1,1,1,0.748,33,1
E000236,S3288,1,0.0502,0,1,1,0,0.1023,55,0
E000237,S2908,1,0.0624,0,0,1,0,0.0284,83,0
E000238,S2967,1,0.1479,0,0,1,0,0.4265,84,0
E000239,S2534,1,0.1011,0,0,1,0,0.0447,75,0
E000240,S0883,1,0.2084,0,0,1,0,0.1103,89,0
E000241,S1695,0,0.2759,0,0,1,0,0.0459,61,1
E000242,S3987,0,0.2475,0,1,0,1,0.162,10,1
E000243,S2354,1,0.1282,0,0,1,0,0.0752,77,0
E000244,S1293,0,0.3296,1,0,0,0,0.2484,69,1
E000245,S0133,0,0.891,2,1,0,4,0.6787,41,1
E000246,S0276,0,0.5401,3,1,0,6,0.6114,18,1
E000247,S3713,0,0.5252,3,0,1,0,0.663,13,1
E000248,S2041,0,0.0954,0,0,1,0,0.0588,44,1
E000249,S0899,1,0.4366,0,0,0,1,0.4282,62,1
E000250,S2080,0,0.2778,1,0,1,0,0.5088,46,0
E000251,S0340,0,0.1232,0,0,1,1,0.2574,71,1
E000252,S4004,1,0.052,0,0,1,0,0.0349,85,0
E000253,S1730,1,0.0268,0,0,1,0,0.0615,88,0
E000254,S0953,1,0.0901,0,0,1,0,0.0043,86,0
E000255,S1762,0,0.7991,2,1,0,0,0.5242,13,1
E000256,S2455,0,0.4399,0,1,1,1,0.4243,60,1
E000257,S3789,1,0.1804,0,0,1,0,0.0415,85,0
E000258,S3641,1,0.0847,0,0,1,0,0.5756,99,0
E000259,S3937,0,0.3977,2,1,1,0,0.5648,72,1
E000260,S1080,1,0.2644,0,0,1,0,0.0818,42,1
E000261,S0203,1,0.4165,0,0,1,6,0.2248,58,1
E000262,S2344,1,0.0758,0,0,1,0,0.0257,60,0
E000263,S2908,1,0.059,0,0,1,0,0.286,67,0
E000264,S0299,1,0.3524,0,0,1,1,0.3797,42,1
E000265,S2184,0,0.3688,1,1,0,1,0.3904,78,1
E000266,S2924,1,0.0613,0,0,1,0,0.6422,68,0
E000267,S3933,1,0.1839,1,1,1,0,0.1266,82,0
E000268,S2467,0,0.6719,1,1,1,1,0.3293,51,0
E000269,S3239,1,0.0514,0,0,1,0,0.0832,82,0
E000270,S1342,0,0.6218,3,1,1,0,0.7748,62,1
E000271,S2445,0,0.7614,4,0,1,1,0.6684,37,1
E000272,S2881,1,0.1745,0,1,1,0,0.2134,70,0
E000273,S3454,0,0.8241,0,0,1,0,0.2146,48,0
E000274,S3403,0,0.6696,1,0,1,0,0.6294,67,1
E000275,S0851,1,0.0733,0,0,1,0,0.0524,83,0
E000276,S2768,1,0.1864,2,0,1,0,0.0688,71,0
E000277,S3423,1,0.1288,0,1,1,1,0.122,93,0
E000278,S2994,1,0.0185,0,1,1,0,0.0585,76,0
E000279,S0413,0,0.3626,1,0,1,0,0.2607,58,0
E000280,S3456,1,0.0579,0,0,1,0,0.099,73,0
E000281,S2791,1,0.1113,0,0,1,0,0.3481,75,0
E000282,S0016,0,0.4682,2,0,0,1,0.8385,18,1
E000283,S3816,0,0.0797,0,0,1,0,0.0676,70,0
E000284,S0247,1,0.021,0,0,1,0,0.1593,69,0
E000285,S1385,1,0.1176,0,0,1,0,0.0612,87,0
E000286,S0576,1,0.0742,1,0,1,0,0.0661,83,0
E000287,S0409,0,0.2088,0,1,1,1,0.1113,33,1
E000288,S2282,1,0.0221,1,0,1,0,0.0718,71,0
E000289,S1739,1,0.0233,1,0,1,0,0.1626,56,0
E000290,S3268,1,0.0146,0,1,1,0,0.0655,78,0
E000291,S2060,1,0.0119,0,1,1,0,0.206,59,0
E000292,S1919,0,0.1284,0,0,1,0,0.1684,83,0
E000293,S0068,0,0.3074,0,1,0,5,0.3398,33,1
E000294,S2062,1,0.0356,1,0,1,0,0.0248,76,0
E000295,S2967,1,0.1006,0,0,1,1,0.0571,70,0
E000296,S0338,1,0.1398,1,0,1,0,0.1555,81,1
E000297,S3931,0,0.1369,0,0,1,0,0.6937,78,0
E000298,S1451,1,0.071,0,0,1,0,0.0162,81,1
E000299,S1264,0,0.7901,2,0,0,1,0.7404,22,1
E000300,S1198,1,0.0989,1,0,1,0,0.0267,73,0
E000301,S1409,1,0.0542,0,0,1,0,0.1444,74,0
E000302,S3450,1,0.6213,1,0,0,0,0.5594,56,0
E000303,S0099,1,0.4429,2,0,1,4,0.1881,49,1
E000304,S3309,1,0.0775,0,1,1,0,0.1676,68,0
E000305,S2278,1,0.0665,0,1,1,0,0.0814,69,0
E000306,S0025,0,0.5662,1,0,1,7,0.3986,28,1
E000307,S0901,0,0.2503,1,1,1,1,0.3301,72,0
E000308,S3947,1,0.0975,0,0,1,0,0.0479,77,0
E000309,S1710,0,0.0664,0,0,1,0,0.2721,99,0
E000310,S2325,1,0.0793,0,0,0,0,0.095,87,0
E000311,S0006,0,0.7741,3,1,0,4,0.4881,11,1
E000312,S2624,1,0.1221,0,0,1,0,0.0233,82,0
E000313,S1032,0,0.6139,1,1,1,2,0.5464,28,0
E000314,S0111,0,0.8297,1,1,0,3,0.6819,10,1
E000315,S3729,1,0.0828,0,0,1,0,0.0856,79,0
E000316,S1545,1,0.0512,0,0,1,0,0.135,88,0
E000317,S1858,1,0.2095,1,1,1,0,0.3146,41,0
E000318,S1772,0,0.3229,0,0,1,0,0.1356,52,1
E000319,S0003,1,0.7508,4,1,0,4,0.6516,26,1
E000320,S0734,1,0.0234,0,0,1,0,0.0046,62,0
E000321,S1459,1,0.0789,0,0,1,0,0.0874,82,0
E000322,S2853,1,0.054,1,0,1,0,0.0396,92,0
E000323,S3211,1,0.1558,1,0,1,0,0.1673,82,0
E000324,S1727,0,0.0464,0,0,1,0,0.1368,71,0
E000325,S0372,1,0.1877,0,0,1,0,0.1294,62,0
E000326,S1978,0,0.8292,5,0,0,0,0.7518,9,1
E000327,S2311,1,0.0673,0,0,1,0,0.0457,67,0
E000328,S2494,0,0.196,0,0,1,0,0.0921,59,0
E000329,S2401,1,0.1828,0,0,1,0,0.0459,64,0
E000330,S2737,1,0.0846,0,1,1,0,0.0794,69,0
E000331,S3431,0,0.7521,1,0,0,0,0.5317,41,0
E000332,S1246,1,0.0811,0,1,1,0,0.6922,83,0
E000333,S3730,1,0.1689,1,0,1,1,0.0634,81,0
E000334,S0177,1,0.5203,0,0,1,2,0.2938,19,1
E000335,S0697,1,0.3,0,1,0,0,0.3913,70,1
E000336,S1065,1,0.0587,0,1,1,0,0.2224,60,0
E000337,S4035,0,0.5648,2,0,1,0,0.6253,22,1
E000338,S2075,1,0.1378,0,0,1,0,0.1377,80,0
E000339,S4192,0,0.7805,3,0,1,1,0.8234,58,1
E000340,S0435,0,0.0506,0,0,1,0,0.3156,76,0
E000341,S2690,0,0.0876,0,0,0,0,0.1128,86,0
E000342,S1003,0,0.0798,0,0,1,0,0.0744,96,0
E000343,S0085,0,0.381,1,1,0,0,0.3082,68,1
E000344,S3162,1,0.114,0,0,1,0,0.0434,78,0
E000345,S0220,1,0.0459,0,0,1,0,0.0692,90,0
E000346,S2217,1,0.0574,0,0,1,0,0.0444,100,0
E000347,S3914,1,0.1006,0,0,1,0,0.044,100,1
E000348,S1238,0,0.2973,0,1,1,1,0.5328,57,1
E000349,S3408,0,0.7141,5,1,1,1,0.6968,32,1
E000350,S0389,1,0.2789,0,0,1,0,0.0141,81,0
E000351,S1476,1,0.2381,0,0,1,0,0.4123,79,0
E000352,S3212,0,0.0297,0,0,0,0,0.6796,73,0
E000353,S1002,0,0.0769,1,0,1,0,0.0741,79,0
E000354,S1898,0,0.2562,0,0,1,0,0.0341,56,0
E000355,S2144,1,0.2771,0,0,1,1,0.342,80,1
E000356,S0251,0,0.7864,2,1,1,4,0.5675,19,1
E000357,S3252,0,0.196,0,0,0,1,0.6082,47,0
E000358,S2182,0,0.4422,0,0,0,2,0.4773,56,1
E000359,S2114,1,0.1991,0,0,1,0,0.0843,76,0
E000360,S1192,1,0.1327,0,1,1,0,0.353,66,0
E000361,S3564,1,0.084,0,0,1,0,0.4036,71,0
E000362,S1735,1,0.0864,0,0,1,0,0.0696,77,0
E000363,S0246,1,0.0738,0,0,1,0,0.0383,67,0
E000364,S3248,0,0.5634,0,1,1,0,0.4623,81,1
E000365,S3459,1,0.0423,0,0,1,1,0.2072,80,0
E000366,S1054,1,0.3084,0,0,1,0,0.0972,83,0
E000367,S0073,0,0.4996,6,0,0,3,0.4416,17,1
E000368,S1864,0,0.6082,2,0,0,0,0.4709,46,0
E000369,S3209,1,0.0544,0,0,1,0,0.5275,76,0
E000370,S2827,0,0.7752,0,0,0,1,0.4507,10,0
E000371,S0927,1,0.0743,0,0,1,0,0.0471,80,0
E000372,S4041,1,0.0737,0,0,1,0,0.5409,54,0
E000373,S2941,1,0.0873,0,0,1,0,0.6306,80,0
E000374,S4136,0,0.3304,0,0,0,1,0.2639,31,1
E000375,S3801,1,0.1709,1,0,1,0,0.005,84,0
E000376,S0757,0,0.807,1,1,1,1,0.6404,46,1
E000377,S3134,1,0.0349,0,0,1,0,0.084,89,0
E000378,S1288,0,0.0469,1,0,1,0,0.0284,85,0
E000379,S0951,1,0.1432,0,0,1,0,0.0608,74,0
E000380,S0274,1,0.6983,6,1,0,4,0.8114,30,1
E000381,S0945,0,0.2211,0,1,0,0,0.4015,68,0
E000382,S0882,1,0.0671,0,0,1,0,0.0469,88,0
E000383,S0950,1,0.0641,0,1,1,0,0.1588,73,0
E000384,S1879,1,0.0566,0,0,1,0,0.0471,76,1
E000385,S0449,1,0.0336,0,0,1,0,0.0243,66,0
E000386,S0470,1,0.4151,1,1,0,0,0.6267,57,0
E000387,S0334,1,0.0229,0,0,1,0,0.5821,79,0
E000388,S3122,1,0.0439,1,0,1,0,0.1813,85,0
E000389,S0900,0,0.3841,2,0,0,0,0.1558,51,0
E000390,S1697,1,0.45,3,1,0,0,0.5788,40,0
E000391,S0679,0,0.1336,1,0,1,0,0.1019,70,0
E000392,S4198,1,0.0646,0,0,1,0,0.0502,74,0
E000393,S3798,0,0.0659,2,1,1,0,0.0621,77,0
E000394,S2319,0,0.8706,2,0,0,0,0.3862,32,1
E000395,S3636,1,0.0336,0,0,1,0,0.5317,81,0
E000396,S1978,1,0.1019,0,1,1,0,0.2911,64,0
E000397,S3476,0,0.1409,0,0,1,0,0.0663,82,0
E000398,S1616,1,0.1002,0,0,0,0,0.0941,59,0
E000399,S1593,1,0.0947,0,0,1,0,0.0571,84,0
E000400,S2365,1,0.123,0,0,0,0,0.0488,66,0
E000401,S2868,0,0.1009,0,0,1,0,0.0849,81,0
E000402,S2269,0,0.2301,0,0,1,1,0.1795,54,0
E000403,S1300,0,0.4677,0,0,0,1,0.7696,17,0
E000404,S1296,1,0.1162,0,0,1,0,0.2241,73,0
E000405,S2550,1,0.1655,0,0,1,0,0.0957,77,0
E000406,S3937,0,0.1221,0,0,1,0,0.172,85,0
E000407,S4195,0,0.5933,3,1,0,0,0.6072,39,1
E000408,S3599,1,0.0979,0,0,1,0,0.1096,80,0
E000409,S2593,0,0.741,3,0,1,0,0.6971,17,1
E000410,S0358,1,0.1841,0,0,1,0,0.1564,88,0
E000411,S2027,0,0.4629,2,0,1,2,0.8409,42,0
E000412,S1263,0,0.483,0,1,1,0,0.3169,67,1
E000413,S3184,1,0.1293,0,0,1,0,0.0226,88,0
E000414,S0428,1,0.0998,0,0,1,0,0.6563,72,0
E000415,S3889,1,0.0433,0,0,1,0,0.0955,100,0
E000416,S2017,0,0.1082,1,0,1,0,0.3576,93,0
E000417,S2145,1,0.1207,0,0,1,0,0.1091,76,0
E000418,S3367,0,0.0353,0,0,1,0,0.0844,83,0
E000419,S2802,0,0.139,0,0,0,0,0.1067,65,1
E000420,S3356,0,0.0651,0,0,1,0,0.3594,66,0
E000421,S3263,1,0.0578,0,0,1,0,0.1998,86,0
E000422,S3453,1,0.0292,0,0,1,0,0.6542,76,0
E000423,S0778,0,0.6673,0,1,1,0,0.7367,38,0
E000424,S1042,1,0.1054,0,0,1,0,0.0157,65,0
E000425,S1345,1,0.0764,0,0,1,0,0.0615,60,0
E000426,S0270,1,0.8365,2,0,0,5,0.8535,10,1
E000427,S2944,0,0.7002,2,0,0,0,0.864,42,1
E000428,S3956,0,0.6087,5,1,1,0,0.7469,12,0
E000429,S3054,0,0.2996,1,0,1,0,0.5774,66,0
E000430,S1231,0,0.2287,0,1,1,0,0.4182,44,0
E000431,S2110,1,0.0438,1,0,1,0,0.1135,81,1
E000432,S0116,0,0.4671,2,1,0,1,0.6942,28,1
E000433,S3398,0,0.7298,4,1,1,0,0.556,29,1
E000434,S3454,1,0.0935,0,0,1,0,0.0964,91,0
E000435,S2831,1,0.1563,0,1,1,0,0.1551,55,0
E000436,S1531,1,0.0373,0,0,1,0,0.4109,59,0
E000437,S2024,0,0.0563,0,0,1,0,0.0801,85,0
E000438,S1442,1,0.0724,0,0,1,0,0.0168,79,0
E000439,S0222,1,0.6811,1,1,1,5,0.4692,34,1
E000440,S2464,0,0.3666,1,1,1,0,0.2662,34,1
E000441,S0036,1,0.0868,0,0,1,1,0.6219,70,0
E000442,S3509,0,0.5597,2,1,0,2,0.6667,38,1
E000443,S1989,0,0.2638,2,1,1,1,0.7727,52,0
E000444,S0793,1,0.097,1,0,1,0,0.0222,100,0
E000445,S3760,1,0.0174,0,0,1,1,0.1246,89,0
E000446,S0289,0,0.7486,6,1,1,5,0.7443,47,1
E000447,S1387,0,0.042,1,1,1,0,0.2618,77,0
E000448,S3368,0,0.1613,0,0,1,0,0.0559,62,1
E000449,S2732,0,0.8325,4,0,0,0,0.7162,58,1
E000450,S3924,1,0.0392,0,0,1,0,0.199,76,0
E000451,S2477,1,0.1456,0,0,1,0,0.0649,71,0
E000452,S0738,0,0.154,0,0,1,0,0.1157,66,0
E000453,S2453,0,0.2179,1,0,1,0,0.2665,72,0
E000454,S2873,0,0.4754,3,1,1,1,0.7863,51,0
E000455,S0591,1,0.0291,0,1,1,0,0.1109,92,0
E000456,S3064,0,0.1175,0,0,1,0,0.0862,81,0
E000457,S3636,1,0.0321,0,1,1,0,0.0856,91,0
E000458,S0129,1,0.0617,0,0,1,0,0.5112,73,0
E000459,S0790,1,0.1397,0,0,1,1,0.0767,95,0
E000460,S1211,1,0.139,1,0,1,0,0.4799,73,0
E000461,S1947,1,0.3211,0,1,1,0,0.3159,43,0
E000462,S0031,0,0.6532,4,1,0,4,0.2009,2,1
E000463,S2723,0,0.2728,0,0,1,0,0.0382,67,1
E000464,S0830,1,0.1976,0,0,1,0,0.0656,85,0
E000465,S0304,0,0.2686,2,1,1,0,0.3886,97,0
E000466,S3975,1,0.095,0,0,1,0,0.1769,83,0
E000467,S0787,0,0.1414,1,0,1,0,0.0506,62,0
E000468,S2041,1,0.0466,0,0,1,0,0.1061,85,0
E000469,S3844,1,0.1151,1,0,1,1,0.3419,60,0
E000470,S0404,0,0.7013,2,1,1,0,0.7362,39,0
E000471,S0194,1,0.0263,0,0,1,0,0.0151,77,0
E000472,S2384,0,0.5723,0,0,0,0,0.6325,85,0
E000473,S1135,1,0.0587,0,0,1,0,0.0676,87,0
E000474,S1160,0,0.0292,1,0,1,0,0.4193,80,0
E000475,S0085,1,0.0103,0,0,1,1,0.0236,70,1
E000476,S3293,0,0.3371,0,0,1,0,0.256,59,0
E000477,S0163,1,0.0342,0,0,1,0,0.0477,74,0
E000478,S0317,0,0.0775,0,0,1,0,0.0722,79,0
E000479,S0258,0,0.7463,3,1,0,3,0.8142,23,1
E000480,S0174,0,0.7293,3,1,1,6,0.5255,23,1
E000481,S0177,1,0.1223,0,0,1,0,0.152,71,0
E000482,S3904,1,0.0719,0,0,1,0,0.0169,89,0
E000483,S3322,0,0.0863,0,1,1,1,0.1941,69,0
E000484,S0058,1,0.0647,0,0,1,0,0.0106,53,0
E000485,S2303,1,0.0376,0,0,1,0,0.1289,78,1
E000486,S2592,0,0.8189,2,0,0,1,0.659,58,1
E000487,S0669,0,0.6651,1,1,1,0,0.6988,52,1
E000488,S2788,1,0.0282,0,0,1,0,0.0618,77,0
E000489,S0044,1,0.067,0,0,1,1,0.0592,71,0
E000490,S2822,1,0.0482,0,0,1,0,0.032,76,0
E000491,S0368,1,0.1073,0,0,1,0,0.0794,80,0
E000492,S1408,1,0.0653,0,0,1,0,0.0597,79,0
E000493,S3554,1,0.0412,0,0,1,0,0.0951,68,0
E000494,S1126,0,0.0425,0,0,1,2,0.0434,79,0
E000495,S0287,0,0.554,3,0,0,3,0.6607,19,1
E000496,S3863,1,0.0689,0,0,1,0,0.022,75,0
E000497,S0225,0,0.697,3,1,0,4,0.6483,21,1
E000498,S3724,1,0.1593,0,0,1,0,0.0409,86,0
E000499,S0581,0,0.4749,0,0,0,1,0.8576,29,1
E000500,S2336,1,0.4313,0,0,0,1,0.3175,34,0
E000501,S3544,0,0.1401,0,0,1,2,0.2078,65,1
E000502,S4159,0,0.1506,0,0,1,1,0.1082,55,0
E000503,S0884,1,0.0691,0,1,1,0,0.0509,70,0
E000504,S1110,1,0.2809,0,0,0,0,0.417,82,0
E000505,S2551,0,0.4924,0,0,0,0,0.4759,69,0
E000506,S0244,0,0.8078,0,1,1,3,0.7104,20,1
E000507,S2730,0,0.1335,0,0,1,0,0.1403,77,0
E000508,S3868,0,0.0443,0,0,1,0,0.1033,74,0
E000509,S1633,1,0.7101,4,1,0,2,0.8051,26,1
E000510,S0953,0,0.169,0,1,1,0,0.1277,52,1
E000511,S1842,1,0.233,0,0,1,0,0.3619,72,1
E000512,S1711,0,0.1079,0,0,1,0,0.1503,68,0
E000513,S0221,0,0.2539,0,0,0,1,0.2734,72,1
E000514,S3514,1,0.1151,0,0,1,0,0.5153,89,0
E000515,S3333,1,0.0587,0,0,1,0,0.2293,86,0
E000516,S0262,0,0.5601,0,0,1,1,0.3223,55,0
E000517,S0482,1,0.0847,0,0,1,0,0.2688,95,0
E000518,S0005,0,0.6421,0,1,0,1,0.635,18,1
E000519,S0018,1,0.8816,6,0,0,4,0.626,18,1
E000520,S1095,0,0.8026,2,1,0,0,0.4115,38,1
E000521,S0287,0,0.3971,2,1,1,4,0.5173,14,1
E000522,S0119,1,0.454,0,1,0,2,0.2326,22,0
E000523,S2053,1,0.0499,1,0,1,0,0.5982,69,0
E000524,S2418,1,0.0685,0,0,1,0,0.086,85,0
E000525,S3471,1,0.0786,0,0,1,0,0.0716,75,0
E000526,S0156,1,0.4984,0,1,0,3,0.1427,48,1
E000527,S0066,1,0.6485,0,0,1,4,0.4012,35,0
E000528,S2681,1,0.0892,0,0,1,0,0.0764,89,0
E000529,S3447,0,0.169,0,1,1,0,0.0909,79,0
E000530,S3139,0,0.1777,0,0,1,0,0.024,77,0
E000531,S3563,0,0.3579,1,1,1,0,0.4248,50,1
E000532,S0911,1,0.4417,0,1,1,1,0.4739,19,1
E000533,S2571,0,0.1144,0,0,1,0,0.0494,43,0
E000534,S0058,0,0.3264,0,1,1,3,0.455,34,1
E000535,S3690,1,0.198,0,0,1,0,0.0153,88,0
E000536,S0324,1,0.0553,0,0,1,0,0.6274,88,0
E000537,S0247,0,0.6331,1,0,0,5,0.0868,25,1
E000538,S4004,0,0.0784,0,0,1,1,0.0289,72,0
E000539,S1858,1,0.047,0,0,1,0,0.0143,71,0
E000540,S0230,0,0.6894,4,0,0,6,0.5929,23,1
E000541,S3357,0,0.0451,0,0,0,0,0.0649,71,0
E000542,S2693,0,0.0269,0,1,1,0,0.1401,76,0
E000543,S0117,0,0.6009,4,1,0,3,0.6073,33,1
E000544,S3403,1,0.1008,0,1,1,0,0.1364,63,0
E000545,S2247,1,0.2197,0,0,1,0,0.0482,62,0
E000546,S3460,1,0.0564,0,0,1,0,0.1252,83,0
E000547,S1314,1,0.0417,0,0,1,0,0.1144,77,0
E000548,S1030,1,0.1318,0,0,1,0,0.0352,87,0
E000549,S1714,1,0.0892,0,0,1,1,0.0304,75,0
E000550,S2385,1,0.0127,0,0,1,0,0.0632,80,0
E000551,S0804,1,0.3929,0,0,1,1,0.3634,50,0
E000552,S1262,0,0.0991,0,0,1,0,0.0413,54,0
E000553,S2068,1,0.1256,0,0,1,0,0.0344,65,0
E000554,S2599,0,0.0963,1,0,1,0,0.0577,67,0
E000555,S0080,0,0.4435,1,0,0,7,0.644,23,1
E000556,S1236,0,0.5995,2,0,1,0,0.3928,72,0
E000557,S0402,1,0.0632,0,1,1,0,0.0239,82,0
E000558,S2697,1,0.1265,1,0,1,0,0.0981,80,0
E000559,S0498,0,0.3107,2,0,1,0,0.2313,62,1
E000560,S3102,1,0.6126,3,1,1,0,0.6942,40,0
E000561,S0452,1,0.0749,0,0,1,0,0.0486,63,0
E000562,S0989,1,0.0442,0,0,1,0,0.1219,78,0
E000563,S0545,0,0.2154,0,0,1,0,0.2503,41,0
E000564,S3424,1,0.1397,0,0,1,0,0.1088,86,0
E000565,S2961,1,0.0796,0,1,1,0,0.0394,76,0
E000566,S0762,1,0.1749,0,0,1,0,0.4993,61,0
E000567,S0716,1,0.0676,0,0,1,0,0.5324,79,0
E000568,S0161,0,0.3245,1,1,0,5,0.6228,17,1
E000569,S2065,0,0.3563,0,0,1,1,0.1992,59,0
E000570,S0288,0,0.5625,0,0,0,1,0.1872,56,1
E000571,S2554,1,0.4294,0,0,1,0,0.2254,68,0
E000572,S1162,0,0.1938,0,0,0,1,0.7848,71,1
E000573,S0143,1,0.4478,0,1,1,6,0.2966,60,1
E000574,S3316,1,0.3478,1,0,1,1,0.7117,72,1
E000575,S0019,0,0.2739,1,0,1,3,0.2764,49,1
E000576,S0399,1,0.1504,0,0,1,0,0.121,86,0
E000577,S0172,1,0.4161,1,0,1,7,0.6808,24,1
E000578,S0317,1,0.0567,0,0,1,0,0.1081,78,0
E000579,S3587,1,0.1191,0,0,1,0,0.0788,94,0
E000580,S0890,0,0.3964,0,0,1,0,0.4222,69,0
E000581,S4084,0,0.5836,5,0,0,0,0.8662,22,1
E000582,S3986,0,0.0633,0,0,1,0,0.1691,64,0
E000583,S0131,0,0.8109,1,1,1,2,0.3729,35,1
E000584,S1434,1,0.2172,0,0,1,0,0.1465,92,0
E000585,S0302,0,0.095,0,0,1,0,0.0506,57,0
E000586,S4045,0,0.1922,0,0,1,0,0.0601,43,0
E000587,S2490,0,0.8945,1,0,0,1,0.6135,48,1
E000588,S2024,0,0.5253,5,1,1,0,0.7157,52,1
E000589,S3173,0,0.0507,0,0,1,0,0.0945,100,1
E000590,S1445,1,0.039,1,0,1,1,0.1684,84,0
E000591,S3441,0,0.0857,0,0,1,0,0.2732,77,0
E000592,S3990,1,0.7415,0,0,1,0,0.4292,35,1
E000593,S1999,1,0.1002,0,1,1,0,0.1072,92,0
E000594,S3926,1,0.0957,0,0,1,0,0.4821,87,0
E000595,S3180,0,0.04,0,0,0,0,0.4174,81,0
E000596,S4091,0,0.4601,5,1,1,0,0.6915,13,1
E000597,S0260,0,0.8252,1,0,0,2,0.5325,26,1
E000598,S0626,0,0.2223,0,0,1,0,0.1413,69,0
E000599,S3465,1,0.0872,0,0,1,0,0.0976,76,0
E000600,S1229,1,0.0437,0,0,1,0,0.0589,78,0
E000601,S3443,1,0.2384,0,0,1,0,0.0921,82,0
E000602,S2591,1,0.0256,0,0,1,0,0.0719,84,0
E000603,S0050,0,0.4377,0,1,0,2,0.7931,50,1
E000604,S0263,0,0.5275,1,1,0,0,0.7376,13,1
E000605,S2406,0,0.0053,0,1,1,0,0.0251,67,0
E000606,S3818,0,0.6965,2,1,0,0,0.8397,43,1
E000607,S0461,1,0.5338,0,0,1,0,0.2515,61,1
E000608,S1329,1,0.062,0,0,1,0,0.1533,81,0
E000609,S1134,1,0.0992,0,0,1,0,0.0715,91,0
E000610,S3153,1,0.1242,0,0,1,0,0.0545,77,1
E000611,S0015,0,0.3565,1,0,1,3,0.7569,39,1
E000612,S1682,1,0.1724,0,0,1,0,0.0891,73,0
E000613,S0123,0,0.3639,2,0,1,2,0.221,71,1
E000614,S0611,1,0.5464,0,1,1,2,0.3423,50,0
E000615,S3677,0,0.0539,0,0,1,0,0.2124,62,0
E000616,S2811,0,0.452,1,0,0,0,0.6222,8,1
E000617,S0148,1,0.435,0,0,1,0,0.4196,61,1
E000618,S2276,0,0.4641,2,1,0,0,0.648,19,1
E000619,S3429,1,0.1397,0,0,1,0,0.1648,80,0
E000620,S3092,1,0.1692,0,0,1,0,0.1813,74,0
E000621,S3863,0,0.6945,1,1,0,0,0.5626,45,1
E000622,S0255,0,0.816,7,1,0,2,0.5233,32,1
E000623,S2341,1,0.094,0,0,1,0,0.0799,90,0
E000624,S2895,1,0.5084,1,0,1,2,0.3408,56,0
E000625,S3059,0,0.4616,2,0,1,2,0.4045,54,1
E000626,S3951,0,0.1956,0,0,1,0,0.3383,50,1
E000627,S2330,1,0.0838,0,0,1,0,0.0491,87,0
E000628,S0073,1,0.0932,1,1,1,0,0.1383,74,0
E000629,S0275,0,0.7269,3,1,0,4,0.4613,16,1
E000630,S3789,0,0.0963,0,0,1,0,0.0852,80,0
E000631,S1969,1,0.3419,2,0,1,1,0.2267,75,0
E000632,S4070,1,0.298,1,1,1,0,0.063,63,1
E000633,S1367,0,0.0401,0,0,1,0,0.0781,72,0
E000634,S0186,0,0.9292,2,1,1,3,0.8184,22,1
E000635,S2723,1,0.0577,1,0,1,0,0.439,80,0
E000636,S1473,0,0.7801,1,1,1,0,0.8447,39,1
E000637,S0157,0,0.7049,3,0,1,4,0.7574,23,1
E000638,S0218,1,0.5875,1,0,1,1,0.3333,29,1
E000639,S0730,0,0.4393,0,0,0,1,0.4142,76,0
E000640,S2229,1,0.0497,0,0,1,0,0.0308,86,0
E000641,S0309,0,0.0282,1,1,1,0,0.0819,72,0
E000642,S2290,0,0.0519,1,0,1,0,0.1377,55,0
E000643,S2820,0,0.0753,0,0,1,1,0.1616,67,0
E000644,S0053,0,0.8014,2,1,1,3,0.6356,39,1
E000645,S2441,0,0.348,0,0,0,0,0.312,47,0
E000646,S3273,1,0.1861,0,0,1,0,0.0771,90,0
E000647,S1602,1,0.0342,0,0,1,0,0.1401,72,0
E000648,S0031,0,0.6093,6,1,0,3,0.7106,10,1
E000649,S0783,1,0.1536,0,0,1,0,0.0729,94,0
E000650,S2936,1,0.0887,1,0,1,0,0.0877,88,0
E000651,S0083,0,0.5395,0,0,1,1,0.5216,33,1
E000652,S0147,0,0.0879,0,0,1,0,0.0676,70,0
E000653,S1983,0,0.272,0,0,1,0,0.0742,55,0
E000654,S0442,0,0.0884,1,0,1,0,0.3164,88,0
E000655,S0212,0,0.8384,5,0,0,2,0.3501,9,1
E000656,S3476,1,0.1164,0,0,1,0,0.3234,73,0
E000657,S2770,1,0.0456,0,0,1,0,0.209,41,0
E000658,S3492,1,0.0918,0,0,1,0,0.1473,85,1
E000659,S0207,0,0.4585,0,0,1,5,0.1866,36,1
E000660,S2947,0,0.4858,0,1,1,1,0.4769,63,1
E000661,S3399,1,0.076,1,0,1,0,0.3954,62,0
E000662,S1614,1,0.0432,0,0,1,0,0.2225,81,0
E000663,S0036,0,0.7272,4,1,0,4,0.9526,12,1
E000664,S3843,1,0.3694,1,1,0,0,0.765,70,0
E000665,S3791,1,0.0835,0,0,1,0,0.1865,73,0
E000666,S0230,0,0.5479,0,0,1,2,0.3737,31,1
E000667,S3168,1,0.0279,0,0,1,0,0.1433,78,0
E000668,S1377,0,0.6501,1,1,1,1,0.4547,28,1
E000669,S0719,0,0.1305,0,0,1,0,0.5396,80,0
E000670,S1683,1,0.0453,1,0,1,0,0.1525,90,0
E000671,S1314,1,0.1304,2,1,1,0,0.2008,83,0
E000672,S0165,1,0.0515,0,0,1,0,0.0615,73,0
E000673,S0085,1,0.6862,0,0,1,8,0.3078,56,1
E000674,S0930,1,0.0551,0,0,1,0,0.025,70,0
E000675,S2853,1,0.5855,1,0,1,0,0.1192,62,0
E000676,S0310,1,0.0651,0,1,0,0,0.0932,86,0
E000677,S2085,0,0.6028,1,0,0,1,0.6544,40,0
E000678,S2232,1,0.0827,1,1,1,0,0.0615,69,0
E000679,S0949,0,0.3966,0,1,1,1,0.5141,59,1
E000680,S2920,0,0.1302,0,1,1,0,0.1071,66,0
E000681,S0953,1,0.049,1,0,1,0,0.3664,81,0
E000682,S0171,1,0.4947,2,0,1,4,0.2327,36,1
E000683,S1878,1,0.0368,0,0,1,0,0.0151,92,0
E000684,S2795,0,0.3185,1,0,1,0,0.4527,75,1
E000685,S1671,1,0.1345,0,0,1,0,0.0242,86,0
E000686,S3444,1,0.3276,0,1,0,3,0.2675,58,1
E000687,S2570,1,0.0962,0,0,1,0,0.0962,74,1
E000688,S4119,0,0.0556,0,1,1,0,0.1166,98,0
E000689,S1307,0,0.0247,1,0,1,0,0.012,50,0
E000690,S0530,1,0.1715,0,0,1,0,0.1968,60,0
E000691,S0188,1,0.2667,2,1,1,5,0.3205,25,1
E000692,S0623,1,0.0662,0,0,1,0,0.0453,77,0
E000693,S3007,1,0.0687,0,0,1,0,0.0176,86,0
E000694,S3547,1,0.0274,0,0,1,0,0.0511,94,0
E000695,S2901,1,0.0189,0,1,1,0,0.4597,93,0
E000696,S2390,0,0.7118,3,1,1,1,0.6512,42,1
E000697,S1039,1,0.157,0,0,1,0,0.3676,84,0
E000698,S4011,1,0.0684,0,0,1,0,0.0524,66,0
E000699,S3311,0,0.0406,2,0,1,0,0.092,59,0
E000700,S1679,1,0.0556,1,1,1,0,0.1927,79,0
E000701,S3703,0,0.2668,0,1,1,0,0.089,89,1
E000702,S0269,0,0.3628,0,0,1,3,0.1893,38,1
E000703,S0008,0,0.7736,1,1,0,2,0.7545,45,0
E000704,S1426,1,0.0764,0,0,1,0,0.1654,81,0
E000705,S2099,0,0.1205,0,0,1,0,0.2138,66,1
E000706,S2852,0,0.0941,1,0,1,0,0.034,89,0
E000707,S1291,1,0.0071,0,0,1,0,0.0311,85,0
E000708,S2613,0,0.0658,0,0,1,0,0.2061,48,0
E000709,S2615,1,0.1192,0,0,1,0,0.2496,69,0
E000710,S2308,0,0.1048,0,0,1,0,0.0553,51,0
E000711,S1600,1,0.4643,1,1,0,0,0.637,44,0
E000712,S0235,0,0.2475,0,0,1,2,0.6447,48,1
E000713,S0844,0,0.5976,0,0,1,2,0.1714,37,0
E000714,S0087,1,0.2152,0,0,1,2,0.5829,57,1
E000715,S1420,1,0.0926,1,0,1,0,0.0721,90,0
E000716,S0479,1,0.1868,1,0,1,0,0.2195,75,0
E000717,S3145,0,0.3406,4,1,1,0,0.455,35,0
E000718,S3610,1,0.0515,0,1,1,0,0.0307,76,0
E000719,S0186,0,0.5471,0,0,0,5,0.4605,33,1
E000720,S1090,0,0.5353,0,1,0,2,0.4681,85,0
E000721,S2449,1,0.5533,0,0,1,0,0.369,35,0
E000722,S3357,1,0.1777,0,0,1,0,0.123,80,0
E000723,S2219,1,0.023,0,0,1,0,0.0663,73,0
E000724,S0084,0,0.3963,1,1,0,3,0.2672,38,1
E000725,S3541,1,0.0413,0,0,1,0,0.0402,88,0
E000726,S0015,1,0.7319,3,0,0,1,0.8633,49,1
E000727,S0213,0,0.3493,0,1,1,1,0.0724,66,0
E000728,S2052,0,0.2748,0,0,1,0,0.0264,52,0
E000729,S0370,0,0.1404,0,0,0,0,0.0683,70,1
E000730,S4065,0,0.3691,0,0,1,1,0.3165,50,1
E000731,S1476,1,0.0535,2,1,1,0,0.1345,67,1
E000732,S0082,1,0.0124,0,0,1,0,0.1571,75,0
E000733,S0819,1,0.1786,0,1,1,0,0.2709,79,0
E000734,S0091,1,0.1138,0,0,1,0,0.0382,74,0
E000735,S1943,1,0.0329,0,0,1,0,0.0671,85,0
E000736,S2013,1,0.0443,0,0,1,0,0.107,87,0
E000737,S0310,1,0.303,0,1,1,0,0.5624,73,0
E000738,S2199,1,0.0355,0,1,1,0,0.263,71,0
E000739,S4042,1,0.0484,0,0,1,0,0.2205,84,0
E000740,S2661,1,0.0627,0,0,1,0,0.1698,88,0
E000741,S3882,0,0.5861,4,1,0,0,0.8973,20,1
E000742,S2979,0,0.012,0,0,1,0,0.0411,73,0
E000743,S0090,0,0.6912,2,1,1,3,0.8578,24,1
E000744,S0689,0,0.2539,0,0,1,0,0.2202,83,0
E000745,S2533,0,0.5422,1,0,1,0,0.6894,31,1
E000746,S0203,0,0.5625,0,0,1,4,0.2866,59,1
E000747,S0796,0,0.5832,1,0,1,0,0.7242,70,0
E000748,S0255,0,0.4288,1,1,1,1,0.5005,100,1
E000749,S3941,1,0.0695,0,0,1,0,0.051,66,0
E000750,S0137,0,0.5178,2,1,0,2,0.3488,30,1
E000751,S3299,1,0.06,0,1,0,0,0.556,83,0
E000752,S1588,1,0.1067,0,0,1,0,0.0421,72,0
E000753,S3981,1,0.5286,0,0,1,0,0.5939,60,0
E000754,S3633,1,0.0398,0,0,1,0,0.1736,56,0
E000755,S1457,0,0.5047,1,1,1,0,0.4147,41,0
E000756,S2424,1,0.0523,0,0,1,0,0.0074,67,0
E000757,S0144,0,0.5562,2,1,0,2,0.6937,0,1
E000758,S1719,1,0.0781,0,0,1,0,0.089,42,0
E000759,S2607,1,0.0378,1,0,1,0,0.0331,65,0
E000760,S0376,1,0.0637,0,0,1,0,0.7238,79,0
E000761,S2653,1,0.07,0,0,1,0,0.3678,79,0
E000762,S3079,1,0.6816,5,0,1,1,0.7955,24,1
E000763,S1528,1,0.4371,0,0,0,1,0.8031,61,0
E000764,S3768,0,0.0209,0,0,1,0,0.1025,81,0
E000765,S3209,1,0.1203,0,0,1,0,0.2001,86,0
E000766,S0286,1,0.0381,0,0,1,0,0.1633,76,0
E000767,S3642,1,0.2581,0,1,1,0,0.1239,86,0
E000768,S2882,1,0.0654,0,0,1,0,0.8587,66,1
E000769,S0163,1,0.5603,0,0,1,6,0.5755,45,1
E000770,S2692,0,0.0984,0,1,1,0,0.1132,71,1
E000771,S0081,0,0.631,0,1,0,2,0.5786,51,1
E000772,S3801,0,0.1052,0,0,1,0,0.0534,64,0
E000773,S3099,1,0.3675,0,0,1,0,0.629,54,1
E000774,S0132,0,0.4421,0,0,1,5,0.677,36,1
E000775,S1716,0,0.061,1,0,1,0,0.0419,77,0
E000776,S0567,0,0.4802,1,0,1,1,0.754,15,1
E000777,S2869,0,0.2969,3,1,1,0,0.7431,23,0
E000778,S0299,0,0.8055,6,1,0,2,0.6822,14,1
E000779,S3506,1,0.0543,0,0,1,0,0.5427,81,0
E000780,S4049,1,0.0491,0,0,1,0,0.0435,100,0
E000781,S3377,0,0.2464,1,0,1,0,0.1197,55,0
E000782,S2656,1,0.1006,2,0,1,0,0.0353,75,1
E000783,S0586,1,0.0455,0,0,1,0,0.0463,82,0
E000784,S0365,1,0.0761,0,1,1,0,0.1042,74,0
E000785,S1644,1,0.049,0,0,1,0,0.0972,90,0
E000786,S2120,0,0.1925,0,1,1,0,0.1268,60,0
E000787,S0047,0,0.5105,5,1,1,2,0.6698,33,1
E000788,S0288,0,0.9234,4,0,1,2,0.6084,12,1
E000789,S1195,1,0.1774,0,0,1,0,0.0831,76,0
E000790,S0729,1,0.0718,1,1,0,0,0.3288,63,0
E000791,S1945,1,0.028,0,0,1,0,0.2489,66,0
E000792,S3430,0,0.52,0,0,0,1,0.3617,53,1
E000793,S3196,1,0.4651,0,0,1,0,0.4978,72,0
E000794,S0198,0,0.1692,0,1,1,0,0.1317,54,0
E000795,S1213,1,0.4814,1,0,1,3,0.3679,36,1
E000796,S3064,1,0.0678,0,0,1,0,0.1058,79,0
E000797,S0228,1,0.0691,0,0,1,0,0.155,60,0
E000798,S1924,1,0.3412,1,0,1,0,0.6437,70,0
E000799,S3742,0,0.1014,0,0,1,0,0.0992,82,0
E000800,S2256,1,0.0865,0,0,1,0,0.0962,84,0
E000801,S3439,1,0.0993,0,0,1,0,0.095,79,0
E000802,S1915,1,0.2884,0,0,1,0,0.1187,68,0
E000803,S0973,1,0.1147,0,1,1,0,0.1257,78,0
E000804,S0786,1,0.0801,0,0,1,0,0.0565,81,0
E000805,S4082,0,0.2305,1,0,0,1,0.3565,32,0
E000806,S0300,1,0.2632,1,1,1,4,0.2398,35,1
E000807,S0954,0,0.0378,0,0,1,0,0.2948,73,0
E000808,S0065,1,0.2156,0,0,1,0,0.5428,65,0
E000809,S0245,1,0.2743,1,1,0,2,0.5768,19,1
E000810,S0188,1,0.2858,1,0,1,5,0.2396,25,1
E000811,S1919,1,0.1184,0,0,1,0,0.0497,84,0
E000812,S0280,0,0.4316,1,1,1,4,0.209,30,0
E000813,S2190,1,0.1302,1,0,1,0,0.074,90,0
E000814,S2883,0,0.6537,1,1,0,2,0.2952,15,1
E000815,S0191,0,0.58,2,1,0,3,0.7758,39,1
E000816,S2137,0,0.2647,0,0,1,0,0.9221,88,1
E000817,S2438,1,0.0712,0,0,1,0,0.0166,86,0
E000818,S0887,0,0.6544,4,1,0,1,0.5865,46,1
E000819,S2283,1,0.162,0,0,1,0,0.1001,90,0
E000820,S1297,0,0.271,3,0,1,1,0.742,15,1
E000821,S1860,0,0.0582,0,0,1,0,0.1757,72,0
E000822,S0923,1,0.1021,0,0,1,0,0.07,82,0
E000823,S1145,1,0.1116,0,1,1,0,0.0798,54,0
E000824,S3686,1,0.0593,0,0,1,0,0.0047,86,0
E000825,S0091,0,0.3766,2,0,1,3,0.7644,15,1
E000826,S0673,1,0.0983,0,0,1,0,0.6478,96,0
E000827,S1376,0,0.7063,1,1,1,0,0.4704,43,1
E000828,S0282,1,0.2312,0,0,1,0,0.1979,71,0
E000829,S2562,0,0.6113,1,0,0,0,0.0915,72,0
E000830,S2526,0,0.4447,0,0,0,0,0.556,58,1
E000831,S1784,0,0.0691,1,0,1,0,0.0286,81,0
E000832,S1484,1,0.0578,0,0,1,0,0.0697,65,0
E000833,S3646,1,0.0597,0,0,1,0,0.0579,84,0
E000834,S0243,1,0.2858,2,0,1,3,0.5259,40,1
E000835,S3918,0,0.0462,0,0,1,0,0.0999,68,0
E000836,S0059,0,0.721,1,1,0,3,0.7178,42,1
E000837,S3459,0,0.8313,1,0,0,0,0.6515,63,1
E000838,S4058,1,0.0186,0,0,1,0,0.1192,79,0
E000839,S3084,0,0.0173,0,0,1,0,0.0985,63,0
E000840,S0497,1,0.1801,0,0,1,0,0.0604,85,0
E000841,S1372,1,0.018,0,1,1,0,0.1151,89,0
E000842,S0168,1,0.2568,0,0,1,0,0.1192,71,0
E000843,S0906,0,0.4925,0,1,1,1,0.4879,66,0
E000844,S0072,0,0.3334,0,1,1,4,0.3579,34,0
E000845,S1568,1,0.1228,0,0,1,0,0.0871,71,0
E000846,S0177,0,0.5448,1,1,1,1,0.1676,47,1
E000847,S4086,1,0.1544,0,1,1,0,0.6688,76,1
E000848,S0059,1,0.507,1,1,1,3,0.2225,72,1
E000849,S1876,1,0.015,0,0,1,0,0.2261,74,0
E000850,S2174,0,0.0683,0,0,1,0,0.0911,82,0
E000851,S0840,1,0.0232,0,0,1,0,0.0556,84,0
E000852,S0233,0,0.4956,1,0,0,5,0.9143,23,1
E000853,S2611,1,0.069,0,1,1,0,0.0215,82,0
E000854,S2602,1,0.307,0,0,0,0,0.5507,100,0
E000855,S1607,1,0.0625,0,0,1,0,0.7048,100,0
E000856,S2572,1,0.0018,0,0,1,0,0.5308,71,0
E000857,S0011,0,0.3633,2,0,0,6,0.2626,69,1
E000858,S0103,0,0.7707,5,1,1,3,0.7109,12,1
E000859,S0933,1,0.1118,0,1,1,0,0.1607,58,0
E000860,S1184,0,0.1376,0,0,1,0,0.117,74,0
E000861,S2637,1,0.084,1,0,0,0,0.1679,79,0
E000862,S2297,0,0.0628,0,0,1,0,0.0865,56,0
E000863,S1686,0,0.5872,1,1,1,0,0.3198,76,0
E000864,S2528,0,0.0463,0,0,1,0,0.0265,84,0
E000865,S4069,1,0.1195,0,1,1,0,0.5584,89,0
E000866,S0566,0,0.4406,1,0,0,0,0.523,35,0
E000867,S1335,1,0.0752,0,0,1,0,0.0353,91,0
E000868,S4032,1,0.2326,0,0,1,0,0.2552,86,1
E000869,S3453,1,0.1028,0,0,1,0,0.1944,83,0
E000870,S0239,1,0.3007,0,1,0,5,0.1787,51,1
E000871,S0148,0,0.7059,3,1,0,1,0.4781,39,1
E000872,S3716,0,0.0638,0,0,0,0,0.2959,97,0
E000873,S1259,0,0.4838,0,0,0,0,0.2557,62,0
E000874,S3199,0,0.1218,1,1,1,0,0.0638,67,1
E000875,S3364,1,0.0292,0,0,1,0,0.0304,75,0
E000876,S3324,1,0.2598,0,1,1,0,0.7164,40,0
E000877,S4011,1,0.0489,1,0,1,0,0.3831,88,0
E000878,S0192,1,0.4961,1,0,0,4,0.0758,48,1
E000879,S0496,0,0.0615,0,1,1,0,0.0943,67,0
E000880,S2069,0,0.7683,1,1,0,1,0.9106,42,1
E000881,S2884,1,0.2882,0,0,0,0,0.7348,65,0
E000882,S3544,1,0.0623,0,0,1,0,0.1784,86,0
E000883,S1060,0,0.0183,0,0,1,0,0.0302,78,0
E000884,S0372,1,0.0778,0,0,1,0,0.3978,83,0
E000885,S3059,1,0.3564,0,0,0,0,0.8598,62,0
E000886,S0795,1,0.0095,0,1,1,0,0.0273,79,0
E000887,S0780,1,0.046,0,0,1,0,0.0638,72,0
E000888,S1546,1,0.0495,0,0,1,0,0.6427,62,1
E000889,S3151,1,0.3035,0,0,1,1,0.0741,71,0
E000890,S0113,0,0.7578,5,0,0,4,0.9369,38,1
E000891,S2042,0,0.0295,0,0,0,0,0.2256,95,0
E000892,S0289,1,0.7068,2,1,1,2,0.3653,56,1
E000893,S1379,1,0.0889,1,1,1,0,0.1904,91,0
E000894,S4122,1,0.0864,0,0,1,0,0.1286,83,0
E000895,S2275,1,0.0514,0,0,1,0,0.1978,87,0
E000896,S3390,1,0.0221,0,0,1,0,0.5634,88,0
E000897,S1904,1,0.131,0,0,1,0,0.6065,84,0
E000898,S0416,1,0.1741,0,1,1,0,0.2104,82,0
E000899,S0891,0,0.1058,0,0,1,0,0.0957,64,0
E000900,S2295,0,0.486,3,0,0,1,0.6647,32,1
E000901,S3865,1,0.4672,0,0,1,0,0.465,41,1
E000902,S3017,1,0.117,0,0,1,0,0.0478,87,0
E000903,S4043,1,0.0276,0,0,1,2,0.0712,100,0
E000904,S2334,1,0.0269,1,0,1,0,0.2283,73,0
E000905,S2485,0,0.5742,0,1,1,0,0.4256,46,0
E000906,S1864,0,0.8304,0,1,0,1,0.5555,39,1
E000907,S0091,1,0.3707,0,0,1,3,0.1357,28,1
E000908,S1788,1,0.764,0,0,1,1,0.0929,44,1
E000909,S2331,1,0.0519,1,0,1,0,0.0233,80,0
E000910,S2627,1,0.2358,0,0,1,0,0.0238,55,0
E000911,S1618,1,0.0985,0,1,1,0,0.0467,77,0
E000912,S2667,0,0.606,1,0,1,0,0.4162,52,1
E000913,S3526,0,0.0621,0,1,1,0,0.1536,72,0
E000914,S1290,0,0.1497,0,0,1,1,0.1386,67,0
E000915,S4009,1,0.0747,0,0,1,0,0.0164,78,1
E000916,S0058,0,0.4937,2,1,1,4,0.8018,1,1
E000917,S1842,1,0.0318,0,0,1,0,0.0622,81,0
E000918,S0643,0,0.5567,1,0,1,1,0.6715,77,0
E000919,S2729,0,0.4342,0,1,0,0,0.1316,65,1
E000920,S3712,1,0.0326,0,0,1,0,0.0994,69,0
E000921,S0097,0,0.5374,5,1,0,8,0.9494,8,1
E000922,S3652,1,0.043,0,0,1,0,0.2142,88,0
E000923,S4006,0,0.8302,0,1,0,0,0.6132,38,1
E000924,S2772,0,0.3459,1,0,1,0,0.7429,57,0
E000925,S0229,0,0.2816,1,0,0,5,0.2986,15,1
E000926,S4094,1,0.0733,0,0,1,0,0.1361,100,0
E000927,S0139,0,0.6981,2,1,0,5,0.8063,5,0
E000928,S2048,0,0.2319,0,1,1,2,0.5086,41,1
E000929,S1968,0,0.3835,2,1,1,0,0.3069,10,1
E000930,S3693,1,0.0434,0,1,1,0,0.0918,50,0
E000931,S4035,1,0.0998,0,0,1,0,0.1459,86,0
E000932,S3127,1,0.0531,0,0,1,0,0.4006,74,0
E000933,S1311,1,0.0274,0,0,1,0,0.2419,70,0
E000934,S0746,1,0.0876,0,0,1,0,0.4864,74,0
E000935,S1379,1,0.099,0,0,1,0,0.1174,73,0
E000936,S3643,1,0.0529,0,0,1,0,0.0121,91,0
E000937,S2172,1,0.1409,0,0,1,1,0.1003,68,0
E000938,S0708,0,0.2422,2,0,0,0,0.8327,11,1
E000939,S2098,0,0.013,0,0,1,0,0.3683,66,0
E000940,S2611,0,0.0532,0,0,1,0,0.4396,72,0
E000941,S1854,1,0.0278,0,0,1,0,0.1772,83,0
E000942,S0727,1,0.1712,0,0,1,0,0.4537,74,0
E000943,S0406,1,0.5608,1,0,1,0,0.4975,52,1
E000944,S4006,0,0.4076,0,1,1,1,0.2582,48,0
E000945,S4028,1,0.1164,1,1,1,0,0.5972,80,0
E000946,S2784,1,0.0525,0,0,1,1,0.0821,63,0
E000947,S1353,1,0.1536,0,0,1,0,0.0275,82,0
E000948,S0538,1,0.0199,0,1,1,0,0.0677,55,0
E000949,S0010,0,0.5682,3,0,1,1,0.542,2,1
E000950,S0459,1,0.0291,0,0,1,0,0.1434,73,0
E000951,S1023,1,0.4095,0,0,1,1,0.4189,57,1
E000952,S0802,0,0.1537,0,0,1,1,0.0244,62,0
E000953,S0111,1,0.2933,2,1,1,4,0.4551,43,1
E000954,S2285,1,0.0871,0,1,1,0,0.1074,70,0
E000955,S3463,0,0.1334,2,0,0,0,0.103,83,0
E000956,S0213,0,0.6771,2,0,1,0,0.9238,48,1
E000957,S1808,0,0.1404,0,0,1,0,0.0199,74,0
E000958,S3931,1,0.041,0,0,1,0,0.0871,84,0
E000959,S0321,0,0.2898,0,0,1,0,0.1348,67,0
E000960,S0015,0,0.8055,1,0,0,7,0.6527,13,1
E000961,S2871,1,0.321,0,0,0,1,0.7266,27,1
E000962,S2088,1,0.1133,0,0,1,0,0.005,74,0
E000963,S1638,1,0.0553,0,0,1,0,0.1822,85,0
E000964,S2957,1,0.2304,1,0,1,0,0.087,79,0
E000965,S0236,0,0.3409,2,0,1,6,0.3029,29,0
E000966,S3144,1,0.0642,0,1,1,0,0.0148,67,0
E000967,S3379,0,0.2392,2,0,1,0,0.2411,72,0
E000968,S2107,1,0.2911,0,0,1,0,0.0395,79,0
E000969,S0138,0,0.8645,2,1,0,3,0.8488,55,1
E000970,S0040,0,0.796,2,1,0,2,0.7357,31,1
E000971,S0247,0,0.3478,0,1,0,4,0.4709,55,1
E000972,S0786,1,0.245,2,0,1,0,0.6563,65,0
E000973,S3377,1,0.025,0,0,1,0,0.1067,80,0
E000974,S3703,1,0.0688,0,1,0,0,0.2884,72,0
E000975,S0191,1,0.3143,0,1,0,3,0.1293,48,1
E000976,S0158,1,0.0149,0,0,1,0,0.2111,71,0
E000977,S0225,0,0.8565,1,0,0,5,0.5757,20,1
E000978,S1707,1,0.0421,0,0,1,0,0.1094,72,0
E000979,S0035,1,0.2339,1,0,1,2,0.283,56,1
E000980,S1826,1,0.0462,0,0,1,0,0.1164,74,0
E000981,S1788,1,0.0868,0,0,1,0,0.0289,76,0
E000982,S4059,1,0.1972,0,0,1,0,0.0434,84,0
E000983,S0818,1,0.0668,0,0,1,0,0.0683,75,0
E000984,S3392,0,0.3583,1,1,1,0,0.7914,20,1
E000985,S0380,1,0.0911,0,1,1,0,0.0313,79,0
E000986,S3055,1,0.187,1,0,1,0,0.0271,73,0
E000987,S0162,1,0.48,4,0,0,5,0.2607,67,1
E000988,S2036,1,0.0367,2,1,0,0,0.2953,90,0
E000989,S0457,1,0.1312,0,0,1,0,0.0653,84,0
E000990,S2841,1,0.075,0,0,1,0,0.0099,79,0
E000991,S0066,1,0.065,1,1,1,0,0.2502,72,0
E000992,S1040,0,0.2262,0,0,1,0,0.0194,100,0
E000993,S3148,1,0.0616,0,0,1,0,0.0431,84,0
E000994,S0970,1,0.0632,1,1,1,0,0.1557,71,0
E000995,S1600,1,0.0345,0,0,1,0,0.1659,87,0
E000996,S2895,1,0.0835,0,0,0,0,0.0473,80,0
E000997,S1773,0,0.298,1,0,1,0,0.4488,68,0
E000998,S1566,1,0.4541,0,0,1,0,0.5846,67,0
E000999,S0928,0,0.0525,0,1,1,0,0.1023,71,0
E001000,S2138,1,0.0827,0,0,1,0,0.0022,79,0
E001001,S2554,1,0.1116,0,0,1,0,0.6826,72,0
E001002,S1164,0,0.291,0,0,1,0,0.595,48,1
E001003,S1386,1,0.2105,0,0,1,0,0.1062,81,0
E001004,S0581,1,0.0155,0,0,1,0,0.0892,84,0
E001005,S2008,1,0.1086,0,0,1,0,0.0363,74,0
E001006,S1865,0,0.3956,2,1,1,0,0.3386,32,1
E001007,S0405,1,0.3594,0,0,1,0,0.0725,96,0
E001008,S4156,1,0.0451,0,0,1,0,0.0544,62,0
E001009,S3840,1,0.0324,0,1,1,0,0.1133,94,0
E001010,S0419,1,0.0881,0,1,1,0,0.1361,81,0
E001011,S0081,1,0.4916,1,0,0,0,0.5767,55,0
E001012,S0132,1,0.6085,2,1,1,5,0.4497,53,0
E001013,S1014,1,0.0523,0,1,1,0,0.1267,60,0
E001014,S1231,0,0.7092,5,1,0,0,0.8089,32,0
E001015,S3196,0,0.1228,0,0,1,0,0.1642,92,0
E001016,S1740,1,0.1532,0,0,1,0,0.0331,82,0
E001017,S0235,0,0.7127,7,0,1,5,0.6292,44,1
E001018,S0214,0,0.2069,1,0,1,2,0.559,61,1
E001019,S0274,1,0.5772,1,1,1,6,0.31,30,0
E001020,S1669,1,0.0714,0,0,1,0,0.031,74,0
E001021,S1888,1,0.1685,0,1,1,0,0.0694,49,0
E001022,S0604,1,0.1284,0,1,1,0,0.1064,86,0
E001023,S3548,0,0.1236,0,1,1,0,0.1514,71,0
E001024,S1477,1,0.1523,0,0,1,1,0.0701,82,0
E001025,S0149,0,0.621,2,1,0,1,0.7707,33,0
E001026,S0064,0,0.5637,1,0,0,3,0.607,22,1
E001027,S1852,0,0.0953,0,0,1,0,0.0494,57,0
E001028,S0193,0,0.5968,3,1,0,2,0.6805,29,1
E001029,S3916,0,0.1142,0,0,1,1,0.1218,60,0
E001030,S0804,0,0.1545,0,0,1,0,0.0557,49,0
E001031,S2547,0,0.1348,0,0,0,0,0.0305,84,0
E001032,S2286,1,0.0147,0,0,1,0,0.0819,88,0
E001033,S1687,0,0.5694,2,0,1,0,0.6086,53,1
E001034,S3711,1,0.2164,0,0,1,0,0.1185,82,0
E001035,S1985,0,0.3909,3,0,1,0,0.5382,36,1
E001036,S0170,1,0.3147,1,0,1,4,0.4064,42,1
E001037,S0289,1,0.3494,2,1,0,2,0.3155,71,1
E001038,S1304,1,0.1154,1,0,1,0,0.0336,74,0
E001039,S2112,1,0.1681,0,0,1,0,0.6868,88,1
E001040,S0937,1,0.1023,0,0,1,0,0.0564,77,0
E001041,S0770,1,0.0681,0,0,1,0,0.1432,88,0
E001042,S0188,1,0.7347,0,0,0,4,0.3562,60,1
E001043,S0224,1,0.7206,3,0,0,6,0.4904,1,1
E001044,S4020,1,0.46,1,0,1,1,0.6735,52,1
E001045,S0714,1,0.0747,0,0,1,0,0.0959,67,0
E001046,S3781,0,0.8096,0,0,0,1,0.3283,73,1
E001047,S3157,0,0.5672,0,1,1,0,0.3855,27,1
E001048,S1586,0,0.0535,0,0,1,0,0.0309,45,0
E001049,S3310,0,0.1959,0,0,1,0,0.611,64,0
E001050,S3034,1,0.1646,0,0,1,0,0.046,90,0
E001051,S4028,1,0.0653,0,0,1,0,0.4945,91,0
E001052,S1097,1,0.0403,0,0,1,0,0.1636,89,0
E001053,S0179,1,0.046,0,0,1,0,0.1293,76,0
E001054,S2478,1,0.122,0,0,1,0,0.0636,85,0
E001055,S3304,1,0.0066,0,0,1,0,0.5457,73,0
E001056,S2664,1,0.182,0,1,1,0,0.0923,76,0
E001057,S3457,0,0.053,1,1,0,0,0.1371,58,0
E001058,S3119,1,0.3517,1,0,0,0,0.7588,20,1
E001059,S0267,0,0.8754,8,1,0,4,0.8591,25,1
E001060,S4133,1,0.3487,2,0,0,2,0.4372,30,1
E001061,S3208,0,0.2636,0,0,1,0,0.6032,63,0
E001062,S3164,1,0.0182,0,0,1,0,0.5444,86,0
E001063,S0106,0,0.0686,0,0,1,0,0.0473,72,0
E001064,S0006,1,0.6106,1,1,1,1,0.3449,68,0
E001065,S3569,1,0.0848,1,0,1,0,0.2072,68,1
E001066,S1882,1,0.0492,0,1,1,0,0.1261,83,0
E001067,S2877,0,0.3065,1,0,0,0,0.3884,81,1
E001068,S3045,0,0.8669,1,0,1,1,0.5005,44,0
E001069,S2932,0,0.098,0,0,1,1,0.238,72,0
E001070,S3814,1,0.0779,0,0,1,0,0.0253,86,0
E001071,S0123,1,0.2804,1,0,1,1,0.395,62,0
E001072,S0708,1,0.0523,1,0,1,0,0.0698,99,0
E001073,S3850,0,0.1951,0,0,1,0,0.4,86,0
E001074,S0180,0,0.6086,1,1,1,2,0.7801,0,1
E001075,S1545,1,0.1019,0,0,1,0,0.2432,91,0
E001076,S1591,0,0.0551,0,0,1,0,0.4834,76,0
E001077,S0597,1,0.0917,0,0,1,0,0.1564,100,0
E001078,S2839,0,0.493,0,1,0,0,0.3639,40,1
E001079,S1714,1,0.0971,0,0,1,1,0.0269,98,0
E001080,S0029,1,0.4002,0,0,1,5,0.2263,63,1
E001081,S0165,0,0.6275,3,1,0,2,0.7401,22,1
E001082,S0980,1,0.0753,0,0,0,0,0.215,76,0
E001083,S1122,1,0.1266,1,0,1,0,0.1023,73,0
E001084,S1671,1,0.084,0,0,1,0,0.0505,79,0
E001085,S4077,1,0.0926,0,1,1,0,0.3703,56,0
E001086,S2956,1,0.014,0,0,1,0,0.0728,76,0
E001087,S1875,1,0.0636,0,0,1,0,0.6491,96,0
E001088,S2452,1,0.1958,0,0,1,0,0.0351,82,0
E001089,S0430,1,0.0939,0,0,1,0,0.0699,79,0
E001090,S3234,1,0.0067,0,0,1,0,0.0724,81,0
E001091,S0027,0,0.7691,3,1,0,4,0.4834,10,0
E001092,S0267,1,0.3767,1,0,1,5,0.5701,66,1
E001093,S2877,1,0.0562,0,0,1,1,0.0567,89,0
E001094,S4143,1,0.0265,0,0,1,0,0.0804,85,0
E001095,S0204,0,0.2737,0,0,0,1,0.4241,59,1
E001096,S2475,1,0.2345,0,1,0,0,0.4758,32,1
E001097,S2444,1,0.0613,1,1,1,0,0.1844,82,0
E001098,S0073,0,0.7764,7,0,0,4,0.7947,43,0
E001099,S0254,1,0.249,1,1,1,4,0.263,13,1
E001100,S0270,1,0.5797,6,1,0,3,0.426,30,1
E001101,S0106,1,0.4779,2,0,1,5,0.2497,59,1
E001102,S0240,0,0.3284,2,1,0,4,0.5779,36,1
E001103,S3802,1,0.2037,0,0,1,0,0.2876,84,0
E001104,S0837,1,0.1432,0,1,1,0,0.1526,80,0
E001105,S3646,0,0.4862,2,1,0,0,0.4779,0,1
E001106,S2697,1,0.0877,0,1,1,0,0.1809,60,0
E001107,S2517,1,0.0868,0,0,1,0,0.1008,91,0
E001108,S1345,0,0.1123,1,1,0,0,0.1906,82,0
E001109,S1436,1,0.2522,1,0,0,1,0.422,57,0
E001110,S0162,0,0.8817,2,0,0,3,0.6817,14,1
E001111,S3970,1,0.0398,0,0,1,0,0.1359,79,0
E001112,S3731,0,0.1681,0,0,1,1,0.5254,89,0
E001113,S3107,1,0.5273,3,1,0,0,0.7032,46,1
E001114,S2905,0,0.1549,0,1,1,1,0.4663,59,0
E001115,S3213,0,0.0292,1,1,1,1,0.1941,62,0
E001116,S3819,0,0.419,0,1,1,0,0.2523,70,0
E001117,S1320,1,0.0142,0,0,1,0,0.0548,79,0
E001118,S0196,0,0.059,0,0,1,0,0.0314,60,0
E001119,S1874,0,0.4207,3,0,1,1,0.5058,69,1
E001120,S1726,1,0.0958,0,0,1,0,0.0105,76,0
E001121,S2429,0,0.0794,0,0,1,0,0.0123,59,1
E001122,S2040,1,0.1676,0,0,1,0,0.0905,76,0
E001123,S2920,0,0.1941,0,0,1,0,0.0657,59,1
E001124,S0222,1,0.6067,1,0,1,2,0.2009,47,1
E001125,S3085,0,0.0063,1,0,1,0,0.0801,80,0
E001126,S1240,1,0.1237,0,0,1,0,0.4291,63,0
E001127,S1732,1,0.0598,0,0,1,0,0.0766,58,0
E001128,S1140,1,0.1915,0,0,1,0,0.1194,87,1
E001129,S1856,1,0.1033,0,0,1,0,0.0354,80,0
E001130,S2493,0,0.5131,0,1,1,0,0.4745,66,0
E001131,S2041,1,0.1289,0,1,1,0,0.0969,90,0
E001132,S1953,1,0.042,0,0,1,0,0.1043,63,0
E001133,S2416,1,0.1077,0,0,1,1,0.0453,97,0
E001134,S3369,0,0.8398,2,1,0,1,0.5248,49,1
E001135,S0602,1,0.1412,0,0,1,0,0.0635,95,0
E001136,S0163,0,0.8309,4,0,0,5,0.728,15,1
E001137,S0242,1,0.1518,0,1,1,0,0.015,89,0
E001138,S0655,1,0.1752,0,0,0,1,0.1605,78,1
E001139,S4159,1,0.0481,1,0,1,0,0.1324,87,0
E001140,S3153,1,0.0528,0,0,1,0,0.0586,100,0
E001141,S3537,1,0.0299,0,0,1,0,0.3894,93,0
E001142,S0034,1,0.3732,1,0,1,4,0.333,50,1
E001143,S1785,1,0.2221,0,0,1,0,0.6439,84,0
E001144,S2061,1,0.0425,0,0,1,0,0.0561,66,0
E001145,S3126,0,0.6115,1,1,0,1,0.8232,44,1
E001146,S0133,0,0.7111,4,0,0,3,0.9467,0,1
E001147,S0240,0,0.2123,2,0,1,5,0.2391,32,1
E001148,S2666,1,0.084,0,0,1,0,0.1058,100,0
E001149,S1126,1,0.0651,0,0,1,0,0.8776,74,0
E001150,S2436,0,0.1063,0,0,1,0,0.3028,72,0
E001151,S3919,0,0.2144,0,0,1,0,0.5727,43,0
E001152,S1207,1,0.0496,0,0,1,0,0.0356,81,0
E001153,S4088,1,0.3007,0,0,1,0,0.0411,74,0
E001154,S3177,1,0.1657,0,1,1,0,0.0531,60,0
E001155,S0521,0,0.5055,0,1,1,1,0.6051,91,0
E001156,S1320,1,0.1405,0,0,1,0,0.453,93,0
E001157,S3737,0,0.7824,1,1,0,1,0.6653,78,0
E001158,S2982,0,0.1504,0,0,1,0,0.0457,56,0
E001159,S2187,1,0.1589,0,0,1,0,0.4782,80,0
E001160,S0351,0,0.024,0,0,1,0,0.1188,69,1
E001161,S2407,1,0.0641,0,0,1,0,0.1884,91,0
E001162,S3466,0,0.0507,0,0,1,0,0.568,79,0
E001163,S2826,0,0.0566,0,1,1,0,0.3132,86,0
E001164,S3838,1,0.0727,1,0,1,0,0.0192,77,0
E001165,S0497,0,0.0585,0,0,1,0,0.1415,54,1
E001166,S0090,1,0.1257,0,0,1,0,0.0908,81,0
E001167,S4088,0,0.2368,2,1,0,1,0.5528,54,1
E001168,S3961,1,0.0549,0,0,1,0,0.0663,82,0
E001169,S0048,1,0.5887,1,0,1,4,0.1076,49,1
E001170,S1256,1,0.1641,0,0,1,0,0.0464,63,0
E001171,S2123,0,0.251,0,0,1,0,0.6449,51,0
E001172,S1816,1,0.185,0,1,1,0,0.1802,65,0
E001173,S0636,0,0.5215,0,0,1,0,0.0891,58,0
E001174,S2108,1,0.0375,0,0,1,0,0.0665,94,0
E001175,S3765,0,0.0239,0,0,1,0,0.1002,56,0
E001176,S3403,1,0.1792,0,0,1,0,0.025,100,1
E001177,S0622,0,0.0874,0,0,1,0,0.0533,58,0
E001178,S1222,1,0.0679,0,0,1,0,0.1152,82,0
E001179,S2154,0,0.0094,0,0,1,0,0.1116,83,0
E001180,S2313,0,0.5794,6,0,1,0,0.8155,50,1
E001181,S4160,0,0.057,0,0,1,0,0.0932,65,0
E001182,S0695,0,0.0752,1,0,1,0,0.0338,82,0
E001183,S0382,1,0.021,0,1,1,0,0.1053,87,0
E001184,S3081,0,0.4859,3,0,1,0,0.7692,52,1
E001185,S3607,0,0.2187,0,0,1,0,0.0703,87,0
E001186,S2818,1,0.0305,1,0,1,0,0.723,96,0
E001187,S2401,1,0.2682,0,0,1,0,0.0115,81,0
E001188,S2054,1,0.32,0,0,1,0,0.041,58,0
E001189,S2163,1,0.1185,0,0,1,0,0.1959,81,0
E001190,S4088,1,0.0779,0,0,1,0,0.4723,83,0
E001191,S0448,1,0.1149,0,0,1,0,0.0951,92,0
E001192,S1539,1,0.1622,0,0,1,0,0.3982,67,0
E001193,S2514,1,0.0277,0,0,1,0,0.0154,79,0
E001194,S0211,0,0.3313,1,0,1,0,0.3945,42,1
E001195,S2780,0,0.2211,0,0,1,0,0.1401,89,0
E001196,S3720,1,0.0517,0,0,0,1,0.5401,91,0
E001197,S3109,1,0.0688,0,0,1,1,0.2792,61,0
E001198,S0191,0,0.6169,1,1,0,2,0.7006,2,1
E001199,S0295,1,0.4431,0,0,1,3,0.0779,49,1
E001200,S3785,1,0.0821,0,0,1,0,0.106,78,0
E001201,S0214,0,0.5663,3,1,1,3,0.6908,22,1
E001202,S3733,1,0.0776,0,0,1,0,0.0702,90,0
E001203,S0236,0,0.3489,1,1,0,2,0.3171,48,0
E001204,S3370,0,0.5155,4,0,0,1,0.4188,29,0
E001205,S0432,1,0.0814,0,0,1,0,0.1694,79,0
E001206,S0325,1,0.019,1,0,1,0,0.0669,100,0
E001207,S1114,1,0.1874,1,0,1,0,0.1044,88,0
E001208,S3507,0,0.7596,2,1,0,0,0.6257,61,0
E001209,S1954,1,0.0927,1,0,0,0,0.0675,70,1
E001210,S4197,0,0.6074,0,0,0,0,0.2065,31,0
E001211,S1828,1,0.4472,1,0,1,0,0.4809,43,1
E001212,S2661,1,0.0933,0,0,1,0,0.2221,91,0
E001213,S0213,1,0.5288,1,0,1,7,0.4495,55,1
E001214,S4192,1,0.0445,0,1,0,0,0.1681,81,0
E001215,S0117,1,0.0826,1,0,1,1,0.5813,32,0
E001216,S2285,0,0.8183,0,1,1,1,0.5207,23,1
E001217,S2712,1,0.0386,0,0,1,0,0.0955,84,0
E001218,S0172,0,0.0173,0,0,1,0,0.0372,95,0
E001219,S1180,1,0.0476,0,0,1,0,0.2081,77,0
E001220,S1709,1,0.0152,0,1,1,0,0.021,84,0
E001221,S0228,1,0.1587,0,0,1,0,0.0062,85,0
E001222,S1134,1,0.0347,0,0,1,0,0.0486,67,0
E001223,S1636,1,0.0745,0,0,1,0,0.097,79,0
E001224,S0329,1,0.1522,0,0,1,0,0.0383,75,0
E001225,S4190,1,0.0604,0,0,1,0,0.0332,72,0
E001226,S1545,0,0.5371,5,1,0,2,0.6501,25,1
E001227,S3304,1,0.2118,0,0,0,2,0.3553,68,0
E001228,S0500,0,0.7354,4,1,0,0,0.8718,31,1
E001229,S3093,0,0.2181,0,0,1,1,0.3756,58,1
E001230,S2298,1,0.0316,0,1,1,0,0.1509,73,1
E001231,S0084,1,0.1059,0,1,1,0,0.1228,100,0
E001232,S2868,1,0.0916,0,0,1,0,0.084,70,0
E001233,S0212,1,0.06,0,0,1,0,0.1004,76,0
E001234,S0227,1,0.125,0,0,1,0,0.1129,100,0
E001235,S1020,1,0.2483,0,0,1,0,0.0434,58,0
E001236,S2246,1,0.0723,0,0,1,0,0.0274,72,0
E001237,S0211,1,0.0386,0,0,1,0,0.5224,72,0
E001238,S2979,1,0.0532,0,0,1,0,0.1708,90,0
E001239,S1924,1,0.0823,0,0,1,0,0.0166,86,0
E001240,S0661,0,0.0502,0,0,1,0,0.022,56,0
E001241,S0985,1,0.0457,0,0,1,0,0.1428,60,0
E001242,S3991,1,0.0323,0,0,1,0,0.0203,88,0
E001243,S4033,0,0.2607,0,1,1,2,0.6075,89,1
E001244,S3923,1,0.0634,0,0,1,0,0.1088,64,0
E001245,S3794,1,0.0853,0,1,1,0,0.3043,59,0
E001246,S3555,1,0.094,0,0,1,0,0.3427,91,0
E001247,S1305,1,0.2508,2,1,0,1,0.3784,78,0
E001248,S2864,1,0.038,0,0,1,0,0.4015,69,0
E001249,S1918,0,0.0346,1,1,1,1,0.0851,72,0
E001250,S1399,0,0.4548,1,0,0,0,0.4282,40,0
E001251,S0300,1,0.2475,0,0,1,0,0.0363,88,0
E001252,S1775,0,0.2089,0,1,1,0,0.7274,57,0
E001253,S2835,0,0.4857,2,0,1,1,0.6846,66,0
E001254,S0092,0,0.7726,6,0,0,6,0.8033,20,1
E001255,S0899,0,0.7007,3,0,0,0,0.5299,0,1
E001256,S1808,0,0.1711,0,0,1,0,0.0521,78,0
E001257,S1941,0,0.1698,0,0,1,0,0.7336,86,0
E001258,S1415,0,0.0375,0,0,1,0,0.5089,82,0
E001259,S1858,1,0.0432,0,1,1,1,0.3734,81,0
E001260,S2190,1,0.1587,0,0,1,0,0.0795,84,0
E001261,S3637,1,0.0854,0,0,1,0,0.0907,76,0
E001262,S2158,0,0.0932,0,0,1,0,0.2111,84,0
E001263,S1771,1,0.103,0,0,1,0,0.0839,89,0
E001264,S3321,0,0.2139,0,1,1,0,0.0686,72,0
E001265,S2294,0,0.0835,0,0,1,0,0.0431,78,0
E001266,S1632,1,0.0633,0,1,1,0,0.1492,61,0
E001267,S3373,0,0.8208,5,1,1,0,0.34,12,1
E001268,S1317,1,0.0872,0,0,1,0,0.1777,59,0
E001269,S2311,1,0.026,0,0,1,0,0.0602,82,0
E001270,S1941,1,0.1726,0,1,0,0,0.0314,69,0
E001271,S0185,1,0.0587,0,0,1,0,0.0698,75,0
E001272,S0047,1,0.6624,0,0,1,5,0.2003,60,1
E001273,S0187,0,0.8368,4,1,0,5,0.4015,42,1
E001274,S3853,1,0.0078,0,0,1,1,0.0567,84,0
E001275,S1058,0,0.0556,1,0,1,1,0.0626,74,0
E001276,S1776,1,0.0233,0,1,1,0,0.3401,79,0
E001277,S1430,1,0.06,0,0,1,0,0.1866,75,0
E001278,S2148,0,0.7529,0,0,1,1,0.5776,68,1
E001279,S0275,0,0.598,1,0,1,1,0.6648,51,1
E001280,S3284,0,0.1057,0,0,1,0,0.0447,77,1
E001281,S3821,0,0.2508,0,0,1,0,0.5111,52,0
E001282,S1290,0,0.9072,3,1,1,1,0.8382,34,1
E001283,S3062,1,0.1625,0,0,1,0,0.55,79,0
E001284,S0838,1,0.0985,0,1,1,0,0.2685,65,0
E001285,S0549,0,0.802,0,1,1,0,0.6725,63,1
E001286,S3060,1,0.0456,0,0,1,0,0.0365,96,0
E001287,S0346,1,0.1767,0,1,1,1,0.152,89,1
E001288,S0242,0,0.5036,0,1,0,1,0.3582,49,1
E001289,S3903,0,0.4845,3,1,1,2,0.6313,39,1
E001290,S1215,0,0.0327,1,0,1,0,0.0965,60,0
E001291,S2437,1,0.0407,0,0,1,0,0.1304,85,0
E001292,S1027,1,0.1466,0,0,1,1,0.0352,93,0
E001293,S4060,0,0.8298,0,0,0,2,0.6943,31,1
E001294,S2192,1,0.0915,0,0,1,0,0.0885,89,0
E001295,S3005,1,0.0906,0,1,1,0,0.4063,80,0
E001296,S1759,1,0.0265,0,1,1,0,0.1009,78,0
E001297,S3119,1,0.0304,0,1,1,0,0.039,87,0
E001298,S4137,1,0.0702,0,0,1,0,0.0365,82,0
E001299,S0402,1,0.2026,0,0,1,0,0.0733,68,0
E001300,S3552,1,0.908,3,1,0,0,0.5824,29,1
E001301,S1882,0,0.516,0,1,1,0,0.3303,50,0
E001302,S3690,1,0.3463,0,0,0,0,0.5114,100,0
E001303,S0371,0,0.6277,7,0,0,0,0.9429,54,1
E001304,S3950,1,0.0914,0,0,1,0,0.1068,77,0
E001305,S0247,0,0.0677,1,1,1,0,0.0919,47,0
E001306,S0088,1,0.2708,0,0,1,1,0.2132,53,0
E001307,S2530,1,0.0269,0,0,1,0,0.0423,98,0
E001308,S1932,1,0.2111,0,0,1,0,0.666,78,0
E001309,S3048,0,0.1742,0,0,1,0,0.0822,73,0
E001310,S0620,1,0.1651,0,0,1,0,0.0775,81,0
E001311,S3291,1,0.2918,1,0,1,1,0.5993,35,0
E001312,S2963,1,0.1792,1,0,1,0,0.5196,67,0
E001313,S0529,0,0.1293,1,0,1,0,0.1531,86,0
E001314,S3298,1,0.1988,0,0,1,0,0.0237,79,0
E001315,S0663,1,0.1168,0,1,1,0,0.0632,73,0
E001316,S0424,0,0.2772,0,0,1,0,0.1685,62,0
E001317,S1207,0,0.1494,0,0,1,0,0.277,77,0
E001318,S2188,1,0.1026,0,1,1,0,0.0886,82,0
E001319,S1762,1,0.2623,0,0,1,0,0.0209,73,0
E001320,S2773,1,0.0514,0,0,1,0,0.0352,80,0
E001321,S0111,0,0.8212,5,1,1,5,0.4659,27,1
E001322,S2271,0,0.8222,2,0,0,0,0.6109,66,1
E001323,S1264,1,0.0131,0,0,0,0,0.0986,78,0
E001324,S0210,1,0.0428,0,1,1,0,0.0851,81,0
E001325,S1242,0,0.1227,0,1,1,0,0.1109,67,0
E001326,S1466,1,0.1735,0,0,1,0,0.1416,82,0
E001327,S0285,1,0.6387,2,1,0,5,0.9143,29,1
E001328,S3155,0,0.5282,0,0,1,0,0.5306,55,1
E001329,S1994,0,0.0906,0,0,1,0,0.0756,82,1
E001330,S0884,1,0.1067,0,0,1,0,0.0372,72,0
E001331,S3454,0,0.0291,0,0,1,0,0.1242,79,0
E001332,S0071,0,0.5722,3,1,1,4,0.0962,33,1
E001333,S1453,0,0.4223,3,1,1,0,0.8704,42,1
E001334,S2351,1,0.0666,0,0,1,0,0.4201,83,0
E001335,S3624,0,0.0984,1,1,0,0,0.0848,71,0
E001336,S3479,1,0.0521,0,0,1,0,0.2676,56,0
E001337,S2966,1,0.0631,0,0,1,0,0.1414,74,0
E001338,S3107,1,0.0167,0,0,1,0,0.1105,83,0
E001339,S0189,1,0.3492,0,0,0,2,0.262,37,1
E001340,S2867,1,0.0227,0,0,1,0,0.0238,80,0
E001341,S3647,0,0.7404,0,1,0,0,0.7216,56,1
E001342,S3614,1,0.0946,0,0,1,0,0.3516,70,0
E001343,S2860,1,0.0122,0,0,1,0,0.054,70,0
E001344,S2562,0,0.1288,0,0,1,0,0.0498,59,0
E001345,S2458,0,0.0764,0,0,1,0,0.0454,74,0
E001346,S1844,0,0.31,1,1,1,1,0.4011,80,0
E001347,S2270,0,0.2087,1,0,1,1,0.0612,54,0
E001348,S2591,1,0.0907,0,1,1,0,0.0243,54,0
E001349,S3637,1,0.0411,0,1,1,0,0.1347,88,0
E001350,S2673,0,0.3424,0,0,0,1,0.4308,57,0
E001351,S0081,1,0.4951,2,0,1,2,0.2504,79,1
E001352,S0053,1,0.3553,1,0,1,7,0.191,71,1
E001353,S1312,1,0.0851,0,0,1,0,0.1204,72,0
E001354,S3779,0,0.3534,0,0,1,0,0.6378,91,1
E001355,S3051,0,0.1503,0,0,1,0,0.1705,71,1
E001356,S4106,1,0.0821,0,0,1,1,0.4768,79,1
E001357,S0215,0,0.7651,4,1,0,4,0.8387,30,1
E001358,S2425,1,0.407,0,0,1,0,0.8478,99,0
E001359,S3199,1,0.1866,1,0,1,1,0.277,80,0
E001360,S2725,1,0.0591,0,0,1,0,0.5895,75,0
E001361,S1493,1,0.1059,0,0,1,0,0.1343,78,0
E001362,S0876,1,0.5063,0,1,1,0,0.5144,45,1
E001363,S0275,0,0.8637,3,1,0,6,0.6621,27,1
E001364,S3237,1,0.0912,0,0,1,0,0.1372,66,0
E001365,S1245,0,0.0097,0,1,0,0,0.0964,71,1
E001366,S0604,1,0.0623,0,1,1,0,0.1149,84,0
E001367,S3088,0,0.4496,1,0,1,0,0.3139,58,1
E001368,S2088,1,0.0748,0,0,1,0,0.1064,74,0
E001369,S3688,0,0.1697,2,1,1,0,0.2108,88,0
E001370,S0614,0,0.1524,1,0,1,0,0.0843,45,0
E001371,S1939,0,0.0347,0,0,1,0,0.0823,67,0
E001372,S0130,1,0.3165,1,1,0,5,0.1971,52,1
E001373,S2496,1,0.1067,1,0,1,0,0.0639,74,0
E001374,S2257,1,0.1155,1,0,1,0,0.1616,81,0
E001375,S3193,0,0.6797,0,0,0,0,0.5687,45,1
E001376,S2227,0,0.0574,0,0,1,1,0.0621,77,0
E001377,S2284,1,0.0303,0,0,1,0,0.0405,94,0
E001378,S0246,0,0.8402,4,0,0,4,0.7177,42,1
E001379,S0004,0,0.5251,3,0,1,6,0.9565,40,1
E001380,S2281,1,0.2022,0,0,1,0,0.0614,95,0
E001381,S3859,1,0.0341,0,0,1,0,0.12,89,0
E001382,S3277,0,0.053,0,0,1,0,0.0545,39,0
E001383,S1000,0,0.1299,0,0,1,0,0.2409,70,0
E001384,S1107,1,0.214,0,0,1,0,0.0352,90,0
E001385,S0263,1,0.0381,0,0,1,0,0.044,100,0
E001386,S0083,0,0.6717,3,1,1,2,0.6021,26,1
E001387,S2697,1,0.464,0,1,1,0,0.5673,59,1
E001388,S0125,1,0.4064,1,1,1,4,0.6664,51,1
E001389,S3525,1,0.0851,0,1,1,0,0.0526,73,0
E001390,S0249,0,0.6591,2,0,1,3,0.6141,45,1
E001391,S0163,0,0.8251,7,0,0,5,0.6172,23,1
E001392,S2675,1,0.0486,0,0,1,1,0.188,73,0
E001393,S0165,0,0.6323,0,1,1,6,0.324,61,1
E001394,S3270,1,0.0643,0,0,1,0,0.1368,74,0
E001395,S0741,0,0.2505,0,0,1,0,0.1125,55,0
E001396,S1155,1,0.0429,0,0,1,0,0.2332,78,0
E001397,S3238,1,0.0665,0,0,1,0,0.7733,74,1
E001398,S1281,1,0.0461,0,0,1,0,0.1959,72,1
E001399,S0357,1,0.083,0,0,1,0,0.2012,89,0
E001400,S1464,0,0.1783,0,0,1,0,0.0753,63,0
E001401,S0258,1,0.1177,0,0,1,0,0.0074,63,1
E001402,S0281,1,0.4131,1,0,1,2,0.4769,57,1
E001403,S0236,1,0.48,1,1,1,6,0.3911,55,1
E001404,S2871,1,0.1717,0,0,1,0,0.0213,77,0
E001405,S0230,1,0.0914,0,0,1,0,0.0783,76,0
E001406,S3960,0,0.4056,1,1,1,0,0.1834,36,1
E001407,S0001,0,0.1,0,0,1,0,0.0632,69,0
E001408,S1533,1,0.0406,0,0,1,0,0.08,72,0
E001409,S0356,1,0.1314,0,1,1,0,0.094,56,0
E001410,S1793,0,0.1228,0,0,1,0,0.0107,66,0
E001411,S1877,1,0.1071,0,0,1,1,0.0806,77,0
E001412,S2737,1,0.0122,0,1,1,0,0.1763,79,0
E001413,S0749,0,0.5823,3,1,1,0,0.6228,28,1
E001414,S4022,0,0.0992,0,0,1,0,0.0446,60,0
E001415,S4183,1,0.1119,0,0,0,0,0.0964,78,0
E001416,S0905,0,0.2834,0,1,1,1,0.7221,75,1
E001417,S0401,0,0.234,0,0,1,0,0.3026,70,0
E001418,S1321,1,0.0411,0,0,1,0,0.0237,95,0
E001419,S0430,1,0.0575,0,1,0,0,0.1422,91,0
E001420,S0065,0,0.8888,3,1,1,3,0.6834,29,1
E001421,S0912,0,0.6066,3,0,1,0,0.7209,32,1
E001422,S1495,1,0.0602,0,0,1,0,0.0713,89,0
E001423,S1689,0,0.4537,0,1,1,0,0.1276,86,0
E001424,S2964,0,0.2147,0,0,0,0,0.0492,79,0
E001425,S3883,0,0.3513,0,1,1,0,0.0901,73,0
E001426,S4011,0,0.0634,0,0,1,0,0.5866,81,0
E001427,S3620,1,0.0558,0,0,1,1,0.0678,95,0
E001428,S4105,0,0.0825,1,0,1,0,0.0882,93,0
E001429,S1491,0,0.6939,1,0,1,1,0.5714,35,1
E001430,S2822,0,0.6731,3,1,0,0,0.6421,33,1
E001431,S1942,1,0.0444,0,0,1,0,0.0516,88,0
E001432,S3542,1,0.117,0,0,1,0,0.0064,89,0
E001433,S0046,0,0.1181,0,1,0,0,0.4546,66,1
E001434,S2436,1,0.0598,0,0,1,0,0.2525,69,0
E001435,S4058,1,0.049,0,0,1,0,0.0546,64,0
E001436,S3583,1,0.0643,0,0,1,0,0.009,72,0
E001437,S0214,1,0.3014,2,1,0,2,0.2445,47,1
E001438,S1287,1,0.1363,0,0,1,0,0.1403,80,0
E001439,S3417,1,0.0913,0,0,1,0,0.0112,99,0
E001440,S1158,0,0.0624,0,0,1,0,0.1089,68,0
E001441,S1520,0,0.6441,0,1,1,1,0.707,28,1
E001442,S1281,1,0.1165,0,0,1,0,0.1476,60,0
E001443,S0230,0,0.7325,1,1,0,7,0.6366,21,1
E001444,S2222,1,0.0803,0,0,0,0,0.3317,100,0
E001445,S2489,1,0.0148,0,0,1,0,0.1315,84,0
E001446,S0752,1,0.0906,0,0,1,0,0.0675,81,0
E001447,S2216,0,0.1294,0,0,1,0,0.0767,95,0
E001448,S0203,1,0.2502,1,1,0,3,0.2778,47,1
E001449,S3447,1,0.3837,1,0,0,1,0.5145,69,0
E001450,S2510,1,0.1478,0,0,1,0,0.7147,68,0
E001451,S3998,1,0.0708,0,0,1,0,0.1615,69,0
E001452,S0113,1,0.0799,0,1,1,0,0.323,92,1
E001453,S0021,1,0.2678,0,0,1,3,0.3203,11,1
E001454,S0363,1,0.0268,0,0,1,0,0.0291,86,1
E001455,S0258,1,0.143,0,1,1,1,0.0969,67,0
E001456,S4050,1,0.1724,0,0,1,1,0.1224,88,0
E001457,S1047,1,0.1342,0,0,1,0,0.0264,71,0
E001458,S0043,1,0.0526,0,0,1,0,0.1829,87,0
E001459,S0200,0,0.8596,0,1,0,4,0.5936,13,1
E001460,S2807,1,0.0525,0,0,1,0,0.1025,77,0
E001461,S2261,1,0.109,0,0,1,0,0.0061,84,0
E001462,S0181,0,0.7375,4,1,0,2,0.6856,2,1
E001463,S1080,1,0.0742,0,0,1,0,0.0999,72,0
E001464,S3844,1,0.0809,0,0,1,0,0.0687,73,0
E001465,S1268,1,0.0414,1,0,1,0,0.0154,69,0
E001466,S1016,0,0.3761,4,1,1,1,0.4413,28,1
E001467,S0032,1,0.0756,0,0,1,0,0.0771,83,0
E001468,S0166,1,0.2502,1,0,1,0,0.533,73,0
E001469,S1469,1,0.0898,0,0,1,0,0.3238,92,0
E001470,S3692,1,0.0612,0,0,1,0,0.0474,81,0
E001471,S2580,0,0.1543,0,0,1,1,0.1417,77,0
E001472,S3885,1,0.113,0,0,1,0,0.114,90,0
E001473,S3314,0,0.0404,0,1,1,0,0.0606,81,0
E001474,S0213,0,0.4764,0,0,0,3,0.2219,71,1
E001475,S1504,0,0.1546,1,0,1,0,0.2972,53,0
E001476,S0689,0,0.453,0,0,1,1,0.6602,85,1
E001477,S2574,1,0.014,0,0,1,0,0.126,77,0
E001478,S2058,1,0.0378,0,0,1,0,0.4855,78,0
E001479,S1344,1,0.0441,0,0,1,0,0.6107,77,0
E001480,S0982,1,0.0124,0,0,1,0,0.103,79,0
E001481,S1438,1,0.4268,1,0,1,1,0.5709,36,0
E001482,S0165,0,0.4608,2,1,0,2,0.7035,31,1
E001483,S0139,1,0.2521,0,0,0,1,0.3377,36,1
E001484,S2582,1,0.1311,0,0,1,0,0.0384,87,0
E001485,S3099,0,0.0724,0,0,1,0,0.0761,68,0
E001486,S0218,0,0.3721,0,1,1,6,0.2396,29,1
E001487,S1560,1,0.1073,1,0,1,0,0.0798,74,0
E001488,S1462,0,0.6675,0,0,0,1,0.149,28,1
E001489,S2905,1,0.0361,0,1,1,0,0.1926,75,0
E001490,S0778,1,0.2682,0,0,1,0,0.6393,79,0
E001491,S0524,1,0.025,0,0,1,0,0.0335,83,0
E001492,S3408,0,0.8081,2,0,1,1,0.6709,23,1
E001493,S3384,1,0.1379,0,0,1,0,0.0666,95,0
E001494,S0191,0,0.2429,0,1,0,0,0.1494,45,0
E001495,S2572,0,0.0406,3,1,1,0,0.1325,99,0
E001496,S0002,0,0.869,4,1,0,2,0.6359,27,1
E001497,S3714,0,0.2427,0,1,0,1,0.2736,33,1
E001498,S2226,1,0.0727,0,0,1,0,0.0778,69,0
E001499,S1304,0,0.7236,0,0,1,1,0.7393,35,0
E001500,S2524,0,0.4508,1,0,1,0,0.434,38,0
E001501,S0922,1,0.0133,0,0,1,0,0.0906,82,0
E001502,S3419,1,0.1194,0,0,1,0,0.0251,78,0
E001503,S1810,1,0.1446,0,1,1,0,0.186,66,1
E001504,S2580,1,0.065,0,1,1,0,0.2368,86,0
E001505,S0202,1,0.3312,3,0,1,5,0.3807,73,1
E001506,S0020,0,0.7873,1,0,1,6,0.619,33,0
E001507,S1511,1,0.1147,1,1,1,0,0.1686,60,0
E001508,S1354,0,0.7684,1,0,0,1,0.9432,13,1
E001509,S2330,1,0.0401,0,1,1,0,0.006,60,0
E001510,S0658,0,0.124,0,0,1,0,0.1172,81,0
E001511,S2528,0,0.4886,2,1,0,0,0.6094,1,1
E001512,S0686,0,0.876,3,0,1,1,0.5265,34,1
E001513,S0256,0,0.7034,3,1,0,5,0.7856,0,1
E001514,S0288,0,0.3678,0,1,1,4,0.7159,42,1
E001515,S2717,0,0.1974,1,0,1,0,0.4472,44,0
E001516,S2155,0,0.7156,0,1,0,0,0.4868,59,0
E001517,S0388,0,0.2247,0,0,1,1,0.3957,77,1
E001518,S4027,1,0.1261,0,0,1,0,0.095,100,0
E001519,S1582,1,0.0922,0,0,1,0,0.0618,81,0
E001520,S1453,1,0.0995,0,0,1,0,0.0472,83,0
E001521,S0272,1,0.2177,0,0,1,0,0.0587,83,0
E001522,S1963,1,0.0654,0,0,1,0,0.0972,60,0
E001523,S0061,0,0.8256,5,1,0,4,0.8139,22,1
E001524,S4166,1,0.1173,0,1,1,0,0.1805,57,0
E001525,S3375,1,0.3644,1,0,0,0,0.7624,67,1
E001526,S2446,1,0.0386,0,0,1,0,0.2306,94,1
E001527,S0285,0,0.7197,4,1,0,3,0.9121,4,1
E001528,S1793,1,0.2236,0,0,0,1,0.3046,51,0
E001529,S3081,1,0.1177,0,0,1,0,0.1527,93,0
E001530,S0571,0,0.224,1,1,0,1,0.5882,62,0
E001531,S0078,1,0.085,0,0,1,0,0.3659,99,0
E001532,S0471,1,0.009,0,0,1,0,0.1108,87,0
E001533,S0011,1,0.1412,0,0,1,0,0.0652,79,0
E001534,S2175,1,0.1198,0,0,1,0,0.097,92,0
E001535,S0702,1,0.0201,0,0,1,0,0.2303,90,0
E001536,S0112,0,0.7487,6,1,0,3,0.6678,36,1
E001537,S2803,1,0.069,0,0,1,0,0.3863,70,0
E001538,S0123,1,0.8646,4,1,1,6,0.7261,23,1
E001539,S1783,0,0.2414,0,0,1,0,0.185,66,0
E001540,S0495,1,0.2836,1,1,1,1,0.6477,35,1
E001541,S0328,0,0.0129,0,0,1,0,0.0766,87,0
E001542,S2418,1,0.2449,2,1,1,1,0.1145,66,0
E001543,S0169,0,0.7103,5,1,1,3,0.5146,33,1
E001544,S0136,0,0.6428,2,1,0,1,0.6051,25,1
E001545,S2534,1,0.0694,0,0,1,0,0.0349,79,0
E001546,S1892,1,0.0381,0,0,1,0,0.0651,81,0
E001547,S0023,0,0.3327,0,1,1,2,0.2574,51,1
E001548,S1000,1,0.0426,0,0,1,0,0.4366,82,0
E001549,S2221,0,0.0291,0,1,1,0,0.088,68,0
E001550,S3153,0,0.2169,0,0,1,0,0.3228,57,0
E001551,S3755,1,0.1638,0,0,1,0,0.0805,66,0
E001552,S2023,0,0.3397,1,1,1,1,0.6379,46,1
E001553,S0393,0,0.2992,0,0,1,0,0.6945,54,1
E001554,S0173,0,0.1576,3,1,0,6,0.3753,47,1
E001555,S3059,0,0.6707,4,0,0,1,0.3892,39,1
E001556,S1154,1,0.0741,0,0,1,0,0.1568,76,0
E001557,S3696,0,0.1006,0,0,1,0,0.0718,62,0
E001558,S3658,1,0.0241,2,1,1,0,0.0994,66,0
E001559,S1571,1,0.0269,0,0,1,0,0.1844,68,0
E001560,S2822,1,0.3096,1,0,1,0,0.1273,62,0
E001561,S2468,1,0.1016,1,1,1,0,0.3633,72,0
E001562,S0145,0,0.7935,5,1,0,3,0.8013,16,1
E001563,S0136,0,0.2755,2,1,1,4,0.4404,51,1
E001564,S3343,0,0.8168,3,1,1,1,0.3781,68,1
E001565,S2359,1,0.1287,0,0,1,0,0.663,75,0
E001566,S1139,0,0.056,0,0,1,0,0.0689,70,0
E001567,S0213,0,0.1774,0,0,1,0,0.0878,52,0
E001568,S0749,0,0.1221,0,0,1,0,0.0542,64,0
E001569,S1526,0,0.5598,2,0,1,3,0.5373,25,1
E001570,S1098,0,0.2079,1,0,1,1,0.4393,54,0
E001571,S3735,0,0.0929,0,0,1,0,0.083,50,0
E001572,S0210,0,0.5524,2,0,0,3,0.5513,29,1
E001573,S1069,1,0.0683,0,0,1,0,0.2128,76,0
E001574,S0205,0,0.8344,5,1,1,0,0.7843,3,1
E001575,S0250,1,0.0134,0,1,1,0,0.1027,73,0
E001576,S2561,1,0.054,0,0,1,0,0.0966,70,0
E001577,S0262,1,0.4901,0,0,1,5,0.4825,38,1
E001578,S2246,0,0.3707,0,0,1,2,0.5468,70,0
E001579,S0339,0,0.6273,2,1,1,0,0.3315,27,0
E001580,S3865,1,0.0423,1,0,1,1,0.0356,93,0
E001581,S1675,0,0.6211,2,0,1,0,0.8224,44,1
E001582,S0147,0,0.8596,5,1,0,0,0.7906,23,0
E001583,S0278,1,0.8085,0,0,1,6,0.1959,15,1
E001584,S1468,0,0.2675,0,0,1,2,0.4171,41,1
E001585,S3459,0,0.7379,1,1,1,0,0.6166,37,1
E001586,S0255,0,0.1266,0,0,1,1,0.4234,79,1
E001587,S1184,1,0.205,0,0,1,0,0.1622,94,0
E001588,S3742,0,0.552,0,0,1,0,0.5493,57,1
E001589,S2602,1,0.0356,0,0,1,0,0.0687,89,0
E001590,S3509,1,0.1197,0,0,1,0,0.1287,78,0
E001591,S1434,1,0.1231,0,0,1,0,0.0707,86,0
E001592,S0352,1,0.0403,0,0,1,0,0.1099,82,0
E001593,S2235,0,0.2342,0,0,1,0,0.0791,77,0
E001594,S0277,0,0.0192,0,0,1,0,0.1153,71,0
E001595,S2964,1,0.1167,0,0,1,0,0.2475,75,0
E001596,S0208,1,0.5285,0,0,1,5,0.4179,56,1
E001597,S1521,0,0.4112,1,0,1,0,0.4057,48,1
E001598,S2602,1,0.0938,0,0,1,0,0.2619,83,0
E001599,S3131,0,0.401,2,1,0,0,0.4293,50,1
E001600,S0181,0,0.7836,6,1,0,5,0.9212,23,1
E001601,S1531,0,0.1505,1,0,1,1,0.1903,47,0
E001602,S2799,0,0.7783,2,0,0,0,0.8286,28,1
E001603,S1844,0,0.027,0,0,1,0,0.8007,92,0
E001604,S0164,1,0.3028,1,0,0,1,0.1403,63,1
E001605,S0570,0,0.0316,0,0,1,0,0.1625,78,0
E001606,S3207,1,0.5313,0,0,1,1,0.2753,45,1
E001607,S3598,0,0.1011,0,0,1,0,0.3034,51,0
E001608,S3898,0,0.0283,0,0,0,0,0.0838,53,0
E001609,S2223,1,0.1907,0,0,1,0,0.249,89,0
E001610,S0749,0,0.2559,0,0,1,0,0.212,60,0
E001611,S2826,1,0.0884,0,0,1,0,0.1659,98,0
E001612,S0234,0,0.9126,8,0,0,2,0.7378,27,1
E001613,S3278,1,0.0815,0,1,1,0,0.0505,76,0
E001614,S1044,0,0.3555,0,0,1,1,0.5546,48,1
E001615,S0066,0,0.8057,4,1,1,0,0.8295,54,1
E001616,S3610,1,0.225,0,0,1,0,0.11,89,0
E001617,S0713,1,0.0865,0,1,1,0,0.0183,66,0
E001618,S0119,1,0.5472,1,0,1,4,0.7012,45,1
E001619,S4107,1,0.0788,0,0,1,0,0.0622,67,0
E001620,S0041,0,0.2813,1,0,1,4,0.604,45,1
E001621,S1305,0,0.1255,0,0,1,0,0.0989,64,0
E001622,S2558,0,0.0803,0,0,1,0,0.0295,63,0
E001623,S2263,1,0.1103,0,0,1,0,0.0965,91,0
E001624,S0212,1,0.6762,0,1,1,0,0.255,77,0
E001625,S1376,1,0.0679,0,1,1,0,0.124,76,0
E001626,S3618,1,0.1348,0,0,1,0,0.12,91,0
E001627,S3702,0,0.0772,1,0,0,1,0.3969,64,0
E001628,S1857,1,0.1624,1,1,1,1,0.2267,70,0
E001629,S0068,0,0.5723,1,1,1,4,0.6772,34,1
E001630,S2655,1,0.0492,0,0,1,0,0.0453,85,0
E001631,S3227,0,0.2572,0,0,0,0,0.3417,78,0
E001632,S4043,0,0.6731,4,0,0,0,0.5902,26,1
E001633,S0252,1,0.3663,0,1,0,0,0.4697,75,0
E001634,S1841,0,0.7092,0,1,0,0,0.7375,30,1
E001635,S3239,1,0.5043,1,0,1,0,0.3978,75,0
E001636,S1633,0,0.2104,0,1,1,0,0.179,77,0
E001637,S2936,1,0.0161,0,0,1,0,0.151,97,0
E001638,S3981,1,0.1022,0,0,1,0,0.0422,72,0
E001639,S2032,1,0.055,0,0,1,1,0.0268,73,0
E001640,S1006,1,0.0687,0,0,1,0,0.1868,77,0
E001641,S0015,0,0.8309,1,1,0,7,0.663,22,0
E001642,S1694,1,0.142,0,0,1,0,0.0596,81,0
E001643,S0708,0,0.1295,0,0,1,1,0.3147,72,1
E001644,S3183,1,0.3232,0,0,1,0,0.0746,54,0
E001645,S0125,1,0.0144,0,0,1,0,0.093,93,0
E001646,S2432,1,0.1327,0,0,1,0,0.1013,80,0
E001647,S4066,0,0.1356,1,0,1,0,0.0261,73,0
E001648,S1260,0,0.2941,1,0,0,0,0.064,67,0
E001649,S1357,0,0.0279,0,0,1,0,0.0773,76,0
E001650,S1775,0,0.1143,0,0,1,0,0.0344,61,0
E001651,S0089,0,0.6769,6,1,1,2,0.7199,31,1
E001652,S4186,1,0.021,0,1,1,0,0.6092,86,0
E001653,S1273,1,0.1214,1,0,1,0,0.0539,67,0
E001654,S3139,1,0.0389,0,0,1,0,0.5657,84,0
E001655,S0604,1,0.0689,0,1,1,0,0.1482,66,0
E001656,S4057,0,0.0325,0,1,1,0,0.0583,83,0
E001657,S3489,1,0.1186,0,1,1,0,0.2047,79,0
E001658,S0382,1,0.1285,0,0,1,0,0.2868,71,0
E001659,S3693,1,0.5495,1,1,1,0,0.4247,67,1
E001660,S0290,1,0.0243,1,1,1,0,0.0476,71,0
E001661,S0150,1,0.3079,0,0,1,3,0.3617,26,1
E001662,S0158,1,0.0477,0,0,1,0,0.7291,83,0
E001663,S1587,0,0.2406,2,0,0,0,0.4282,58,1
E001664,S3801,1,0.1378,0,0,1,0,0.0765,68,0
E001665,S0844,0,0.7155,4,1,1,0,0.463,61,1
E001666,S2853,1,0.433,0,0,0,0,0.2793,41,0
E001667,S2219,1,0.0705,0,1,1,0,0.1393,76,0
E001668,S1078,1,0.0346,0,0,1,0,0.1517,68,0
E001669,S4006,0,0.4482,0,1,1,0,0.4095,47,0
E001670,S0029,1,0.3198,1,0,1,3,0.3345,35,1
E001671,S1735,1,0.0546,0,0,1,0,0.3349,69,0
E001672,S0852,1,0.1447,0,0,1,0,0.1533,84,0
E001673,S0049,1,0.6058,0,1,1,4,0.1905,26,1
E001674,S2536,1,0.0947,0,1,1,0,0.1808,82,0
E001675,S2724,1,0.0502,0,1,1,1,0.621,47,0
E001676,S1308,1,0.0411,0,0,1,0,0.5982,82,0
E001677,S0051,0,0.7293,3,1,0,4,0.9552,31,1
E001678,S2667,1,0.0183,0,0,1,0,0.1294,59,0
E001679,S2222,1,0.0616,0,0,1,0,0.0358,67,0
E001680,S0560,1,0.1312,0,0,1,1,0.0298,78,1
E001681,S3893,1,0.0608,1,0,1,0,0.6695,75,0
E001682,S1068,0,0.3331,1,0,1,0,0.2793,41,0
E001683,S0706,1,0.0653,0,0,1,0,0.1276,82,0
E001684,S0081,1,0.0725,0,0,1,0,0.6419,62,0
E001685,S1206,1,0.1023,0,0,1,0,0.0981,87,0
E001686,S3457,1,0.0823,0,0,1,0,0.0708,71,0
E001687,S1709,1,0.0813,0,0,1,0,0.3771,55,0
E001688,S3374,1,0.1388,1,1,1,1,0.1531,77,0
E001689,S2728,0,0.0822,0,1,1,0,0.054,93,0
E001690,S1422,0,0.1949,0,0,1,0,0.2359,65,0
E001691,S3159,1,0.0733,0,0,1,0,0.0285,83,0
E001692,S0696,0,0.6124,2,0,0,1,0.9318,38,1
E001693,S2144,1,0.0801,0,1,1,0,0.1766,72,0
E001694,S0253,1,0.0304,1,0,1,1,0.1865,81,0
E001695,S2319,1,0.0499,0,1,1,1,0.0656,39,0
E001696,S0234,0,0.7628,2,1,0,5,0.7455,33,1
E001697,S2536,1,0.1882,2,0,1,1,0.5594,55,1
E001698,S0599,1,0.429,0,1,0,2,0.2567,41,0
E001699,S0273,1,0.0277,0,0,1,0,0.1388,87,0
E001700,S1323,1,0.0177,0,0,1,0,0.1292,63,0
E001701,S1924,1,0.1123,1,0,1,0,0.1032,68,0
E001702,S0005,0,0.8109,6,1,1,6,0.6872,21,1
E001703,S4102,1,0.2622,0,1,1,0,0.2373,82,0
E001704,S0180,1,0.0465,0,0,1,0,0.0019,75,0
E001705,S0032,0,0.7434,3,1,0,1,0.8419,34,1
E001706,S1147,1,0.0201,0,0,0,0,0.7596,82,0
E001707,S0736,1,0.0807,0,0,1,0,0.7025,84,0
E001708,S0096,0,0.5197,0,0,1,1,0.4386,56,0
E001709,S0164,0,0.4965,0,0,1,0,0.2898,56,0
E001710,S0493,1,0.0886,0,0,1,0,0.2619,77,0
E001711,S2345,0,0.0925,0,0,1,0,0.0691,67,0
E001712,S0491,1,0.4886,0,0,0,0,0.462,90,1
E001713,S0804,1,0.0933,0,0,1,0,0.2248,89,0
E001714,S3796,0,0.4797,1,0,0,0,0.8289,56,1
E001715,S3773,1,0.2498,0,0,1,2,0.316,49,0
E001716,S3786,1,0.2143,0,0,1,0,0.4513,76,0
E001717,S0597,0,0.6784,5,0,0,0,0.9266,50,1
E001718,S2992,0,0.0842,1,0,1,0,0.0268,67,0
E001719,S2960,1,0.0835,1,0,1,0,0.0812,88,0
E001720,S2917,1,0.1038,0,0,1,0,0.006,83,0
E001721,S1914,0,0.1581,1,0,1,1,0.057,77,0
E001722,S2689,1,0.1481,1,1,1,0,0.0998,100,0
E001723,S2243,1,0.1008,0,0,1,0,0.2616,83,0
E001724,S2597,1,0.0079,0,1,1,0,0.0676,56,0
E001725,S0024,0,0.707,4,0,1,3,0.2334,10,1
E001726,S2399,1,0.0449,0,0,1,0,0.0114,80,0
E001727,S0242,1,0.1911,0,0,1,4,0.4157,52,1
E001728,S3914,0,0.1556,2,0,1,0,0.3724,40,0
E001729,S0086,0,0.9096,2,0,0,5,0.8664,31,1
E001730,S2334,1,0.1085,0,0,1,0,0.1308,93,0
E001731,S4170,1,0.1294,0,0,1,0,0.1245,74,0
E001732,S0205,0,0.4307,3,0,0,2,0.5313,37,1
E001733,S1218,1,0.1015,0,0,1,0,0.0836,86,0
E001734,S0108,0,0.6913,1,0,0,1,0.9055,0,1
E001735,S0997,0,0.1747,1,0,0,1,0.2745,75,0
E001736,S1880,1,0.0247,0,1,1,0,0.3332,81,0
E001737,S2323,1,0.0873,0,0,1,0,0.2155,84,0
E001738,S2468,1,0.0904,0,1,1,0,0.0068,92,0
E001739,S3331,1,0.03,0,0,1,0,0.1385,84,0
E001740,S1852,1,0.1568,0,0,1,0,0.0193,76,0
E001741,S3628,1,0.0416,0,0,1,0,0.1632,80,0
E001742,S1727,0,0.5527,3,0,0,0,0.4322,34,1
E001743,S1640,1,0.7806,4,0,1,0,0.867,43,1
E001744,S0053,1,0.5399,3,0,1,0,0.7322,33,1
E001745,S1748,1,0.1794,0,0,1,0,0.095,80,0
E001746,S2283,1,0.1322,1,1,1,0,0.1294,76,0
E001747,S1917,0,0.0853,0,1,1,0,0.2636,85,0
E001748,S2912,1,0.156,0,0,1,0,0.1568,88,0
E001749,S1214,1,0.1752,0,0,1,0,0.1547,77,0
E001750,S0081,0,0.6813,2,1,0,2,0.6846,14,1
E001751,S3473,1,0.0442,0,0,1,0,0.0842,99,0
E001752,S1462,1,0.0744,0,0,1,0,0.5515,78,0
E001753,S2226,1,0.0734,0,0,1,0,0.0172,79,0
E001754,S3605,1,0.102,0,0,1,1,0.7083,78,0
E001755,S1646,1,0.0285,2,0,1,0,0.0106,75,0
E001756,S1080,0,0.1409,0,0,1,0,0.037,74,0
E001757,S1726,1,0.1375,0,0,1,0,0.044,58,0
E001758,S1206,1,0.1405,0,0,1,0,0.2217,41,0
E001759,S1595,1,0.0412,0,0,1,0,0.0349,86,0
E001760,S2955,0,0.0299,0,0,1,0,0.0633,62,0
E001761,S0284,1,0.6124,1,1,0,1,0.2762,34,1
E001762,S0769,1,0.1823,0,0,1,0,0.1505,88,0
E001763,S3598,1,0.3241,0,0,1,1,0.5565,80,0
E001764,S0014,1,0.742,3,0,0,0,0.5201,39,1
E001765,S2612,1,0.2029,0,0,1,0,0.0611,85,0
E001766,S3131,1,0.0224,0,0,1,0,0.0697,62,0
E001767,S0461,1,0.3725,0,0,0,0,0.0341,90,0
E001768,S0660,1,0.0367,0,1,1,0,0.1276,80,0
E001769,S3572,0,0.0524,0,1,1,0,0.208,63,0
E001770,S1817,1,0.0093,0,0,1,0,0.0632,87,0
E001771,S2432,0,0.2101,1,0,0,1,0.4229,35,0
E001772,S2023,1,0.1686,0,0,1,0,0.0915,80,0
E001773,S1536,1,0.1528,0,0,1,0,0.1824,61,0
E001774,S2518,1,0.1339,0,0,1,0,0.0852,80,0
E001775,S1314,1,0.1499,0,0,1,0,0.1139,79,0
E001776,S1826,0,0.0138,0,0,1,1,0.0892,62,0
E001777,S2427,1,0.2408,1,0,1,0,0.2394,85,0
E001778,S0964,1,0.0897,0,0,1,0,0.0878,89,0
E001779,S1470,1,0.0298,0,0,1,0,0.0036,74,0
E001780,S3253,0,0.2218,0,0,1,0,0.3601,63,0
E001781,S0904,0,0.193,0,0,1,0,0.0825,77,0
E001782,S1083,1,0.0993,0,0,1,0,0.3311,76,0
E001783,S0159,0,0.2208,1,0,1,4,0.3506,37,1
E001784,S1940,0,0.385,0,0,1,0,0.3886,77,0
E001785,S3748,1,0.0836,0,0,0,0,0.2746,70,0
E001786,S0195,0,0.0451,0,0,1,0,0.4565,72,0
E001787,S0189,0,0.8435,2,0,0,1,0.2118,56,1
E001788,S0756,1,0.1976,0,0,1,0,0.0384,96,0
E001789,S3393,0,0.0415,0,0,1,0,0.0361,68,0
E001790,S0564,1,0.007,0,0,1,0,0.0893,90,0
E001791,S0547,1,0.0865,0,0,1,0,0.0018,99,0
E001792,S0284,1,0.354,2,0,1,2,0.4953,45,1
E001793,S0160,0,0.6825,2,1,1,7,0.7228,28,1
E001794,S0281,1,0.6238,1,1,0,4,0.1557,52,0
E001795,S1729,0,0.1572,0,0,1,0,0.2706,72,0
E001796,S0692,0,0.0864,0,0,1,0,0.1413,65,0
E001797,S1770,1,0.0263,0,0,1,0,0.1046,84,0
E001798,S3547,1,0.0723,0,0,1,0,0.0651,59,0
E001799,S3821,0,0.7286,1,0,0,1,0.6616,60,1
E001800,S2083,1,0.0209,1,1,1,0,0.0318,87,0
E001801,S0187,0,0.9459,3,1,0,3,0.5068,29,1
E001802,S3308,1,0.0606,0,0,1,0,0.5893,74,0
E001803,S3784,0,0.3642,0,0,1,0,0.0465,59,1
E001804,S2516,1,0.0731,0,0,1,0,0.0206,77,0
E001805,S0040,0,0.7422,3,1,0,3,0.5308,26,1
E001806,S0275,1,0.0457,0,1,1,0,0.0259,89,0
E001807,S0244,0,0.6307,2,1,0,3,0.7846,0,1
E001808,S2571,1,0.0947,0,0,1,0,0.1055,78,0
E001809,S1694,0,0.5413,4,1,0,0,0.8129,10,1
E001810,S0086,0,0.7607,2,1,0,2,0.6986,7,1
E001811,S1495,0,0.0993,0,0,1,0,0.0898,87,0
E001812,S1447,1,0.0905,0,0,1,0,0.189,76,0
E001813,S3565,1,0.0249,0,0,1,0,0.1019,74,0
E001814,S3639,1,0.0327,0,1,1,2,0.1247,67,0
E001815,S4170,0,0.0649,0,0,1,1,0.0905,95,0
E001816,S2831,0,0.0993,0,0,1,0,0.1969,87,0
E001817,S3555,1,0.0313,0,0,1,0,0.0302,70,0
E001818,S2247,1,0.0447,0,0,1,0,0.0917,83,0
E001819,S0868,0,0.6885,2,0,0,1,0.7689,36,1
E001820,S0599,0,0.6893,1,1,0,1,0.4656,25,1
E001821,S2976,1,0.1031,0,0,1,0,0.0344,70,0
E001822,S0346,1,0.1302,0,0,1,0,0.3668,90,0
E001823,S2060,1,0.0955,0,0,1,0,0.0772,82,0
E001824,S1961,0,0.6897,2,0,0,1,0.6079,37,1
E001825,S1984,1,0.0844,0,0,1,0,0.0894,86,0
E001826,S1507,1,0.0311,0,0,1,0,0.1065,81,0
E001827,S1067,1,0.6514,2,1,0,0,0.7821,49,1
E001828,S3326,1,0.0024,0,0,1,0,0.0423,48,0
E001829,S2943,1,0.1142,0,0,1,0,0.1033,89,0
E001830,S0078,1,0.2684,1,1,0,3,0.3999,44,1
E001831,S2050,1,0.1101,2,0,1,0,0.0428,75,0
E001832,S0086,0,0.6482,2,1,1,4,0.8451,33,0
E001833,S2929,0,0.0259,0,0,1,0,0.039,89,0
E001834,S2696,0,0.4223,2,1,0,0,0.448,59,1
E001835,S2241,1,0.0978,0,0,1,0,0.0644,84,0
E001836,S3938,0,0.2966,0,0,0,2,0.3314,74,1
E001837,S2347,1,0.3645,0,0,0,1,0.2041,61,0
E001838,S0469,1,0.0798,0,0,1,0,0.0822,88,0
E001839,S0414,1,0.1509,0,1,1,0,0.0733,75,0
E001840,S3595,1,0.0519,0,0,1,0,0.2896,74,0
E001841,S2701,0,0.2891,0,1,1,0,0.6807,25,1
E001842,S3314,1,0.0635,1,0,1,0,0.0751,73,0
E001843,S3394,1,0.1394,0,0,1,0,0.0751,77,0
E001844,S2595,1,0.103,1,0,1,0,0.0291,65,0
E001845,S3359,1,0.1471,1,0,1,0,0.3937,48,0
E001846,S0751,1,0.1341,1,0,1,0,0.4003,77,0
E001847,S1478,1,0.0387,0,0,1,1,0.0453,76,0
E001848,S2113,1,0.0222,0,0,1,0,0.1667,80,0
E001849,S2965,1,0.0567,0,1,1,0,0.2163,62,1
E001850,S2755,1,0.0448,0,0,1,0,0.0967,84,0
E001851,S0038,0,0.7911,1,0,1,3,0.5081,50,1
E001852,S0308,0,0.1861,1,1,1,0,0.0519,65,0
E001853,S0305,1,0.1328,0,0,1,1,0.0894,57,0
E001854,S3289,0,0.0692,0,1,1,0,0.0658,72,0
E001855,S0410,0,0.3136,0,1,1,0,0.2118,70,0
E001856,S4056,0,0.1997,0,0,1,0,0.0787,64,0
E001857,S2236,0,0.1222,0,1,1,1,0.189,81,0
E001858,S2740,1,0.2709,1,0,1,0,0.3424,71,1
E001859,S0135,0,0.5975,5,1,0,5,0.8592,24,0
E001860,S0167,1,0.3897,2,0,1,4,0.3695,55,1
E001861,S0052,0,0.6596,3,0,1,3,0.1189,15,1
E001862,S3113,0,0.5735,2,1,0,1,0.2963,17,1
E001863,S3025,1,0.1179,0,0,1,0,0.0476,93,0
E001864,S1911,1,0.0408,0,1,1,0,0.0811,74,0
E001865,S1474,0,0.1857,0,0,1,0,0.1479,77,0
E001866,S2419,1,0.0792,0,0,1,0,0.1573,70,0
E001867,S1013,0,0.0822,1,1,1,0,0.0844,74,0
E001868,S0091,0,0.096,0,0,1,0,0.2953,78,0
E001869,S3650,1,0.0628,0,0,1,0,0.4161,82,0
E001870,S1871,1,0.0325,0,0,1,0,0.0526,70,0
E001871,S1622,1,0.1987,0,0,1,0,0.6133,63,0
E001872,S4168,1,0.0877,0,0,1,0,0.0348,67,0
E001873,S2291,1,0.0661,0,0,1,0,0.0301,79,0
E001874,S0680,0,0.3472,0,0,1,0,0.098,99,0
E001875,S0069,1,0.3871,0,0,0,1,0.4466,70,0
E001876,S3455,1,0.0438,0,0,1,0,0.1858,72,0
E001877,S0838,0,0.4933,2,0,0,0,0.7641,33,1
E001878,S0110,0,0.3361,1,0,1,2,0.3803,37,1
E001879,S3013,0,0.5572,1,0,0,1,0.543,100,0
E001880,S1160,1,0.036,0,0,1,0,0.7753,79,0
E001881,S3721,1,0.5785,0,0,1,0,0.267,93,0
E001882,S3915,1,0.0857,0,0,1,0,0.055,92,0
E001883,S2097,1,0.0348,1,0,1,0,0.046,76,0
E001884,S1936,0,0.8686,2,0,1,0,0.6145,15,1
E001885,S3879,1,0.1888,1,0,0,0,0.8697,35,0
E001886,S0218,1,0.5238,0,0,0,6,0.3066,41,0
E001887,S1802,1,0.051,0,0,1,0,0.1083,89,1
E001888,S2340,1,0.0507,0,0,1,0,0.1412,70,0
E001889,S0201,0,0.6444,4,1,0,2,0.6642,8,1
E001890,S1843,1,0.0253,0,0,1,0,0.0792,84,0
E001891,S0210,1,0.0949,0,0,1,1,0.3467,94,0
E001892,S1159,0,0.0329,0,0,1,0,0.0818,100,1
E001893,S0013,0,0.9688,5,1,1,4,0.6572,14,1
E001894,S0137,0,0.0188,0,0,1,0,0.1166,68,0
E001895,S0269,1,0.1179,1,1,1,5,0.1752,33,1
E001896,S3238,1,0.0522,0,0,1,1,0.0892,69,0
E001897,S0113,0,0.1744,0,0,1,0,0.1472,83,0
E001898,S0044,0,0.9049,3,1,0,3,0.7009,14,1
E001899,S2191,1,0.0564,0,0,1,0,0.0582,90,0
E001900,S3161,1,0.1436,0,0,1,0,0.1682,79,0
E001901,S3602,1,0.0121,1,0,1,0,0.7363,73,0
E001902,S3795,0,0.3823,1,0,1,0,0.6355,24,1
E001903,S4184,1,0.0462,0,0,1,0,0.0741,96,0
E001904,S1240,1,0.0887,0,0,1,0,0.182,86,0
E001905,S0015,0,0.6028,0,0,1,2,0.2048,36,1
E001906,S1344,1,0.0554,2,0,1,0,0.1449,34,1
E001907,S2809,1,0.0449,0,0,1,0,0.7171,70,0
E001908,S4182,1,0.0612,0,0,1,0,0.5426,62,0
E001909,S1094,1,0.0868,0,0,1,0,0.0246,75,0
E001910,S0209,1,0.4017,0,0,1,4,0.2973,44,1
E001911,S0180,0,0.4725,0,0,0,4,0.4673,50,0
E001912,S3425,1,0.1193,0,0,1,0,0.5498,77,0
E001913,S1662,1,0.0591,0,0,1,0,0.1249,80,0
E001914,S2643,0,0.7059,1,1,0,1,0.4675,15,1
E001915,S0240,1,0.1497,0,0,1,0,0.2631,65,0
E001916,S0196,1,0.0628,0,0,1,0,0.152,88,0
E001917,S2641,0,0.289,2,0,0,0,0.6772,35,1
E001918,S0686,1,0.4737,1,1,1,0,0.2424,58,1
E001919,S0081,0,0.7936,6,1,0,8,0.7155,7,1
E001920,S0017,0,0.4964,1,1,1,4,0.368,42,1
E001921,S3836,1,0.0695,0,0,1,0,0.152,86,0
E001922,S3871,1,0.0331,0,0,1,0,0.1842,93,0
E001923,S3699,0,0.3792,0,0,1,0,0.4117,87,0
E001924,S0114,1,0.1358,2,0,1,0,0.1047,92,0
E001925,S0070,0,0.8385,1,0,0,3,0.3241,46,1
E001926,S0169,1,0.0272,0,0,1,0,0.2303,67,0
E001927,S0102,0,0.6248,0,1,1,2,0.3051,31,1
E001928,S1074,0,0.7759,3,1,1,1,0.3838,49,1
E001929,S3532,1,0.2402,0,0,1,0,0.3742,29,0
E001930,S1549,0,0.2027,0,0,1,1,0.4419,51,0
E001931,S1426,1,0.1371,0,0,1,0,0.093,90,0
E001932,S0875,1,0.6653,0,1,1,0,0.0826,28,0
E001933,S0496,0,0.141,0,0,1,0,0.294,62,0
E001934,S0993,0,0.7051,1,1,1,0,0.6869,19,1
E001935,S0249,1,0.6178,1,1,1,5,0.1187,33,1
E001936,S0535,0,0.0353,1,1,1,0,0.1165,67,0
E001937,S0328,1,0.0323,1,1,1,0,0.1168,79,0
E001938,S1374,1,0.2555,0,1,1,0,0.2587,76,0
E001939,S4186,1,0.0272,1,0,1,0,0.0452,79,0
E001940,S0079,1,0.4972,1,0,1,2,0.6425,45,1
E001941,S2464,1,0.1378,0,0,1,0,0.0193,91,0
E001942,S3702,0,0.0383,1,0,1,0,0.0687,74,0
E001943,S0087,0,0.7506,1,1,0,6,0.5959,18,1
E001944,S1733,1,0.0232,0,1,1,0,0.2135,62,1
E001945,S2401,1,0.1056,0,0,1,0,0.0648,69,0
E001946,S3908,1,0.0789,0,0,1,0,0.0217,81,0
E001947,S0888,0,0.5033,0,0,1,0,0.2734,56,0
E001948,S2439,1,0.0628,0,1,1,0,0.0991,71,0
E001949,S0347,0,0.0973,1,0,0,1,0.5498,81,1
E001950,S2766,1,0.3961,0,0,1,2,0.3837,56,1
E001951,S3408,1,0.0479,1,0,1,0,0.0579,69,1
E001952,S3859,1,0.2232,0,0,1,0,0.0846,88,0
E001953,S0007,1,0.3585,0,0,1,4,0.1445,53,1
E001954,S0118,0,0.7934,4,1,0,5,0.9294,20,1
E001955,S0064,0,0.4836,1,1,1,5,0.1877,53,1
E001956,S2222,1,0.0879,0,0,1,0,0.0871,85,0
E001957,S3484,0,0.1147,0,1,1,0,0.1368,85,1
E001958,S1294,1,0.0198,0,0,1,0,0.1675,73,0
E001959,S0812,1,0.3368,1,1,0,0,0.2437,71,0
E001960,S4019,0,0.7168,0,1,1,1,0.4836,70,0
E001961,S0728,1,0.0716,0,0,1,0,0.1425,70,0
E001962,S3803,0,0.2728,0,0,1,0,0.0698,83,0
E001963,S3438,1,0.0701,0,0,1,0,0.0862,81,0
E001964,S2326,0,0.2691,0,1,1,0,0.2834,54,0
E001965,S3223,1,0.1149,0,0,1,0,0.0864,76,0
E001966,S1872,0,0.018,0,0,1,0,0.1346,81,0
E001967,S0616,1,0.0245,0,0,0,0,0.1162,86,0
E001968,S1211,1,0.0347,0,0,1,0,0.0397,86,0
E001969,S3470,0,0.1169,0,0,1,1,0.0918,90,0
E001970,S0156,0,0.3649,0,0,0,2,0.2993,59,0
E001971,S2559,0,0.0933,1,1,1,3,0.2663,58,0
E001972,S2818,1,0.1857,0,0,1,0,0.1319,66,0
E001973,S1450,1,0.0308,0,0,1,0,0.114,88,0
E001974,S0034,0,0.3837,0,1,1,4,0.3551,53,1
E001975,S3165,1,0.0131,0,0,1,0,0.0696,88,0
E001976,S3524,1,0.1099,0,1,1,0,0.0596,60,0
E001977,S3945,0,0.1294,0,0,1,0,0.0301,77,0
E001978,S1437,1,0.1443,0,0,1,0,0.2384,69,0
E001979,S0107,0,0.4624,2,0,0,4,0.3354,58,1
E001980,S0652,1,0.0527,0,0,1,0,0.6098,79,0
E001981,S3273,0,0.4841,1,1,1,0,0.7579,30,1
E001982,S3637,1,0.1153,0,0,1,1,0.1249,85,0
E001983,S0015,1,0.0391,1,0,1,0,0.3267,78,0
E001984,S0286,1,0.4086,0,0,1,3,0.3241,68,1
E001985,S0150,0,0.5846,6,1,0,6,0.8146,2,1
E001986,S3045,1,0.1078,0,0,1,0,0.2913,82,0
E001987,S3475,1,0.1924,0,0,1,1,0.0651,66,0
E001988,S0346,0,0.3931,1,1,0,0,0.7035,48,0
E001989,S2318,0,0.1456,0,1,1,0,0.2345,60,0
E001990,S0004,0,0.7624,5,1,0,3,0.9397,24,1
E001991,S0202,0,0.7397,0,1,1,2,0.7418,36,1
E001992,S0053,0,0.9132,3,0,0,2,0.5905,10,0
E001993,S1682,1,0.1695,0,0,1,0,0.0455,86,0
E001994,S0374,1,0.0223,0,0,1,0,0.0886,70,0
E001995,S0256,1,0.49,1,0,1,1,0.2859,89,0
E001996,S0533,1,0.1778,0,0,1,1,0.4571,46,1
E001997,S0741,1,0.106,0,0,1,0,0.2086,72,0
E001998,S2084,1,0.0384,1,0,1,0,0.0812,77,0
E001999,S3778,0,0.4245,1,1,0,2,0.4166,65,1
E002000,S0063,0,0.6871,3,1,1,4,0.3591,16,1
E002001,S2262,1,0.1338,0,0,1,0,0.7346,89,1
E002002,S3757,0,0.2171,0,1,1,0,0.1335,59,0
E002003,S2814,1,0.4692,0,0,1,2,0.4216,77,0
E002004,S2456,1,0.0908,0,0,1,0,0.0222,76,0
E002005,S1458,1,0.2916,0,1,1,0,0.7101,51,0
E002006,S0474,0,0.0283,0,0,1,0,0.1638,84,0
E002007,S0301,1,0.1098,0,0,0,1,0.0165,75,0
E002008,S2338,1,0.037,0,0,1,0,0.7043,68,0
E002009,S0233,0,0.6766,3,1,1,3,0.4516,2,1
E002010,S1922,0,0.1336,0,0,1,0,0.279,60,1
E002011,S0497,1,0.0398,0,0,1,0,0.2399,85,0
E002012,S3572,1,0.0958,0,0,1,0,0.0623,65,0
E002013,S0336,1,0.425,0,1,1,1,0.2895,65,1
E002014,S1483,0,0.3836,0,0,1,1,0.7416,69,0
E002015,S1633,0,0.3445,0,0,0,0,0.4338,65,0
E002016,S0632,1,0.0438,0,0,1,0,0.6936,70,0
E002017,S0187,0,0.7451,0,1,0,2,0.4059,62,0
E002018,S2767,1,0.1594,0,0,1,1,0.1676,72,0
E002019,S1342,1,0.1179,0,0,1,0,0.0465,72,0
E002020,S0067,0,0.5502,0,0,0,2,0.4861,34,1
E002021,S2240,1,0.1055,1,0,1,0,0.0811,71,0
E002022,S2633,1,0.0251,0,0,1,0,0.1119,76,0
E002023,S1294,1,0.5881,2,0,0,1,0.6996,18,1
E002024,S3482,1,0.0439,0,0,1,0,0.0746,56,0
E002025,S2305,0,0.3038,0,0,1,1,0.4088,90,1
E002026,S0167,0,0.4574,2,0,1,0,0.527,56,0
E002027,S0670,0,0.0663,1,0,1,0,0.1116,51,0
E002028,S1063,1,0.0542,0,0,1,0,0.0486,77,0
E002029,S0307,1,0.356,0,0,1,1,0.4862,44,0
E002030,S3305,1,0.188,0,0,1,0,0.233,87,0
E002031,S3883,1,0.077,0,0,1,0,0.0726,86,0
E002032,S0351,0,0.3312,0,0,1,0,0.087,66,0
E002033,S0930,0,0.4906,2,1,0,0,0.744,40,1
E002034,S0312,1,0.014,0,0,1,0,0.4743,72,0
E002035,S1324,0,0.0846,0,1,1,0,0.0903,77,0
E002036,S3660,0,0.2994,0,0,1,0,0.4794,60,0
E002037,S0592,1,0.0023,0,0,1,0,0.1307,73,0
E002038,S3718,1,0.0541,0,0,1,0,0.1077,97,0
E002039,S2406,0,0.0431,1,0,1,0,0.316,75,0
E002040,S3644,1,0.0222,0,0,1,0,0.0745,88,0
E002041,S1727,1,0.133,0,0,1,0,0.0507,92,0
E002042,S3816,1,0.0339,0,0,1,0,0.0084,78,0
E002043,S2518,1,0.0526,0,1,1,0,0.0242,73,0
E002044,S0275,0,0.9055,5,1,0,8,0.5902,7,1
E002045,S0586,1,0.0807,0,0,1,0,0.2207,63,0
E002046,S1796,0,0.805,1,0,1,0,0.5703,19,1
E002047,S2501,1,0.0265,0,0,1,0,0.0944,91,0
E002048,S1853,1,0.0665,0,0,1,0,0.033,82,0
E002049,S0257,1,0.0646,1,0,1,0,0.5439,79,0
E002050,S0055,0,0.7694,5,1,0,4,0.6336,17,1
E002051,S3383,1,0.3201,0,0,0,0,0.4571,97,0
E002052,S0571,0,0.3243,0,0,1,1,0.3735,55,0
E002053,S3470,0,0.4672,1,0,0,0,0.4216,54,0
E002054,S2428,0,0.0896,0,0,1,0,0.0921,76,1
E002055,S2681,0,0.0529,3,0,1,0,0.0789,81,1
E002056,S2070,0,0.5293,0,1,0,0,0.2825,65,0
E002057,S0024,1,0.4536,0,0,1,1,0.5557,67,1
E002058,S3491,1,0.0914,0,0,1,0,0.467,84,0
E002059,S1939,1,0.0979,0,1,1,0,0.0798,79,0
E002060,S1166,0,0.5164,3,1,0,0,0.4791,45,1
E002061,S3174,1,0.0868,0,1,0,1,0.821,64,0
E002062,S1275,0,0.3839,4,0,0,0,0.7348,29,1
E002063,S3516,1,0.0853,0,0,1,0,0.1535,78,0
E002064,S2608,0,0.7802,2,0,0,1,0.1309,30,0
E002065,S2743,0,0.4461,2,1,1,0,0.5767,78,1
E002066,S1478,1,0.092,0,0,1,0,0.0596,73,0
E002067,S0057,1,0.3316,0,0,0,5,0.5657,60,0
E002068,S2549,1,0.1202,0,1,1,0,0.0967,79,0
E002069,S1396,1,0.1099,0,0,1,0,0.1568,69,0
E002070,S0213,0,0.7752,7,1,0,4,0.6927,0,1
E002071,S0291,1,0.3586,1,0,1,1,0.3196,56,1
E002072,S4199,1,0.0104,1,0,1,0,0.0878,84,0
E002073,S1282,1,0.0666,0,1,1,0,0.1476,63,0
E002074,S1956,1,0.1327,0,0,1,0,0.0755,66,0
E002075,S4077,1,0.066,0,0,1,0,0.2688,71,0
E002076,S0072,1,0.3261,0,0,0,5,0.3442,22,1
E002077,S3963,1,0.031,0,0,0,0,0.0864,88,0
E002078,S1988,0,0.6093,0,1,0,1,0.831,22,1
E002079,S2135,0,0.1006,0,0,0,0,0.4835,83,1
E002080,S1903,1,0.3309,1,0,1,1,0.3082,91,1
E002081,S0024,0,0.6021,1,0,1,6,0.4553,38,0
E002082,S0535,0,0.5074,0,1,1,0,0.4795,53,0
E002083,S1798,0,0.5798,0,0,1,0,0.192,65,1
E002084,S3101,0,0.4215,0,0,1,0,0.3737,65,0
E002085,S0470,1,0.0946,0,0,1,0,0.053,65,0
E002086,S3122,1,0.0591,0,0,1,1,0.1606,69,0
E002087,S3539,0,0.0915,2,0,1,1,0.1402,81,0
E002088,S0666,1,0.1809,1,0,1,0,0.0758,86,0
E002089,S0066,1,0.1563,0,0,1,0,0.5499,75,0
E002090,S3103,0,0.7908,2,1,1,0,0.9059,30,1
E002091,S0008,0,0.5447,4,1,1,1,0.6341,30,1
E002092,S0215,1,0.0446,0,0,1,0,0.0675,81,0
E002093,S0233,1,0.0456,0,0,1,0,0.1545,87,0
E002094,S0137,0,0.6657,2,1,0,3,0.7004,11,1
E002095,S3526,0,0.1223,0,0,1,0,0.1036,78,0
E002096,S0317,0,0.4108,0,0,1,1,0.328,69,0
E002097,S3914,1,0.0575,0,0,1,0,0.4444,73,0
E002098,S0052,1,0.1298,0,0,1,0,0.0136,93,0
E002099,S1527,0,0.7037,1,1,1,1,0.6658,32,1
E002100,S0905,1,0.0407,0,0,1,0,0.1058,85,0
E002101,S1440,0,0.2616,1,1,1,0,0.5014,92,1
E002102,S1575,1,0.0491,0,0,1,0,0.1417,72,0
E002103,S1298,1,0.1337,0,0,1,0,0.527,69,0
E002104,S3349,1,0.0289,0,0,1,0,0.1397,88,0
E002105,S2853,1,0.0482,0,0,0,0,0.0258,90,0
E002106,S0590,0,0.2453,0,0,1,1,0.4678,52,1
E002107,S1468,1,0.0229,0,1,1,0,0.2642,68,1
E002108,S1951,1,0.1429,1,0,1,0,0.1895,88,0
E002109,S0058,1,0.5746,1,0,0,4,0.4302,78,1
E002110,S2184,1,0.3361,0,1,0,0,0.4353,29,1
E002111,S1787,1,0.1333,0,0,1,0,0.0646,81,0
E002112,S2626,0,0.3321,0,0,1,0,0.1837,48,0
E002113,S3710,1,0.0374,0,0,1,0,0.5391,90,0
E002114,S0595,0,0.6218,4,0,0,0,0.5689,77,1
E002115,S0719,1,0.1608,0,0,1,0,0.0274,70,0
E002116,S2454,0,0.5314,1,0,1,0,0.3913,44,0
E002117,S2557,1,0.091,0,1,1,0,0.0855,83,0
E002118,S0859,0,0.4305,4,1,1,0,0.3641,49,1
E002119,S3901,1,0.1521,0,0,1,0,0.107,66,0
E002120,S2455,1,0.0486,0,0,1,0,0.2121,75,0
E002121,S0583,0,0.0622,0,1,1,0,0.0693,59,0
E002122,S0281,0,0.3194,0,0,1,1,0.0858,81,0
E002123,S3807,1,0.0357,1,0,1,0,0.2803,97,0
E002124,S0015,0,0.5748,2,1,0,2,0.2695,18,1
E002125,S3490,1,0.0335,0,0,1,0,0.005,90,0
E002126,S1785,1,0.1241,0,0,1,0,0.0284,88,0
E002127,S3980,0,0.6274,3,1,0,0,0.6548,25,1
E002128,S3163,1,0.0566,0,0,1,0,0.0509,83,0
E002129,S2048,0,0.0699,0,0,1,0,0.1357,81,0
E002130,S2526,1,0.1032,0,0,1,0,0.1133,69,0
E002131,S1282,1,0.0411,0,0,1,0,0.215,77,0
E002132,S2162,1,0.3282,1,0,1,0,0.4829,46,1
E002133,S3926,1,0.1673,1,0,1,0,0.0979,68,0
E002134,S4096,1,0.0944,0,0,0,0,0.0572,73,0
E002135,S0185,1,0.3879,2,0,1,2,0.3147,51,1
E002136,S2647,0,0.223,0,0,0,1,0.3239,39,0
E002137,S0500,1,0.0457,0,0,1,0,0.0377,85,0
E002138,S1118,0,0.5506,4,1,1,1,0.7926,34,1
E002139,S3124,1,0.0009,0,1,1,0,0.4539,78,0
E002140,S1709,1,0.1198,0,0,1,0,0.0517,80,0
E002141,S2305,1,0.2072,0,0,1,0,0.0454,73,1
E002142,S0142,1,0.0239,0,0,1,0,0.2056,78,1
E002143,S0138,0,0.5606,1,0,0,8,0.2429,51,1
E002144,S2979,1,0.1487,0,0,0,0,0.0945,100,0
E002145,S0265,1,0.2353,1,0,1,1,0.3049,54,0
E002146,S1930,0,0.2357,0,0,1,0,0.1033,63,0
E002147,S0467,1,0.0432,0,0,1,0,0.0946,78,0
E002148,S3092,1,0.084,0,0,1,0,0.0344,84,0
E002149,S0794,1,0.151,0,1,1,0,0.2887,57,0
E002150,S4057,1,0.066,0,0,1,0,0.1184,73,0
E002151,S2330,0,0.5887,0,1,0,1,0.1587,45,1
E002152,S0356,0,0.0775,0,0,1,0,0.1642,72,0
E002153,S3211,0,0.0851,0,0,1,1,0.1139,85,0
E002154,S3775,0,0.1094,0,0,1,0,0.3138,53,0
E002155,S0137,0,0.4529,1,1,0,0,0.4488,69,0
E002156,S1140,1,0.0219,0,0,1,0,0.0855,74,0
E002157,S0118,0,0.5093,1,0,1,7,0.3954,66,0
E002158,S2323,0,0.0367,0,0,1,0,0.271,74,0
E002159,S4058,0,0.4387,3,1,1,0,0.82,31,1
E002160,S3321,1,0.2417,0,0,1,0,0.0962,86,0
E002161,S0962,1,0.0614,0,0,1,0,0.347,85,0
E002162,S2339,1,0.1942,0,0,1,0,0.0908,74,0
E002163,S3580,1,0.0958,0,0,1,0,0.0811,88,0
E002164,S2246,0,0.1034,0,0,1,0,0.2216,61,0
E002165,S0137,1,0.1787,0,0,1,0,0.0325,61,0
E002166,S2786,1,0.472,0,0,1,1,0.4484,47,1
E002167,S2610,1,0.2094,0,0,1,0,0.0123,72,0
E002168,S0401,1,0.0821,0,0,1,0,0.0794,78,0
E002169,S3600,0,0.4961,0,1,1,0,0.3181,75,0
E002170,S3997,1,0.086,0,0,1,0,0.1102,74,0
E002171,S0206,0,0.4956,1,1,1,4,0.5312,15,1
E002172,S2902,0,0.7944,2,1,1,0,0.2605,13,1
E002173,S0956,1,0.4547,0,1,0,0,0.4495,56,0
E002174,S0253,0,0.8223,4,1,0,4,0.7882,19,1
E002175,S1499,1,0.1275,0,0,1,0,0.3132,63,0
E002176,S3202,1,0.0756,0,0,1,0,0.0953,73,0
E002177,S2442,1,0.4244,1,1,1,1,0.6762,57,1
E002178,S2532,1,0.15,0,0,1,0,0.1242,59,0
E002179,S2348,1,0.0336,0,0,1,0,0.2128,81,0
E002180,S3662,0,0.663,5,0,0,0,0.707,37,1
E002181,S2154,1,0.0257,0,0,1,0,0.6496,91,0
E002182,S3923,1,0.2181,1,1,1,0,0.1702,69,0
E002183,S0152,0,0.0828,0,0,1,0,0.6526,69,0
E002184,S3526,0,0.2501,0,0,1,1,0.3476,71,0
E002185,S2897,0,0.1311,0,0,1,1,0.0139,86,0
E002186,S0667,0,0.152,0,1,1,2,0.1991,44,0
E002187,S0218,1,0.027,0,1,1,0,0.0522,81,0
E002188,S1044,0,0.1562,0,0,1,0,0.8186,70,0
E002189,S3937,1,0.1527,0,1,1,0,0.2885,73,0
E002190,S2641,1,0.0141,0,0,1,0,0.074,82,0
E002191,S0249,0,0.5881,4,1,0,4,0.3399,12,1
E002192,S2338,1,0.1113,0,0,1,0,0.0496,81,0
E002193,S0815,1,0.2732,0,0,1,1,0.3203,91,1
E002194,S2970,1,0.0466,0,0,1,0,0.6722,79,0
E002195,S0482,0,0.8631,3,0,1,1,0.8283,23,1
E002196,S1241,0,0.7242,2,1,0,1,0.6078,46,1
E002197,S3600,1,0.0491,0,0,1,0,0.1794,72,0
E002198,S2090,0,0.1679,0,1,0,0,0.4628,33,0
E002199,S3537,1,0.0496,0,0,1,0,0.1792,72,0
E002200,S4104,0,0.1812,0,1,1,0,0.1617,83,0
E002201,S1106,1,0.1036,0,0,1,0,0.1172,66,0
E002202,S3412,1,0.5252,0,0,0,0,0.5828,82,1
E002203,S2948,1,0.1086,0,1,1,0,0.264,72,0
E002204,S3050,1,0.0506,1,1,1,0,0.0856,91,0
E002205,S2109,1,0.1064,0,1,1,0,0.3686,78,0
E002206,S3116,1,0.07,0,0,1,0,0.055,73,1
E002207,S0288,1,0.1211,0,1,1,0,0.1837,62,0
E002208,S0167,1,0.1335,2,0,1,0,0.0604,85,0
E002209,S0678,1,0.0956,0,0,1,0,0.0553,70,1
E002210,S0740,1,0.055,0,0,0,0,0.1093,86,0
E002211,S2318,0,0.0352,0,0,1,0,0.2475,47,0
E002212,S2340,1,0.1765,0,0,1,0,0.0653,99,0
E002213,S3423,1,0.1504,0,1,1,0,0.199,58,0
E002214,S0004,1,0.356,1,1,0,1,0.4785,64,0
E002215,S0255,1,0.2082,0,0,0,2,0.3259,48,1
E002216,S0961,0,0.3279,0,0,1,1,0.7314,57,1
E002217,S0038,1,0.5804,2,0,1,0,0.7466,44,1
E002218,S0205,0,0.5051,3,1,0,4,0.6706,9,1
E002219,S3529,0,0.2314,2,1,1,2,0.2259,82,1
E002220,S3069,1,0.0216,0,0,1,0,0.0174,100,0
E002221,S0668,0,0.5031,2,0,0,0,0.342,38,1
E002222,S0260,1,0.0198,0,0,1,0,0.1383,85,0
E002223,S3112,0,0.4335,0,0,0,0,0.684,49,0
E002224,S2350,1,0.0367,0,0,1,0,0.0634,77,0
E002225,S4093,1,0.0189,0,0,1,0,0.1071,84,1
E002226,S2182,1,0.1537,0,0,1,0,0.4134,78,0
E002227,S0239,1,0.612,0,1,1,1,0.6468,41,0
E002228,S0659,0,0.4016,2,0,1,0,0.614,38,1
E002229,S0256,0,0.8174,4,0,0,5,0.4812,4,1
E002230,S3020,1,0.1163,1,0,1,0,0.0774,86,0
E002231,S1517,1,0.0427,0,1,1,0,0.2334,100,0
E002232,S0232,0,0.6039,3,1,0,4,0.4723,2,1
E002233,S1843,1,0.0931,0,0,1,0,0.4905,83,0
E002234,S0236,0,0.5589,1,1,0,5,0.858,31,1
E002235,S1732,0,0.2467,0,0,1,0,0.5217,80,0
E002236,S0167,0,0.855,7,1,0,4,0.811,46,1
E002237,S0146,1,0.0696,1,0,1,0,0.1881,74,0
E002238,S0184,1,0.7729,0,0,1,1,0.4485,39,1
E002239,S3371,1,0.208,0,1,1,0,0.194,59,0
E002240,S1302,0,0.6618,1,1,1,0,0.1563,38,1
E002241,S0090,0,0.5916,2,1,1,0,0.779,27,1
E002242,S2183,1,0.0913,0,0,1,0,0.0113,84,0
E002243,S1463,1,0.1043,0,0,1,0,0.3346,78,1
E002244,S1284,1,0.0491,0,0,0,0,0.2272,77,0
E002245,S0870,1,0.0556,0,0,1,0,0.8474,53,0
E002246,S2420,1,0.0692,1,0,1,0,0.1325,78,0
E002247,S2110,0,0.4489,1,1,0,2,0.6948,54,1
E002248,S0789,0,0.4596,2,1,1,0,0.3957,39,1
E002249,S2509,0,0.3929,3,0,1,2,0.3449,55,1
E002250,S2478,1,0.1401,0,0,1,0,0.1226,81,0
E002251,S1513,0,0.7623,3,1,1,1,0.285,28,1
E002252,S4119,1,0.872,1,1,1,1,0.3746,64,0
E002253,S0436,1,0.0372,0,0,1,0,0.1718,81,0
E002254,S0716,0,0.0688,0,0,1,1,0.1619,70,0
E002255,S0220,0,0.6954,0,0,1,3,0.4411,46,1
E002256,S3290,0,0.6754,1,1,1,0,0.6951,19,1
E002257,S3451,0,0.0331,0,0,1,0,0.1337,76,0
E002258,S2365,0,0.0988,0,0,1,0,0.117,78,0
E002259,S2530,0,0.2017,0,1,1,0,0.5392,53,0
E002260,S1685,1,0.1766,0,0,1,0,0.6019,81,0
E002261,S0221,0,0.758,5,1,0,3,0.9481,0,1
E002262,S2461,1,0.0183,0,0,1,0,0.0576,81,0
E002263,S3156,0,0.1603,0,1,1,3,0.2974,32,0
E002264,S2616,0,0.0547,0,0,1,0,0.0896,51,1
E002265,S0729,0,0.1316,0,0,0,2,0.2692,76,1
E002266,S3092,0,0.527,1,0,1,1,0.7224,4,1
E002267,S0043,1,0.1527,0,0,1,0,0.0574,74,0
E002268,S0764,1,0.0506,0,1,1,0,0.1259,93,0
E002269,S1655,1,0.091,0,0,1,0,0.0608,84,0
E002270,S3157,1,0.1195,0,0,1,0,0.1144,99,0
E002271,S1299,0,0.1695,0,0,0,0,0.0877,73,0
E002272,S2583,1,0.0681,1,1,1,0,0.0981,84,1
E002273,S0482,0,0.4249,1,0,1,0,0.4355,48,0
E002274,S3561,1,0.0203,0,0,1,0,0.1093,65,0
E002275,S1973,0,0.0671,0,0,1,0,0.0366,84,0
E002276,S1184,0,0.558,2,1,1,0,0.8604,55,1
E002277,S0218,0,0.0458,0,0,1,0,0.1032,60,0
E002278,S0215,0,0.7585,3,1,0,4,0.5763,27,1
E002279,S0097,1,0.5379,0,0,1,1,0.5773,48,1
E002280,S1055,1,0.0518,0,0,1,0,0.1516,72,0
E002281,S2532,0,0.5063,0,0,1,0,0.0926,72,1
E002282,S2729,1,0.0635,0,0,1,0,0.0219,78,0
E002283,S1181,1,0.157,0,1,1,1,0.1853,76,0
E002284,S2565,1,0.1209,0,0,1,0,0.0299,92,0
E002285,S3500,1,0.1957,1,0,1,0,0.3808,76,0
E002286,S0277,1,0.2538,1,0,0,5,0.3062,23,1
E002287,S2829,1,0.0543,0,0,1,1,0.097,72,0
E002288,S4102,0,0.1773,0,0,1,0,0.1355,71,0
E002289,S1687,1,0.0481,1,0,1,0,0.1649,81,0
E002290,S4170,1,0.0484,1,0,1,0,0.2598,77,0
E002291,S3655,1,0.1631,0,1,1,0,0.1072,70,0
E002292,S0082,1,0.5041,1,0,1,6,0.0426,15,1
E002293,S2232,1,0.0953,0,0,1,0,0.4647,81,0
E002294,S3784,1,0.792,0,0,1,0,0.4426,99,0
E002295,S3846,1,0.034,0,0,1,0,0.0212,81,0
E002296,S3283,1,0.689,1,0,0,0,0.9028,29,1
E002297,S0151,0,0.8461,5,1,0,4,0.6261,29,1
E002298,S0094,1,0.2746,1,0,1,0,0.0557,90,0
E002299,S4112,1,0.0608,0,0,1,0,0.1209,63,0
E002300,S1205,1,0.2898,0,0,1,0,0.2697,65,0
E002301,S0254,0,0.1177,1,0,1,2,0.2658,38,1
E002302,S4182,0,0.0167,0,0,1,0,0.1526,72,0
E002303,S2286,1,0.0618,0,0,1,0,0.0238,77,0
E002304,S2614,1,0.0619,0,0,1,0,0.0353,79,0
E002305,S2477,0,0.6888,5,1,0,1,0.4743,43,1
E002306,S2852,1,0.0104,0,0,1,0,0.0356,80,0
E002307,S2725,1,0.038,0,0,1,0,0.4491,74,0
E002308,S1349,0,0.2187,0,0,1,0,0.0311,95,0
E002309,S2960,1,0.0272,0,0,1,0,0.1424,62,0
E002310,S2882,1,0.0566,0,0,1,0,0.0789,78,0
E002311,S3517,1,0.0397,0,0,1,0,0.0832,80,0
E002312,S0159,1,0.4709,0,0,0,3,0.2866,53,1
E002313,S1703,1,0.0166,0,1,1,0,0.1074,86,0
E002314,S3054,1,0.0296,0,0,1,0,0.1657,75,0
E002315,S0922,0,0.3771,1,0,1,0,0.1831,70,0
E002316,S0005,1,0.2884,2,0,0,3,0.1995,25,1
E002317,S3233,1,0.0405,0,0,1,0,0.0264,70,0
E002318,S1933,1,0.0949,0,0,1,0,0.0446,75,0
E002319,S0254,1,0.1747,0,0,0,5,0.3443,69,0
E002320,S3431,0,0.7103,5,1,0,1,0.5406,67,1
E002321,S0598,0,0.7587,1,0,1,0,0.3779,54,1
E002322,S3842,1,0.1394,1,1,1,0,0.3042,61,0
E002323,S2938,1,0.5141,1,0,1,1,0.5383,54,0
E002324,S0837,1,0.0763,0,0,1,0,0.0508,83,0
E002325,S3900,1,0.5506,0,0,1,1,0.183,55,0
E002326,S3471,0,0.3335,2,1,1,0,0.7706,3,1
E002327,S0010,0,0.4156,1,0,0,5,0.7566,22,1
E002328,S2783,1,0.0506,0,0,1,0,0.0847,79,0
E002329,S1440,1,0.0897,0,0,1,0,0.0454,84,0
E002330,S2220,0,0.6847,3,0,1,2,0.6401,62,0
E002331,S2650,0,0.1295,1,0,1,1,0.5786,88,0
E002332,S2661,1,0.0243,0,0,1,0,0.1627,84,0
E002333,S1083,0,0.2332,0,0,1,0,0.0864,79,0
E002334,S0496,0,0.7575,1,0,1,0,0.6851,28,1
E002335,S3415,1,0.0103,0,1,1,0,0.2711,62,0
E002336,S3619,1,0.0492,0,0,1,0,0.1788,67,0
E002337,S2568,1,0.1856,1,0,1,0,0.2467,100,0
E002338,S1309,1,0.1327,0,1,0,0,0.2176,61,0
E002339,S3676,1,0.0413,1,0,1,0,0.0199,84,0
E002340,S1424,1,0.0365,0,0,1,0,0.1036,89,0
E002341,S0053,0,0.4174,0,0,0,0,0.2893,52,0
E002342,S2574,1,0.6134,0,1,1,0,0.481,100,0
E002343,S0093,1,0.1568,0,0,1,0,0.1361,90,0
E002344,S0698,0,0.6049,3,0,0,1,0.4134,27,1
E002345,S2369,0,0.0409,0,0,1,0,0.0126,55,0
E002346,S4023,1,0.1087,0,0,1,0,0.0877,77,0
E002347,S0069,0,0.6857,1,1,0,1,0.563,29,1
E002348,S1171,0,0.119,0,0,1,0,0.1879,83,0
E002349,S0149,0,0.6241,3,0,0,4,0.7242,18,1
E002350,S1367,0,0.3731,0,0,1,0,0.3841,38,1
E002351,S1290,1,0.097,0,0,1,0,0.0866,91,0
E002352,S2593,0,0.0344,0,1,1,0,0.0474,87,0
E002353,S3062,0,0.0906,1,0,1,1,0.1154,63,0
E002354,S0133,1,0.4087,0,0,1,5,0.5197,56,0
E002355,S1721,1,0.1467,0,0,1,0,0.2002,75,0
E002356,S2588,1,0.1826,1,1,1,0,0.0597,78,0
E002357,S0711,1,0.1044,0,0,1,1,0.036,77,0
E002358,S3222,0,0.5528,1,0,1,0,0.3919,73,1
E002359,S0469,0,0.0551,2,0,1,1,0.3167,85,0
E002360,S0768,0,0.0345,0,0,0,0,0.1532,82,0
E002361,S2053,0,0.4922,1,1,0,1,0.3022,50,1
E002362,S3118,0,0.2696,0,1,1,2,0.6077,63,1
E002363,S3571,1,0.139,0,0,1,0,0.4376,84,0
E002364,S1099,1,0.109,0,0,1,0,0.1987,66,0
E002365,S2458,0,0.4298,0,0,1,1,0.2948,54,1
E002366,S1439,1,0.0847,0,0,1,0,0.029,76,0
E002367,S1766,1,0.5567,2,1,0,0,0.6977,47,1
E002368,S3143,0,0.0299,1,0,1,0,0.3013,95,0
E002369,S1143,1,0.1183,0,0,1,0,0.5097,68,0
E002370,S2653,0,0.0913,1,0,1,0,0.0774,60,0
E002371,S3211,0,0.0355,0,0,1,0,0.1267,80,0
E002372,S2385,1,0.1173,0,0,1,0,0.2633,69,0
E002373,S0171,1,0.3154,1,1,0,8,0.2009,23,0
E002374,S0013,1,0.2531,1,0,0,2,0.385,49,1
E002375,S0432,1,0.1616,0,0,1,0,0.079,67,0
E002376,S1893,1,0.2035,0,0,1,0,0.2202,81,0
E002377,S1467,0,0.1304,0,0,1,1,0.1779,79,0
E002378,S0285,0,0.8576,4,0,0,7,0.7718,24,1
E002379,S1177,1,0.082,0,0,1,0,0.0167,84,0
E002380,S3010,1,0.0429,0,0,1,0,0.0875,72,0
E002381,S0098,0,0.818,3,1,0,2,0.8001,25,1
E002382,S3933,1,0.0386,0,0,1,0,0.0921,82,0
E002383,S1620,1,0.021,0,0,1,0,0.204,76,0
E002384,S2798,0,0.058,0,0,1,0,0.033,67,0
E002385,S2145,1,0.1055,0,0,1,1,0.0223,89,1
E002386,S2938,1,0.1013,0,1,1,0,0.1786,80,0
E002387,S2877,1,0.1035,0,0,1,0,0.0128,67,0
E002388,S2117,1,0.1764,0,0,1,0,0.1324,75,0
E002389,S3293,0,0.1162,1,0,1,0,0.1951,44,0
E002390,S2213,1,0.0409,0,0,1,0,0.1631,80,0
E002391,S1278,1,0.1224,0,0,1,0,0.1514,95,0
E002392,S3218,1,0.3513,0,1,1,0,0.527,34,0
E002393,S0056,0,0.7125,2,1,0,2,0.7093,28,1
E002394,S3418,1,0.0754,0,0,1,0,0.0986,72,0
E002395,S0211,0,0.6473,4,1,0,4,0.8305,24,1
E002396,S0818,1,0.1228,0,0,1,0,0.582,80,0
E002397,S4030,0,0.0484,0,0,1,0,0.1097,60,0
E002398,S0282,0,0.4782,0,1,1,1,0.3552,75,0
E002399,S1976,1,0.1957,0,0,1,0,0.0534,75,0
E002400,S3951,1,0.2471,2,0,1,1,0.6118,58,1
E002401,S0176,0,0.8196,4,1,0,3,0.6748,20,1
E002402,S0309,0,0.5444,2,1,1,0,0.7159,14,1
E002403,S2770,1,0.0852,0,0,1,0,0.0339,71,0
E002404,S3180,0,0.4871,1,1,0,1,0.5463,33,1
E002405,S3321,1,0.1041,0,0,1,0,0.1091,85,0
E002406,S3556,0,0.2031,0,0,1,0,0.0164,66,0
E002407,S0512,1,0.2601,0,0,1,0,0.0494,68,0
E002408,S1463,1,0.0962,0,0,1,0,0.0328,95,0
E002409,S0976,1,0.4956,1,0,0,0,0.4889,69,0
E002410,S0861,0,0.2422,1,1,1,0,0.603,2,1
E002411,S1321,0,0.0223,0,0,1,0,0.0211,72,0
E002412,S0116,1,0.1603,0,0,1,0,0.3654,75,0
E002413,S0828,0,0.0242,0,0,1,0,0.0963,47,0
E002414,S3414,1,0.0538,0,0,1,1,0.1284,100,0
E002415,S1929,0,0.5177,2,1,0,1,0.7497,46,1
E002416,S2013,1,0.2735,0,0,1,0,0.0699,81,0
E002417,S0147,1,0.425,0,0,1,2,0.2141,58,1
E002418,S0970,1,0.0597,0,0,1,0,0.1875,70,0
E002419,S0966,1,0.0591,0,0,1,0,0.1749,80,0
E002420,S3896,1,0.363,0,0,1,1,0.5185,64,1
E002421,S2793,1,0.0391,0,0,1,0,0.21,91,0
E002422,S1878,1,0.1279,1,0,1,0,0.1914,91,0
E002423,S3455,1,0.0465,0,0,1,0,0.0971,71,0
E002424,S1087,1,0.0642,0,0,1,0,0.2106,85,0
E002425,S0834,0,0.6309,3,1,0,0,0.3126,48,1
E002426,S1180,1,0.031,0,0,1,0,0.5042,67,0
E002427,S3688,1,0.0815,0,0,1,0,0.0596,85,0
E002428,S2065,1,0.1013,0,0,1,0,0.089,73,0
E002429,S1373,0,0.8119,1,1,1,0,0.4064,48,1
E002430,S2656,0,0.7312,0,1,0,1,0.7232,36,1
E002431,S1890,1,0.1661,0,0,1,0,0.1147,63,0
E002432,S4078,1,0.009,0,0,1,0,0.0166,91,0
E002433,S0019,1,0.5514,0,1,1,1,0.5817,67,0
E002434,S0065,0,0.7598,4,0,0,5,0.6254,17,1
E002435,S1390,0,0.4147,1,0,1,0,0.2241,52,0
E002436,S2724,1,0.0548,0,0,1,0,0.0273,89,0
E002437,S0714,0,0.2818,1,0,1,2,0.5373,52,0
E002438,S0134,0,0.7753,3,1,0,3,0.5603,17,1
E002439,S3647,1,0.1887,0,0,1,0,0.0295,50,0
E002440,S0260,0,0.4997,2,0,1,5,0.5293,67,1
E002441,S2851,0,0.1656,0,0,1,0,0.0932,73,0
E002442,S3652,1,0.0354,0,0,1,0,0.2029,75,0
E002443,S0181,0,0.54,0,0,0,3,0.2036,32,1
E002444,S0088,1,0.1419,0,0,1,0,0.1108,100,0
E002445,S4050,0,0.0217,0,0,1,0,0.3309,74,0
E002446,S0328,1,0.0216,0,0,1,0,0.1024,72,1
E002447,S0250,1,0.4395,0,0,0,1,0.2241,54,1
E002448,S0820,1,0.0984,0,0,1,0,0.0632,92,0
E002449,S3061,1,0.0227,0,0,1,0,0.1376,82,0
E002450,S0511,1,0.1998,0,0,1,0,0.0681,73,0
E002451,S0507,1,0.025,0,0,1,0,0.0866,79,0
E002452,S0213,0,0.5495,6,1,0,3,0.5871,14,1
E002453,S0853,0,0.1546,0,0,1,0,0.2064,65,0
E002454,S0267,0,0.6585,1,1,0,3,0.6992,11,1
E002455,S0050,0,0.1886,0,0,1,6,0.4662,68,1
E002456,S0171,0,0.7496,2,1,0,5,0.7687,0,1
E002457,S3936,1,0.0253,0,0,1,0,0.067,73,0
E002458,S0503,0,0.8849,1,0,0,0,0.2452,80,1
E002459,S1533,0,0.7209,1,0,0,0,0.8004,38,1
E002460,S3992,0,0.1285,0,0,1,1,0.4794,29,0
E002461,S4027,1,0.1515,0,0,1,0,0.1354,83,0
E002462,S3169,1,0.024,0,0,1,0,0.1146,98,0
E002463,S1615,0,0.8429,4,0,0,1,0.6475,29,1
E002464,S0706,1,0.3951,0,0,1,1,0.6065,29,0
E002465,S2890,1,0.1379,0,0,1,0,0.1791,80,0
E002466,S3852,1,0.13,0,0,1,0,0.3928,75,0
E002467,S0270,1,0.0947,0,0,1,0,0.1616,75,0
E002468,S2365,1,0.1805,0,0,1,0,0.0523,74,1
E002469,S2501,0,0.5276,1,1,0,0,0.7282,36,1
E002470,S4187,1,0.0397,0,0,1,0,0.0565,86,0
E002471,S0930,1,0.0331,0,0,1,0,0.118,85,0
E002472,S3943,1,0.2134,0,1,1,0,0.2947,84,1
E002473,S3615,1,0.3985,1,1,1,0,0.62,55,0
E002474,S1402,1,0.0071,0,1,1,0,0.0963,66,0
E002475,S0185,1,0.166,0,0,1,3,0.5775,54,1
E002476,S3847,1,0.0216,0,0,1,0,0.0529,87,0
E002477,S2921,0,0.5089,0,0,1,1,0.3979,84,1
E002478,S2412,0,0.1716,0,0,1,0,0.059,65,0
E002479,S4176,0,0.2523,0,1,1,1,0.3537,62,1
E002480,S0248,0,0.8079,5,1,0,3,0.6725,19,0
E002481,S1640,1,0.0412,0,0,1,0,0.0961,100,0
E002482,S4144,1,0.0314,0,0,1,0,0.0526,81,0
E002483,S2854,1,0.0718,0,0,1,0,0.1241,77,0
E002484,S0205,1,0.2639,2,0,1,1,0.2832,46,1
E002485,S2536,1,0.1491,0,1,1,0,0.312,69,0
E002486,S3603,1,0.2516,0,0,1,0,0.0102,74,0
E002487,S3565,1,0.1743,0,0,0,0,0.0483,95,0
E002488,S0070,1,0.6909,2,1,1,4,0.2579,40,1
E002489,S3397,1,0.0653,0,0,1,0,0.0506,72,0
E002490,S2448,0,0.4491,0,0,1,0,0.1633,88,0
E002491,S0145,1,0.325,1,1,1,6,0.5651,28,1
E002492,S2371,1,0.0572,0,0,1,0,0.128,85,0
E002493,S1556,0,0.3604,0,0,1,1,0.3429,34,0
E002494,S0070,0,0.2107,0,0,1,0,0.102,78,1
E002495,S3863,0,0.2032,0,0,1,1,0.0342,70,0
E002496,S0147,1,0.1035,0,0,1,0,0.0385,93,0
E002497,S3282,1,0.1137,0,0,1,0,0.4297,70,0
E002498,S2025,1,0.209,0,0,1,0,0.0815,84,0
E002499,S0940,1,0.0648,0,0,1,0,0.0766,100,0
E002500,S0084,1,0.3513,3,0,1,5,0.402,69,1
E002501,S3508,1,0.0434,0,0,1,0,0.5576,68,0
E002502,S3934,1,0.0687,0,0,1,0,0.1649,75,0
E002503,S1898,1,0.084,0,0,1,0,0.1449,76,0
E002504,S0182,0,0.6197,2,1,0,3,0.7627,30,1
E002505,S3942,0,0.6299,1,0,1,2,0.4777,82,1
E002506,S0965,0,0.1428,0,0,1,0,0.2047,72,0
E002507,S2955,0,0.6371,3,1,1,2,0.5891,30,0
E002508,S1184,1,0.7402,2,0,0,1,0.8396,31,1
E002509,S1193,1,0.1651,0,0,1,0,0.1142,70,0
E002510,S3412,1,0.0355,0,0,1,0,0.0366,83,0
E002511,S1301,1,0.0864,0,0,1,0,0.0658,83,0
E002512,S0209,1,0.4325,0,1,1,3,0.5415,22,0
E002513,S0193,0,0.5909,2,1,1,2,0.3004,18,1
E002514,S1878,1,0.1442,0,0,1,0,0.0516,80,0
E002515,S2278,1,0.1625,0,0,1,0,0.0226,69,0
E002516,S0989,1,0.085,0,0,1,0,0.0592,80,0
E002517,S1879,1,0.0424,0,0,1,0,0.1468,92,0
E002518,S0289,1,0.2894,1,0,0,1,0.6222,37,1
E002519,S1441,0,0.1582,0,1,1,0,0.5307,32,0
E002520,S0416,1,0.061,1,0,1,0,0.0802,73,0
E002521,S1304,1,0.1145,1,0,1,0,0.0725,70,0
E002522,S2806,0,0.4426,0,1,1,0,0.3897,66,0
E002523,S0263,0,0.4742,5,1,1,2,0.4794,35,1
E002524,S0071,1,0.0914,0,0,1,0,0.1222,88,0
E002525,S2372,0,0.1107,0,1,0,0,0.1438,77,0
E002526,S0195,0,0.8788,3,1,1,7,0.7968,18,1
E002527,S0834,1,0.0832,0,0,1,0,0.0581,90,0
E002528,S0151,0,0.4784,3,0,1,0,0.5017,50,1
E002529,S1452,0,0.164,0,0,0,1,0.2273,38,0
E002530,S1890,1,0.0498,0,0,1,0,0.1688,82,0
E002531,S1075,1,0.1816,0,0,1,0,0.3657,72,1
E002532,S0268,0,0.6531,4,0,1,4,0.3908,0,1
E002533,S0728,1,0.0976,0,0,1,0,0.0351,65,0
E002534,S3387,0,0.0418,1,0,1,0,0.2378,85,0
E002535,S0036,0,0.1779,0,0,0,3,0.6233,14,1
E002536,S0220,0,0.7674,1,0,0,4,0.4187,22,1
E002537,S3316,1,0.2235,1,0,1,0,0.1177,75,0
E002538,S2590,1,0.3723,0,0,1,0,0.6783,58,0
E002539,S1735,1,0.2584,0,1,0,0,0.2414,61,0
E002540,S0813,1,0.1096,0,1,1,0,0.3438,74,0
E002541,S2208,1,0.0825,1,0,0,0,0.2329,80,0
E002542,S1224,1,0.0602,0,1,1,0,0.102,63,0
E002543,S2537,1,0.1922,0,0,1,0,0.36,99,0
E002544,S0200,0,0.9174,2,1,0,4,0.6661,0,1
E002545,S2562,0,0.142,0,0,1,0,0.1358,84,0
E002546,S0139,1,0.0249,0,0,0,0,0.1062,65,0
E002547,S1780,1,0.2049,1,0,1,0,0.4012,75,0
E002548,S0951,1,0.0811,0,0,1,0,0.0886,97,0
E002549,S0313,1,0.0163,0,0,1,0,0.0531,65,0
E002550,S0520,1,0.0695,1,0,1,0,0.152,78,0
E002551,S2290,1,0.04,0,0,1,0,0.0592,75,0
E002552,S0436,1,0.008,0,0,1,0,0.0434,70,0
E002553,S0324,1,0.2846,0,1,1,0,0.0908,55,1
E002554,S3799,1,0.0631,0,0,1,0,0.1285,88,0
E002555,S0872,1,0.048,0,0,1,0,0.0411,77,0
E002556,S0265,0,0.5365,0,1,1,3,0.6678,57,1
E002557,S1834,0,0.1623,0,0,1,0,0.0688,81,0
E002558,S0538,0,0.0797,0,0,1,0,0.1816,99,0
E002559,S0020,0,0.738,5,0,0,5,0.7693,10,1
E002560,S3951,1,0.0843,0,0,1,0,0.6952,60,0
E002561,S3778,1,0.2375,0,0,1,0,0.1445,84,0
E002562,S2139,1,0.3372,0,0,1,0,0.4226,48,1
E002563,S0138,0,0.7115,2,1,0,2,0.775,13,1
E002564,S0104,0,0.6592,2,1,1,3,0.6271,18,1
E002565,S0225,1,0.3179,1,1,1,5,0.2527,59,1
E002566,S2285,1,0.1177,0,0,1,0,0.1204,75,0
E002567,S1010,1,0.0413,0,0,1,0,0.3665,81,0
E002568,S4062,1,0.0822,0,0,1,0,0.0811,96,1
E002569,S2959,1,0.0733,0,0,1,0,0.6542,74,0
E002570,S1514,1,0.2075,0,0,1,0,0.1686,74,0
E002571,S3083,0,0.106,0,0,1,0,0.0774,65,0
E002572,S0105,0,0.8057,4,0,1,2,0.7613,0,1
E002573,S3302,0,0.0322,0,0,1,0,0.1097,89,0
E002574,S0053,0,0.303,1,0,1,1,0.2147,57,0
E002575,S1030,1,0.0444,0,0,1,0,0.0722,86,0
E002576,S2966,0,0.1456,0,0,0,1,0.3048,97,0
E002577,S0164,0,0.5863,7,1,1,8,0.8794,20,1
E002578,S0398,1,0.1218,1,0,1,0,0.0686,94,0
E002579,S0191,0,0.6833,3,0,0,4,0.8159,0,1
E002580,S0555,0,0.5416,3,0,1,1,0.69,45,1
E002581,S0773,1,0.0858,0,0,1,0,0.0159,89,0
E002582,S3765,1,0.0905,0,0,0,0,0.1125,73,0
E002583,S1477,1,0.1433,0,0,1,0,0.05,81,0
E002584,S0229,1,0.0483,0,0,1,0,0.657,84,1
E002585,S3173,1,0.0618,0,1,1,1,0.101,80,0
E002586,S1522,0,0.0256,0,1,1,0,0.1965,55,0
E002587,S1504,1,0.0811,0,0,0,0,0.0247,81,0
E002588,S0209,1,0.4669,2,0,1,0,0.2513,25,1
E002589,S2592,1,0.0586,2,0,1,0,0.6162,52,0
E002590,S2804,0,0.2745,0,0,1,1,0.1095,53,0
E002591,S3559,1,0.1353,0,0,1,0,0.534,90,0
E002592,S0481,1,0.0236,0,0,0,0,0.0595,91,0
E002593,S0010,1,0.0219,0,0,1,0,0.0507,95,0
E002594,S1078,0,0.0895,0,1,1,0,0.1416,81,0
E002595,S0758,1,0.0988,0,0,1,0,0.1036,95,0
E002596,S4026,0,0.3506,1,0,1,0,0.4351,74,1
E002597,S0104,1,0.8216,0,1,0,1,0.2719,32,0
E002598,S2223,1,0.0319,0,0,1,0,0.1089,82,0
E002599,S3209,1,0.2568,0,1,1,0,0.1748,57,0
E002600,S2541,1,0.0451,0,0,1,0,0.0727,87,0
E002601,S0067,0,0.606,1,1,0,7,0.7249,24,1
E002602,S0266,0,0.5411,0,0,1,4,0.5363,50,1
E002603,S3532,0,0.0925,0,0,1,0,0.1298,75,0
E002604,S0540,0,0.3537,0,0,1,0,0.5006,59,0
E002605,S1488,0,0.1162,0,0,0,1,0.4333,53,0
E002606,S1381,1,0.4477,0,0,1,1,0.5342,35,1
E002607,S1070,1,0.2028,0,0,1,0,0.4065,70,0
E002608,S3719,1,0.1023,0,0,1,0,0.0853,85,0
E002609,S1946,1,0.078,1,0,1,1,0.0653,81,0
E002610,S2567,1,0.1879,0,0,0,0,0.0874,78,0
E002611,S0740,1,0.0939,0,0,1,0,0.0768,77,0
E002612,S0299,0,0.4965,0,0,1,3,0.7062,37,1
E002613,S2108,1,0.1014,0,0,1,0,0.1266,73,0
E002614,S1784,1,0.1007,0,0,1,0,0.0792,64,0
E002615,S3068,1,0.0598,0,0,1,0,0.0913,75,0
E002616,S0412,1,0.1033,0,0,1,0,0.0654,80,0
E002617,S0954,1,0.0082,0,0,1,0,0.4132,72,0
E002618,S2715,1,0.0487,0,0,1,0,0.312,72,0
E002619,S2906,1,0.4089,2,0,1,1,0.3365,54,1
E002620,S0708,1,0.0251,0,0,1,0,0.0308,84,0
E002621,S0886,0,0.5395,2,0,0,0,0.5666,61,1
E002622,S0124,1,0.06,0,0,1,0,0.064,72,0
E002623,S0239,0,0.8253,2,1,0,2,0.7686,4,1
E002624,S2493,0,0.8373,2,1,1,0,0.505,42,1
E002625,S3330,1,0.384,1,0,1,0,0.2931,39,0
E002626,S2827,0,0.0467,0,0,1,0,0.2062,71,0
E002627,S3546,0,0.1136,1,1,1,0,0.1205,57,0
E002628,S0152,1,0.6821,0,0,1,6,0.3001,60,1
E002629,S0620,1,0.1248,0,0,1,0,0.1021,71,0
E002630,S0219,1,0.8277,4,0,0,3,0.7492,23,1
E002631,S2105,1,0.2005,0,0,1,0,0.6471,95,1
E002632,S3834,0,0.5522,2,0,1,1,0.7688,14,1
E002633,S0009,0,0.4301,1,0,1,4,0.503,50,1
E002634,S3874,1,0.092,0,0,1,0,0.024,64,0
E002635,S1397,1,0.0456,0,0,1,0,0.0427,90,0
E002636,S0202,0,0.7936,2,1,0,4,0.6628,39,1
E002637,S0382,0,0.212,0,1,0,0,0.1013,73,0
E002638,S3788,0,0.033,0,0,1,0,0.1725,59,0
E002639,S3618,1,0.0346,0,0,1,0,0.1137,75,0
E002640,S1088,1,0.0501,0,0,1,0,0.0556,94,0
E002641,S1821,1,0.0547,0,0,0,0,0.2879,91,0
E002642,S1938,1,0.0844,0,0,1,0,0.0385,78,0
E002643,S3757,0,0.6861,4,0,0,0,0.8152,36,1
E002644,S4093,1,0.0642,0,0,1,0,0.0827,69,0
E002645,S0145,0,0.8576,0,1,0,3,0.6611,18,0
E002646,S1709,1,0.054,0,0,1,0,0.0442,72,0
E002647,S3422,1,0.0746,0,1,1,0,0.0484,85,0
E002648,S1312,0,0.0105,0,0,1,0,0.1006,96,0
E002649,S1760,1,0.139,0,0,1,0,0.0545,95,0
E002650,S3267,0,0.013,0,0,1,0,0.0787,51,0
E002651,S2048,1,0.083,0,0,1,0,0.0809,89,0
E002652,S2530,1,0.0332,0,0,1,0,0.4486,79,0
E002653,S1227,0,0.1212,0,0,0,0,0.2761,59,0
E002654,S0982,0,0.8352,7,1,1,1,0.7838,24,1
E002655,S3898,1,0.0621,0,0,1,0,0.0297,79,0
E002656,S2252,1,0.0584,0,0,1,0,0.1508,88,0
E002657,S0168,0,0.6948,4,0,0,7,0.4234,16,1
E002658,S1552,1,0.0519,0,0,1,0,0.0707,100,0
E002659,S3143,1,0.1004,0,0,1,0,0.0587,85,0
E002660,S0984,1,0.0107,0,0,1,0,0.0179,88,0
E002661,S0004,0,0.1186,0,0,1,1,0.0833,67,0
E002662,S3763,1,0.0877,0,1,1,0,0.136,88,0
E002663,S0035,1,0.58,1,0,0,2,0.172,43,1
E002664,S0130,1,0.5077,0,0,1,5,0.3616,56,1
E002665,S1299,1,0.0211,1,0,1,0,0.1916,79,0
E002666,S3013,1,0.0384,0,0,1,0,0.1606,74,0
E002667,S2144,1,0.2282,0,0,1,0,0.5461,85,0
E002668,S1936,0,0.3676,0,0,0,0,0.4527,85,1
E002669,S0036,1,0.0096,0,0,1,0,0.4096,69,0
E002670,S1247,0,0.0874,0,1,1,1,0.0526,67,0
E002671,S0819,0,0.3209,0,0,1,0,0.5036,39,1
E002672,S3511,1,0.6493,1,0,0,1,0.3625,14,1
E002673,S3070,1,0.6676,3,0,0,1,0.5999,45,1
E002674,S3468,1,0.1641,0,0,1,0,0.6208,82,0
E002675,S2349,0,0.4804,1,0,0,0,0.6245,39,0
E002676,S0193,0,0.5671,5,0,1,6,0.7389,20,1
E002677,S3788,0,0.3702,0,0,0,0,0.4261,94,1
E002678,S0436,1,0.0677,0,0,1,1,0.1219,90,0
E002679,S1989,1,0.0175,0,0,1,0,0.0429,66,0
E002680,S2299,0,0.2994,0,0,1,0,0.1433,24,0
E002681,S1429,1,0.0796,0,0,0,0,0.3676,94,0
E002682,S0158,0,0.7161,3,0,0,5,0.739,0,1
E002683,S0979,0,0.0611,0,0,1,0,0.1996,77,0
E002684,S0516,1,0.066,0,0,0,0,0.0362,74,0
E002685,S3775,1,0.0732,0,1,1,0,0.1927,77,0
E002686,S2511,1,0.1024,0,1,1,0,0.2624,76,0
E002687,S0843,0,0.1711,0,0,1,0,0.0498,95,0
E002688,S3710,0,0.8662,1,0,1,1,0.3683,0,1
E002689,S3055,1,0.485,0,0,1,0,0.7184,52,1
E002690,S3410,1,0.0253,0,0,1,0,0.0819,77,0
E002691,S1423,0,0.5872,1,1,1,0,0.4208,14,1
E002692,S3204,1,0.086,0,0,1,0,0.1211,76,0
E002693,S2515,0,0.1056,0,0,1,0,0.0576,81,0
E002694,S3581,1,0.022,0,0,1,0,0.1655,100,0
E002695,S0002,0,0.2425,1,0,0,5,0.4516,19,1
E002696,S0496,1,0.2152,0,0,1,1,0.3525,58,1
E002697,S2538,0,0.4414,2,0,1,1,0.5432,44,0
E002698,S1767,1,0.0299,0,0,1,0,0.0322,84,0
E002699,S3903,1,0.0266,0,0,1,0,0.0561,76,0
E002700,S0838,1,0.2326,0,0,1,0,0.1258,72,0
E002701,S1751,1,0.0425,0,0,1,0,0.1454,92,0
E002702,S3543,1,0.0532,1,0,0,0,0.5402,84,0
E002703,S1104,1,0.0865,0,1,1,0,0.1213,70,0
E002704,S0565,0,0.3931,1,1,1,1,0.3446,32,1
E002705,S1871,1,0.1633,0,1,1,0,0.2368,73,0
E002706,S3730,1,0.16,0,1,1,0,0.083,73,1
E002707,S0316,1,0.131,0,1,1,0,0.7091,95,0
E002708,S4105,1,0.0109,1,0,1,0,0.7509,82,0
E002709,S0408,0,0.092,1,0,1,0,0.2243,83,0
E002710,S2445,1,0.0413,0,0,1,0,0.0419,79,0
E002711,S3279,0,0.4955,1,1,0,0,0.7733,36,1
E002712,S3026,1,0.489,0,0,1,0,0.8709,46,1
E002713,S1899,1,0.1647,1,1,1,0,0.157,95,0
E002714,S0278,1,0.0647,0,0,1,0,0.0749,56,0
E002715,S3014,0,0.2463,0,1,1,0,0.035,64,0
E002716,S1204,1,0.033,1,1,1,0,0.1662,60,0
E002717,S2645,1,0.077,0,0,1,0,0.1288,79,0
E002718,S3457,0,0.6112,1,1,1,0,0.1981,30,1
E002719,S0121,0,0.406,5,0,1,6,0.9092,15,1
E002720,S0207,1,0.1995,0,1,1,2,0.097,44,0
E002721,S1713,0,0.5788,2,1,1,0,0.6326,28,1
E002722,S2665,1,0.0503,0,0,1,0,0.1395,77,0
E002723,S0752,0,0.4486,1,0,0,1,0.3964,43,1
E002724,S3890,1,0.137,0,0,1,0,0.1595,69,0
E002725,S3821,1,0.1685,0,1,1,0,0.0377,70,0
E002726,S0147,0,0.2834,0,0,1,1,0.3049,64,1
E002727,S0005,1,0.4858,2,0,1,1,0.4025,47,1
E002728,S0113,0,0.2927,0,0,1,2,0.5708,43,1
E002729,S2862,0,0.199,1,0,1,1,0.4683,71,0
E002730,S4066,0,0.1621,0,0,1,0,0.1773,64,0
E002731,S3508,1,0.0538,0,0,1,0,0.0661,62,0
E002732,S3217,1,0.0548,0,0,1,0,0.1453,83,0
E002733,S1783,1,0.2092,1,0,1,0,0.0183,82,0
E002734,S3721,1,0.0642,0,0,1,0,0.2514,85,0
E002735,S0031,0,0.5469,3,1,0,6,0.6533,11,1
E002736,S1684,1,0.3012,0,0,1,2,0.5423,83,0
E002737,S3238,0,0.1297,1,0,1,0,0.2165,32,1
E002738,S3184,1,0.0296,0,0,1,0,0.2367,72,0
E002739,S3525,1,0.1392,0,0,1,0,0.0716,57,0
E002740,S1354,1,0.0362,0,0,1,0,0.0447,68,0
E002741,S1334,1,0.0254,0,1,1,0,0.086,54,0
E002742,S2343,1,0.014,0,0,1,0,0.0266,80,0
E002743,S0116,0,0.013,0,0,1,0,0.0962,69,0
E002744,S3122,1,0.1014,0,0,1,0,0.038,75,0
E002745,S3394,1,0.0421,1,1,1,0,0.0619,93,0
E002746,S0461,0,0.01,0,0,1,1,0.1106,73,0
E002747,S0266,0,0.6712,5,1,0,1,0.7114,29,1
E002748,S1334,1,0.1309,0,0,1,0,0.4329,79,0
E002749,S1133,1,0.0724,0,0,1,0,0.0144,80,0
E002750,S0636,1,0.1175,0,0,1,0,0.0507,87,0
E002751,S1398,1,0.0879,0,0,1,0,0.1503,92,0
E002752,S0032,0,0.7091,3,1,1,4,0.7355,22,1
E002753,S0358,1,0.0223,0,0,1,0,0.0776,74,0
E002754,S0077,0,0.3994,0,0,1,3,0.3158,49,1
E002755,S3352,1,0.2366,0,0,1,0,0.0381,70,0
E002756,S0602,1,0.0227,0,0,1,0,0.5305,82,0
E002757,S3320,1,0.1242,0,0,1,0,0.0212,51,0
E002758,S2468,1,0.1719,0,0,1,0,0.0413,73,0
E002759,S1006,1,0.0607,1,0,1,0,0.0167,67,0
E002760,S0216,1,0.0996,0,0,1,0,0.1841,69,0
E002761,S0528,1,0.7062,4,0,0,0,0.8748,32,1
E002762,S0901,1,0.2524,0,0,1,0,0.5647,77,0
E002763,S0139,0,0.9765,2,1,0,8,0.6464,11,1
E002764,S3842,0,0.3515,0,0,1,0,0.3175,65,1
E002765,S4096,1,0.0784,0,0,1,0,0.1193,90,1
E002766,S0948,1,0.0949,0,0,1,0,0.0621,72,0
E002767,S1659,1,0.1148,0,0,1,0,0.1536,94,0
E002768,S0164,0,0.818,3,1,0,7,0.772,21,1
E002769,S0190,0,0.3106,1,0,0,1,0.3763,65,0
E002770,S1978,0,0.0308,1,0,1,0,0.5341,72,0
E002771,S1384,1,0.1827,1,0,1,1,0.1702,29,1
E002772,S0080,1,0.5769,1,1,0,2,0.5243,50,1
E002773,S1567,1,0.0231,0,0,1,0,0.47,87,0
E002774,S3188,1,0.1464,0,0,1,0,0.0281,87,0
E002775,S3929,1,0.0615,0,0,1,0,0.7319,76,0
E002776,S0954,0,0.3252,0,0,1,0,0.067,59,0
E002777,S1032,0,0.1419,1,0,1,0,0.0975,49,0
E002778,S0072,1,0.1667,0,1,1,0,0.0466,64,0
E002779,S2070,0,0.5997,0,1,1,1,0.6221,37,1
E002780,S3810,1,0.1981,0,0,1,0,0.2254,66,0
E002781,S0153,1,0.6765,1,1,0,4,0.3131,44,1
E002782,S1235,1,0.0783,0,0,1,0,0.4428,89,0
E002783,S3185,1,0.3662,1,0,1,0,0.4655,69,1
E002784,S2726,1,0.0651,1,0,1,0,0.2194,75,0
E002785,S0181,0,0.8829,2,1,0,5,0.5708,37,1
E002786,S1006,1,0.1266,0,0,1,0,0.1354,63,0
E002787,S2569,0,0.1009,0,0,1,0,0.6501,67,0
E002788,S0734,1,0.0133,0,0,1,1,0.064,100,0
E002789,S0301,1,0.0112,0,0,1,0,0.0607,91,0
E002790,S2718,0,0.1303,1,0,1,0,0.1634,81,0
E002791,S0126,1,0.0645,0,0,1,0,0.1196,78,0
E002792,S2381,1,0.1006,0,0,1,0,0.0615,100,0
E002793,S1672,1,0.0846,0,0,1,0,0.0991,82,0
E002794,S1490,1,0.5523,0,0,0,1,0.3321,53,1
E002795,S0130,0,0.2785,1,0,1,4,0.4132,52,1
E002796,S0075,0,0.2517,1,0,0,0,0.4589,45,0
E002797,S2538,1,0.6731,0,0,1,0,0.4378,46,1
E002798,S2052,1,0.1818,0,0,1,0,0.1452,85,0
E002799,S0223,0,0.7831,3,1,0,5,0.8277,28,1
E002800,S4085,1,0.1065,0,0,1,0,0.1959,84,0
E002801,S3230,1,0.0918,0,0,1,0,0.4598,72,0
E002802,S1257,0,0.3061,1,1,1,0,0.4636,52,0
E002803,S0094,0,0.4387,2,1,0,0,0.4675,77,1
E002804,S2932,1,0.0784,1,0,1,0,0.111,66,0
E002805,S0689,1,0.4108,1,0,0,2,0.2533,100,0
E002806,S0359,1,0.1456,1,0,1,0,0.1015,85,0
E002807,S2146,1,0.2076,0,0,1,0,0.0986,76,0
E002808,S0147,0,0.6652,4,1,0,4,0.7198,18,1
E002809,S0172,0,0.5666,1,1,0,2,0.5214,46,0
E002810,S1075,1,0.0939,0,0,1,0,0.0244,75,0
E002811,S0078,0,0.7626,6,0,0,2,0.6704,17,1
E002812,S0842,1,0.3488,1,1,1,1,0.5359,73,1
E002813,S3159,1,0.4067,1,0,0,0,0.2544,46,1
E002814,S0518,1,0.1222,0,0,1,0,0.0828,77,0
E002815,S1213,1,0.6728,0,0,0,0,0.5511,69,0
E002816,S3862,1,0.5216,3,0,0,2,0.4986,83,1
E002817,S2993,1,0.1241,1,0,1,0,0.0782,70,0
E002818,S0727,1,0.0689,1,0,1,0,0.0328,77,0
E002819,S3899,1,0.1122,0,0,1,0,0.1906,72,0
E002820,S0897,1,0.0535,0,0,1,0,0.0933,75,0
E002821,S0214,0,0.7238,3,1,0,6,0.5598,5,1
E002822,S3982,0,0.1156,0,0,1,0,0.148,61,0
E002823,S2126,1,0.6327,0,0,1,0,0.1867,90,0
E002824,S0022,1,0.1424,0,1,1,1,0.2347,69,0
E002825,S3910,0,0.2018,0,0,1,0,0.1144,42,1
E002826,S3422,1,0.0389,0,0,1,0,0.0694,95,0
E002827,S1687,1,0.0503,0,0,1,0,0.1349,97,0
E002828,S1001,0,0.248,0,0,1,0,0.1885,60,0
E002829,S3027,1,0.1707,0,1,1,1,0.4663,79,0
E002830,S0793,0,0.4378,0,0,1,0,0.3451,79,1
E002831,S0740,1,0.0472,0,0,1,0,0.3385,74,0
E002832,S0471,1,0.0772,0,0,1,0,0.1649,72,0
E002833,S2277,1,0.079,0,1,1,0,0.3117,63,0
E002834,S0281,0,0.3026,1,0,1,4,0.4411,50,1
E002835,S0207,1,0.0815,0,1,1,0,0.0475,73,0
E002836,S1357,1,0.177,0,1,1,0,0.1427,60,0
E002837,S1530,1,0.0841,0,0,1,0,0.0152,76,0
E002838,S0959,1,0.0952,0,0,1,0,0.6408,88,0
E002839,S2194,0,0.7345,3,0,0,0,0.5412,32,1
E002840,S0883,1,0.0981,0,0,1,1,0.7035,70,0
E002841,S1092,1,0.1326,0,0,1,0,0.412,84,1
E002842,S0281,0,0.8899,4,0,0,3,0.7927,42,1
E002843,S0783,1,0.2507,1,1,1,0,0.1684,72,1
E002844,S3622,1,0.0136,0,0,1,0,0.2481,69,0
E002845,S2995,1,0.3872,0,0,1,3,0.6149,56,0
E002846,S4019,1,0.4915,0,1,1,0,0.5601,47,0
E002847,S2648,0,0.0472,0,0,1,0,0.3582,81,0
E002848,S0280,0,0.8174,0,1,0,1,0.5912,22,1
E002849,S1749,1,0.045,0,0,1,0,0.0963,92,0
E002850,S1173,1,0.0714,0,0,1,0,0.0243,87,0
E002851,S0730,1,0.0762,0,0,1,0,0.6687,69,0
E002852,S0449,1,0.3685,1,1,1,0,0.4813,69,0
E002853,S3859,1,0.0153,0,0,1,0,0.1602,90,0
E002854,S2807,1,0.0539,0,1,1,0,0.2263,72,0
E002855,S1762,1,0.234,0,1,1,0,0.0073,80,0
E002856,S3551,0,0.142,0,0,1,0,0.0727,62,0
E002857,S1103,0,0.4969,1,0,0,0,0.6405,66,1
E002858,S0044,0,0.4193,0,0,1,0,0.28,100,0
E002859,S0747,0,0.8875,1,1,1,0,0.7521,30,1
E002860,S2079,0,0.5936,1,0,0,0,0.5878,41,1
E002861,S1106,1,0.1672,0,0,1,0,0.435,81,0
E002862,S0269,1,0.0708,0,0,1,0,0.1164,72,0
E002863,S1679,1,0.5192,0,1,1,0,0.4808,33,0
E002864,S3933,1,0.1083,0,0,1,0,0.0793,73,0
E002865,S1635,0,0.1281,0,0,1,0,0.1465,86,0
E002866,S0861,0,0.0818,1,0,1,0,0.1243,73,1
E002867,S1790,1,0.0126,0,0,1,0,0.053,91,0
E002868,S2680,0,0.8309,3,0,0,1,0.6853,27,1
E002869,S0911,1,0.0597,0,0,1,0,0.741,73,0
E002870,S1553,1,0.0634,0,0,1,0,0.1438,71,0
E002871,S2638,1,0.0975,0,0,1,0,0.2491,74,0
E002872,S1662,0,0.4137,1,1,1,0,0.5593,18,1
E002873,S3949,0,0.028,0,0,1,0,0.6823,53,0
E002874,S0102,1,0.305,0,0,1,4,0.4365,56,0
E002875,S3189,0,0.0382,0,0,1,1,0.0997,44,0
E002876,S1645,0,0.3247,1,0,1,1,0.3131,64,0
E002877,S3256,0,0.1475,0,0,1,0,0.1375,44,0
E002878,S0101,0,0.4627,5,1,0,5,0.816,23,1
E002879,S2989,1,0.0814,0,1,1,0,0.0618,82,0
E002880,S0225,0,0.857,6,1,0,1,0.3806,35,1
E002881,S2054,1,0.0313,0,1,1,0,0.142,95,0
E002882,S3355,1,0.1024,0,1,1,0,0.1022,95,0
E002883,S0078,0,0.1307,0,0,1,3,0.3702,21,1
E002884,S2817,1,0.0339,0,1,1,1,0.0681,69,1
E002885,S0320,1,0.0821,0,0,1,1,0.127,74,0
E002886,S2862,1,0.1282,1,0,1,0,0.0948,67,0
E002887,S1206,1,0.0547,0,0,1,0,0.5628,84,0
E002888,S3465,1,0.1596,0,1,1,0,0.1252,93,0
E002889,S2411,1,0.0527,0,0,1,0,0.1409,84,0
E002890,S1515,0,0.5664,4,0,0,1,0.459,15,1
E002891,S3495,1,0.0869,0,0,1,0,0.5581,63,0
E002892,S3999,0,0.3382,0,1,1,0,0.6905,58,1
E002893,S1331,1,0.0234,0,0,1,0,0.0688,81,0
E002894,S0284,1,0.1126,1,1,1,4,0.3127,58,1
E002895,S3319,0,0.0822,0,0,1,0,0.1084,68,0
E002896,S1024,1,0.1509,0,1,1,0,0.0906,62,0
E002897,S0939,1,0.0917,0,0,1,0,0.1161,98,0
E002898,S0221,1,0.1311,0,0,1,0,0.6047,76,0
E002899,S0421,1,0.0517,0,0,1,1,0.1358,73,1
E002900,S3627,1,0.1491,0,1,1,0,0.0829,92,0
E002901,S3980,1,0.0992,0,0,1,1,0.0834,77,0
E002902,S0002,0,0.4713,0,1,1,3,0.552,64,1
E002903,S1560,1,0.0966,0,0,0,0,0.0527,85,1
E002904,S2126,0,0.546,0,0,0,0,0.469,59,0
E002905,S3984,1,0.0608,0,1,1,0,0.1214,57,0
E002906,S0827,1,0.6461,2,1,1,0,0.7765,36,1
E002907,S0670,0,0.276,0,1,0,0,0.3292,58,0
E002908,S2399,1,0.056,0,1,1,0,0.0338,56,1
E002909,S0455,1,0.0791,0,1,1,0,0.1627,64,0
E002910,S1678,1,0.1222,0,1,1,0,0.0732,78,0
E002911,S1260,0,0.3655,0,0,1,3,0.2922,72,0
E002912,S1368,0,0.625,4,1,1,0,0.822,31,0
E002913,S2824,0,0.1779,0,0,0,1,0.2846,47,0
E002914,S0183,1,0.6127,1,1,0,3,0.3409,84,1
E002915,S3041,0,0.542,1,1,1,1,0.6555,9,1
E002916,S1761,1,0.2011,0,0,1,0,0.0311,78,0
E002917,S1469,1,0.2548,0,0,1,0,0.4684,46,0
E002918,S2689,1,0.3941,1,0,0,0,0.315,74,1
E002919,S2942,1,0.0862,0,0,1,0,0.0209,64,0
E002920,S1913,1,0.0237,0,0,0,0,0.0972,74,0
E002921,S1645,1,0.0491,0,0,1,0,0.0744,88,0
E002922,S3418,1,0.0155,0,0,1,0,0.0534,71,0
E002923,S3230,0,0.89,0,1,1,1,0.4874,33,0
E002924,S0048,1,0.5018,1,0,1,3,0.4225,41,1
E002925,S1671,1,0.3794,1,1,1,4,0.3183,31,0
E002926,S1842,1,0.0066,0,0,1,0,0.2018,80,0
E002927,S1183,0,0.3703,0,1,1,0,0.6958,56,0
E002928,S1222,0,0.0218,0,0,1,0,0.0669,51,0
E002929,S0295,0,0.4145,0,1,1,4,0.4728,37,1
E002930,S1835,1,0.1401,1,0,1,0,0.1508,76,0
E002931,S3441,0,0.4862,1,1,1,0,0.1779,53,1
E002932,S4172,1,0.0759,1,0,1,0,0.1455,69,0
E002933,S0073,0,0.5177,2,0,0,1,0.7572,55,1
E002934,S0016,0,0.1907,1,1,1,3,0.2793,37,1
E002935,S3997,1,0.164,0,0,1,0,0.0163,82,0
E002936,S0105,1,0.0655,0,0,1,0,0.0758,73,0
E002937,S1022,1,0.128,0,0,1,1,0.0406,68,0
E002938,S0080,1,0.0614,0,0,1,0,0.0563,80,0
E002939,S2127,1,0.1155,0,0,1,0,0.2486,81,1
E002940,S2644,0,0.637,1,1,1,0,0.5441,50,1
E002941,S0231,0,0.577,4,1,0,3,0.4756,26,1
E002942,S0061,1,0.2099,0,0,0,3,0.3032,70,1
E002943,S0868,1,0.071,0,1,1,0,0.0352,82,1
E002944,S0197,1,0.1504,1,1,1,0,0.1239,71,0
E002945,S2269,1,0.1669,0,0,1,0,0.1559,79,0
E002946,S2832,1,0.2229,0,0,1,0,0.3097,76,0
E002947,S3572,1,0.0673,0,0,1,0,0.0382,77,0
E002948,S2657,1,0.1426,0,0,1,0,0.1184,95,0
E002949,S4079,1,0.0462,0,0,1,1,0.1136,86,0
E002950,S3044,0,0.6912,1,0,0,0,0.6512,64,1
E002951,S4104,1,0.0307,0,0,1,0,0.0118,75,0
E002952,S3882,1,0.0268,0,0,1,0,0.095,74,0
E002953,S2283,1,0.0259,0,1,1,0,0.1153,76,0
E002954,S2006,1,0.0217,0,0,1,0,0.0893,91,0
E002955,S1380,1,0.0305,0,0,1,0,0.1703,80,0
E002956,S3751,1,0.1113,0,0,1,0,0.2212,74,0
E002957,S2068,0,0.2898,0,0,1,0,0.6136,67,0
E002958,S2454,1,0.0473,0,0,1,0,0.0271,91,0
E002959,S0126,1,0.4055,2,1,1,2,0.1796,61,0
E002960,S3695,1,0.0949,0,0,1,0,0.0343,70,0
E002961,S3074,1,0.0268,0,0,1,0,0.0306,71,0
E002962,S0292,1,0.2996,1,0,1,2,0.3688,44,0
E002963,S1467,0,0.0152,0,0,1,0,0.1587,87,0
E002964,S0972,1,0.2258,0,1,0,0,0.3597,73,0
E002965,S2249,1,0.0411,0,0,1,0,0.0497,89,0
E002966,S3051,1,0.0931,0,0,1,0,0.4636,78,0
E002967,S0309,0,0.4976,0,1,0,0,0.4465,64,1
E002968,S0033,0,0.6222,6,1,0,0,0.5684,7,1
E002969,S1654,1,0.058,0,0,1,0,0.1922,77,1
E002970,S0118,1,0.103,0,1,1,0,0.2391,56,0
E002971,S1966,1,0.0565,0,0,1,0,0.3179,94,0
E002972,S0057,0,0.7372,1,1,0,1,0.8446,16,1
E002973,S3050,1,0.6043,0,1,0,1,0.7341,26,1
E002974,S0894,1,0.1037,0,0,1,0,0.0691,80,0
E002975,S0080,1,0.395,1,0,0,3,0.2483,40,0
E002976,S0689,0,0.8024,1,0,1,1,0.6222,37,1
E002977,S0199,1,0.0512,0,0,1,0,0.0785,96,0
E002978,S1904,1,0.6517,2,1,1,2,0.3678,54,1
E002979,S1188,0,0.3271,0,1,0,0,0.2254,79,0
E002980,S3788,1,0.0102,0,0,1,0,0.0893,94,0
E002981,S2490,0,0.299,0,1,0,0,0.2731,88,1
E002982,S0222,0,0.4704,1,1,1,5,0.3285,61,1
E002983,S2598,1,0.1385,0,0,1,0,0.0728,95,0
E002984,S0479,0,0.5007,3,0,1,0,0.1155,84,1
E002985,S3359,0,0.6684,2,1,1,2,0.7915,63,1
E002986,S3623,1,0.05,0,0,1,0,0.0459,65,0
E002987,S0225,1,0.0783,1,0,1,0,0.1198,94,0
E002988,S0650,0,0.4261,0,0,1,2,0.3122,48,0
E002989,S3313,1,0.0149,0,0,1,0,0.0041,75,0
E002990,S0035,0,0.788,2,1,0,4,0.7172,3,1
E002991,S0224,0,0.7643,1,0,0,0,0.684,28,0
E002992,S2566,0,0.6028,5,1,1,0,0.8071,33,1
E002993,S3078,1,0.055,0,1,1,0,0.3495,72,0
E002994,S1176,1,0.1437,1,1,1,0,0.3497,41,1
E002995,S3367,1,0.0269,0,1,1,0,0.2438,84,0
E002996,S0153,1,0.3667,0,0,0,2,0.2037,40,0
E002997,S2091,1,0.0592,1,1,1,1,0.2102,81,0
E002998,S1222,1,0.0303,0,0,1,0,0.0913,84,0
E002999,S1435,0,0.3372,0,1,1,1,0.6839,41,1
E003000,S1885,1,0.1063,0,0,1,0,0.0664,80,0
E003001,S2330,1,0.0767,0,0,1,0,0.0222,86,0
E003002,S0193,1,0.0348,0,0,1,0,0.0894,97,0
E003003,S1904,1,0.0262,0,0,1,0,0.0556,76,0
E003004,S2570,1,0.0684,0,0,1,0,0.0773,94,0
E003005,S3547,0,0.519,1,0,1,0,0.2372,54,1
E003006,S1583,0,0.4219,2,1,1,0,0.6159,19,1
E003007,S0004,1,0.3244,2,0,0,1,0.0946,66,1
E003008,S2593,0,0.0529,0,0,1,0,0.106,60,0
E003009,S0635,0,0.6814,2,1,0,0,0.7547,14,1
E003010,S0600,1,0.7406,1,0,0,0,0.4331,43,0
E003011,S4089,0,0.1774,0,0,1,0,0.1092,55,0
E003012,S3035,0,0.1414,0,0,1,0,0.1124,61,0
E003013,S1323,1,0.1254,0,0,1,0,0.4147,76,0
E003014,S2017,1,0.4814,1,1,0,0,0.5688,59,1
E003015,S3884,1,0.0845,0,0,1,0,0.1063,92,0
E003016,S0442,1,0.0307,0,0,1,0,0.0802,66,0
E003017,S2911,0,0.0752,1,0,1,0,0.1706,79,1
E003018,S2782,1,0.1198,0,0,1,0,0.0549,76,0
E003019,S0143,1,0.1287,0,0,1,0,0.0603,80,0
E003020,S2638,1,0.0717,0,0,1,0,0.0636,71,0
E003021,S1432,1,0.0394,0,1,1,0,0.0229,81,0
E003022,S3402,1,0.0596,0,1,1,1,0.1092,71,0
E003023,S3214,1,0.0262,0,0,1,0,0.0541,81,0
E003024,S3799,1,0.0834,0,0,1,0,0.7627,87,0
E003025,S2522,0,0.4317,0,0,1,0,0.6227,60,0
E003026,S2640,0,0.2761,0,0,0,1,0.2786,56,0
E003027,S3711,1,0.0366,0,0,1,0,0.0777,77,0
E003028,S1748,1,0.1739,0,0,1,0,0.6603,71,0
E003029,S0768,0,0.5464,2,0,0,0,0.8736,21,1
E003030,S3257,0,0.2281,0,0,1,0,0.1093,69,0
E003031,S2039,1,0.0605,0,1,0,0,0.1865,79,0
E003032,S3188,1,0.0361,0,0,1,0,0.3577,57,0
E003033,S3058,1,0.0668,0,0,1,0,0.1042,78,0
E003034,S3749,0,0.0245,0,0,1,0,0.0451,85,0
E003035,S3601,1,0.0655,0,0,1,0,0.0309,80,0
E003036,S3215,1,0.0962,1,0,1,0,0.4737,76,0
E003037,S3894,0,0.0632,0,0,1,0,0.0782,76,0
E003038,S2552,0,0.1048,1,0,1,1,0.1031,71,0
E003039,S1751,1,0.0629,1,0,1,0,0.1282,92,0
E003040,S0023,0,0.7646,4,1,0,3,0.8215,10,1
E003041,S3977,1,0.222,3,0,1,0,0.5284,91,0
E003042,S2421,1,0.223,0,1,0,0,0.1045,64,0
E003043,S1508,0,0.794,2,1,0,2,0.565,36,1
E003044,S1990,0,0.0542,0,0,1,0,0.235,73,0
E003045,S0696,1,0.1634,0,0,1,0,0.082,80,0
E003046,S2899,1,0.1384,0,0,1,0,0.1863,72,0
E003047,S3139,1,0.568,2,0,1,0,0.5809,57,0
E003048,S3645,1,0.1416,0,0,1,0,0.0498,73,0
E003049,S4130,1,0.0597,0,0,1,0,0.257,73,0
E003050,S0130,1,0.8151,3,1,0,2,0.3528,18,1
E003051,S2172,1,0.0751,0,0,1,1,0.15,86,0
E003052,S2605,0,0.0198,0,0,1,0,0.0308,61,0
E003053,S2922,1,0.0486,0,0,1,0,0.5761,96,0
E003054,S0101,0,0.9071,1,1,0,3,0.6327,3,1
E003055,S3015,1,0.0442,0,0,1,0,0.1838,67,0
E003056,S3171,1,0.0877,0,0,1,0,0.1017,86,0
E003057,S1090,1,0.3571,0,0,1,0,0.2442,60,1
E003058,S2604,0,0.6961,3,1,1,0,0.5772,27,1
E003059,S2868,1,0.0061,0,0,1,0,0.1279,76,0
E003060,S1284,1,0.0021,0,0,0,0,0.0757,86,1
E003061,S0512,1,0.0226,0,0,1,0,0.1467,67,0
E003062,S0271,1,0.2263,0,0,1,0,0.1528,86,0
E003063,S0017,1,0.7929,0,0,0,1,0.6306,26,1
E003064,S1440,1,0.0604,0,0,1,0,0.1088,72,0
E003065,S2568,1,0.0697,0,0,1,0,0.4794,70,0
E003066,S1472,1,0.0862,0,0,1,0,0.0414,94,0
E003067,S3420,1,0.0328,0,0,1,0,0.0499,79,0
E003068,S2492,1,0.1115,0,1,1,0,0.1685,63,0
E003069,S0158,1,0.0539,0,0,1,0,0.0259,88,0
E003070,S3030,1,0.1047,0,0,1,0,0.007,77,0
E003071,S1922,1,0.0845,0,0,1,0,0.0452,79,0
E003072,S3681,0,0.3186,1,0,0,0,0.6593,97,1
E003073,S3652,1,0.1931,1,0,1,0,0.0737,69,0
E003074,S1237,0,0.5182,1,1,0,1,0.5162,11,1
E003075,S2982,1,0.4169,0,1,1,0,0.36,38,0
E003076,S2831,0,0.1137,0,0,1,0,0.4212,78,0
E003077,S1827,1,0.0638,0,1,1,0,0.1168,60,0
E003078,S0845,1,0.1085,0,0,1,0,0.4213,74,0
E003079,S0121,0,0.6312,1,1,0,1,0.8961,35,1
E003080,S0065,0,0.2475,1,1,0,0,0.5961,37,1
E003081,S2717,1,0.0592,0,0,1,1,0.0554,81,0
E003082,S2931,1,0.3392,0,0,1,1,0.1823,35,1
E003083,S1215,1,0.0774,0,0,1,0,0.0916,83,0
E003084,S2359,1,0.3399,0,0,1,0,0.3552,79,1
E003085,S1667,1,0.0618,0,0,1,0,0.1868,100,0
E003086,S3794,1,0.0631,0,0,1,0,0.4273,100,0
E003087,S0303,1,0.4703,1,0,1,2,0.6573,60,0
E003088,S2570,0,0.4403,1,0,0,1,0.3411,25,1
E003089,S1883,0,0.5123,0,0,0,0,0.7074,49,1
E003090,S0133,0,0.8247,3,1,0,2,0.8252,24,1
E003091,S4162,0,0.6115,0,0,1,2,0.4697,35,1
E003092,S4176,1,0.0501,0,0,1,0,0.0474,97,0
E003093,S1700,1,0.2201,1,0,1,0,0.0697,77,0
E003094,S0069,0,0.7755,4,1,0,2,0.7135,6,1
E003095,S3170,1,0.0163,0,0,1,0,0.0561,80,0
E003096,S1556,1,0.0336,0,0,1,0,0.159,93,0
E003097,S2012,1,0.1717,0,0,1,0,0.0586,83,0
E003098,S0364,0,0.0871,0,0,1,0,0.1751,64,0
E003099,S3751,0,0.7556,2,0,1,0,0.6504,24,1
E003100,S3725,1,0.084,0,0,1,0,0.2855,82,0
E003101,S4151,1,0.1018,1,1,1,0,0.1811,50,0
E003102,S0217,0,0.7911,6,1,0,0,0.6745,13,1
E003103,S1516,0,0.3885,1,1,1,1,0.9279,43,1
E003104,S4197,1,0.0546,0,0,1,0,0.6637,71,0
E003105,S0158,0,0.8148,3,0,0,3,0.358,19,1
E003106,S0058,1,0.7226,0,0,1,4,0.3401,76,1
E003107,S3661,0,0.4581,2,1,1,1,0.8287,39,1
E003108,S1909,1,0.0952,0,1,1,0,0.1145,80,0
E003109,S1681,0,0.3578,1,1,1,0,0.3773,45,0
E003110,S0743,0,0.0638,0,0,1,0,0.1869,91,0
E003111,S0391,1,0.0392,0,0,1,1,0.064,67,0
E003112,S0110,1,0.2992,1,1,0,5,0.385,49,1
E003113,S2408,0,0.4988,0,0,1,0,0.3413,69,1
E003114,S0129,0,0.6524,2,0,0,6,0.5465,27,1
E003115,S0078,0,0.5335,2,0,0,0,0.2556,45,1
E003116,S0468,0,0.1241,0,0,1,0,0.0562,64,0
E003117,S1443,1,0.1467,0,0,0,0,0.0164,84,0
E003118,S0376,0,0.5197,4,0,0,0,0.4459,0,1
E003119,S2632,1,0.0477,0,0,1,0,0.0353,81,0
E003120,S0661,1,0.0929,0,0,1,0,0.1136,81,0
E003121,S2163,1,0.1974,0,0,1,0,0.5002,47,1
E003122,S1935,0,0.1147,0,0,1,0,0.0851,68,0
E003123,S1199,0,0.1586,0,0,1,0,0.1403,88,0
E003124,S1294,0,0.7586,0,1,1,1,0.361,87,0
E003125,S0350,0,0.0254,1,0,1,1,0.758,49,1
E003126,S2410,1,0.0822,0,0,1,0,0.0424,78,0
E003127,S1589,1,0.0255,0,0,1,0,0.0833,66,0
E003128,S2049,0,0.8166,1,0,1,0,0.7982,23,1
E003129,S3577,1,0.0055,0,0,1,0,0.1882,74,0
E003130,S2340,0,0.5063,1,1,1,0,0.836,88,1
E003131,S0343,1,0.0317,0,0,1,0,0.0565,76,0
E003132,S1668,0,0.1858,0,0,1,0,0.1152,80,0
E003133,S0148,1,0.3206,1,0,1,1,0.2368,46,1
E003134,S0205,1,0.1873,0,0,1,0,0.087,67,0
E003135,S0223,0,0.0745,1,0,1,0,0.1732,52,1
E003136,S1473,0,0.0952,0,1,1,0,0.103,66,0
E003137,S1325,0,0.1701,1,0,0,1,0.5035,65,0
E003138,S0153,1,0.3102,0,0,1,4,0.4509,58,0
E003139,S1316,1,0.1258,0,1,1,0,0.3014,67,0
E003140,S1600,1,0.0493,0,0,1,0,0.0405,83,0
E003141,S2754,1,0.0498,0,0,1,0,0.0572,79,0
E003142,S0632,1,0.1193,0,0,1,0,0.1538,66,0
E003143,S0060,1,0.0111,0,0,1,0,0.106,74,0
E003144,S1438,0,0.0243,0,0,1,0,0.0528,63,0
E003145,S3496,1,0.0689,0,0,1,0,0.1018,100,0
E003146,S0247,0,0.5512,3,1,0,3,0.6382,29,1
E003147,S3065,1,0.6653,0,0,1,2,0.6629,48,0
E003148,S4125,1,0.0303,1,0,1,0,0.0296,83,0
E003149,S2456,0,0.5612,0,0,1,1,0.4441,67,0
E003150,S2013,1,0.0553,0,0,1,0,0.056,88,0
E003151,S3703,1,0.029,0,0,1,0,0.071,90,0
E003152,S3823,1,0.1044,0,0,1,0,0.0152,91,0
E003153,S0236,1,0.1357,0,0,1,0,0.0286,85,0
E003154,S0656,1,0.0915,1,1,1,0,0.1186,85,0
E003155,S2207,0,0.5177,0,1,1,2,0.3668,82,0
E003156,S1761,1,0.0788,0,1,1,0,0.1469,92,0
E003157,S2945,0,0.2601,1,0,1,0,0.2669,66,1
E003158,S1947,1,0.4104,1,1,1,0,0.1641,59,0
E003159,S0032,1,0.0708,0,0,1,0,0.599,65,0
E003160,S1612,1,0.0472,0,0,1,0,0.157,84,0
E003161,S1102,1,0.0483,0,0,1,0,0.1352,79,0
E003162,S1284,1,0.0912,0,1,1,0,0.1172,71,0
E003163,S3653,0,0.4152,1,1,1,0,0.0202,38,1
E003164,S2631,1,0.1884,0,0,1,0,0.0886,77,0
E003165,S3358,1,0.0741,0,0,1,0,0.0512,89,0
E003166,S0287,1,0.3356,0,0,1,2,0.5918,58,1
E003167,S1211,1,0.0663,0,0,1,0,0.091,78,0
E003168,S0283,0,0.5873,6,1,0,1,0.6645,2,1
E003169,S2106,1,0.1594,0,0,1,0,0.2752,94,0
E003170,S2897,1,0.1395,0,0,1,0,0.0522,97,0
E003171,S2106,1,0.0552,1,1,1,0,0.0439,96,1
E003172,S2531,0,0.0836,0,0,1,0,0.0257,86,0
E003173,S3650,0,0.3516,0,0,1,1,0.1234,52,1
E003174,S1553,1,0.0554,1,1,1,0,0.2457,78,0
E003175,S0445,0,0.1905,0,0,1,0,0.2487,81,0
E003176,S2346,0,0.088,2,0,1,0,0.1174,83,0
E003177,S1228,0,0.156,0,1,1,0,0.364,80,0
E003178,S0163,0,0.7198,5,0,0,4,0.8914,4,1
E003179,S2446,1,0.0641,0,0,1,0,0.4215,76,0
E003180,S0189,0,0.5777,1,0,0,3,0.8063,36,0
E003181,S0158,0,0.7657,2,1,0,2,0.5429,27,1
E003182,S2084,1,0.4749,0,0,0,0,0.4329,68,0
E003183,S0995,1,0.056,0,0,1,0,0.6601,92,0
E003184,S2930,1,0.0591,0,1,1,1,0.0631,56,0
E003185,S3791,0,0.2255,1,0,0,0,0.329,81,0
E003186,S0004,0,0.3878,1,0,0,1,0.3387,66,1
E003187,S4164,0,0.0853,1,0,1,0,0.1731,76,0
E003188,S0009,1,0.0359,0,1,1,0,0.0647,65,1
E003189,S3697,1,0.1113,0,0,1,0,0.0724,66,0
E003190,S2761,1,0.0102,0,0,1,0,0.2482,85,0
E003191,S0590,0,0.0198,0,1,1,0,0.0972,90,0
E003192,S0480,0,0.7743,2,0,1,0,0.6908,27,0
E003193,S0278,0,0.6739,7,1,0,3,0.9235,34,1
E003194,S0569,0,0.6824,4,1,1,1,0.6107,47,1
E003195,S3900,1,0.1262,0,0,0,1,0.4451,69,1
E003196,S0034,1,0.6904,1,1,0,2,0.8091,8,1
E003197,S0018,0,0.2508,0,0,0,0,0.5818,84,1
E003198,S3418,1,0.0384,1,1,1,0,0.3058,87,0
E003199,S3679,0,0.5708,3,0,1,0,0.7695,40,1
E003200,S1449,1,0.148,0,0,1,0,0.0566,85,0
E003201,S3529,0,0.3367,1,1,0,0,0.6061,36,1
E003202,S2687,1,0.124,0,0,1,0,0.0885,89,0
E003203,S4142,1,0.0155,0,0,1,0,0.0613,89,0
E003204,S0689,1,0.0642,0,0,1,0,0.0404,96,0
E003205,S0238,0,0.9102,3,1,1,4,0.8108,34,1
E003206,S4044,1,0.056,0,0,1,0,0.0835,91,0
E003207,S0102,1,0.0613,0,0,1,0,0.5225,56,0
E003208,S0382,0,0.0397,0,0,1,0,0.1122,74,0
E003209,S1146,1,0.0808,0,0,1,0,0.0399,61,0
E003210,S0852,1,0.0441,0,0,1,0,0.2057,84,0
E003211,S3314,1,0.0985,0,0,1,0,0.119,77,0
E003212,S2001,1,0.0793,0,0,1,0,0.0308,90,0
E003213,S1679,1,0.1227,0,1,1,0,0.129,51,0
E003214,S4191,1,0.0673,0,0,1,0,0.5691,58,1
E003215,S2080,1,0.1409,0,0,1,0,0.08,74,0
E003216,S0285,0,0.7893,2,1,1,0,0.5695,31,1
E003217,S1010,1,0.1434,0,0,1,0,0.066,84,0
E003218,S0258,0,0.3381,0,1,1,4,0.5811,24,1
E003219,S1114,0,0.2551,0,0,1,1,0.2042,65,0
E003220,S0138,1,0.2159,0,1,1,4,0.5107,70,1
E003221,S0533,1,0.2821,0,1,1,0,0.1237,73,1
E003222,S0096,0,0.0503,0,0,1,0,0.193,79,0
E003223,S3082,0,0.7194,0,1,1,0,0.6151,51,1
E003224,S0299,0,0.6921,3,1,0,5,0.5902,26,1
E003225,S3690,1,0.1269,0,1,1,0,0.1122,64,0
E003226,S0470,1,0.0238,0,0,1,0,0.0162,79,0
E003227,S1758,0,0.346,1,0,0,1,0.4408,30,0
E003228,S0160,0,0.5392,5,0,0,4,0.7808,5,1
E003229,S1371,1,0.1559,0,0,1,0,0.1687,95,0
E003230,S1189,0,0.1282,0,0,1,0,0.0522,72,0
E003231,S3801,0,0.225,0,0,1,1,0.4811,27,1
E003232,S3357,1,0.0723,0,0,1,0,0.1153,76,0
E003233,S1287,1,0.1402,1,1,1,0,0.0725,78,0
E003234,S2198,0,0.017,0,0,1,0,0.0956,74,0
E003235,S0709,0,0.5464,0,1,0,1,0.2791,58,0
E003236,S2536,1,0.0709,0,0,1,0,0.0292,84,0
E003237,S0246,0,0.1426,0,0,1,6,0.2997,46,1
E003238,S1373,1,0.0098,0,0,1,0,0.0052,84,0
E003239,S0065,1,0.2022,0,0,1,0,0.1795,77,0
E003240,S0902,1,0.088,0,0,1,0,0.1116,85,0
E003241,S0423,1,0.3043,0,0,1,0,0.6521,88,0
E003242,S2733,0,0.1188,0,0,1,0,0.0756,55,0
E003243,S2436,1,0.0375,1,0,1,0,0.0556,69,0
E003244,S1105,0,0.4135,0,0,0,1,0.4337,88,0
E003245,S2413,1,0.0543,0,0,1,0,0.0581,76,0
E003246,S0445,1,0.1947,0,0,1,0,0.5835,75,0
E003247,S2301,1,0.0577,0,0,1,0,0.0771,73,0
E003248,S0540,1,0.0876,0,0,1,0,0.0356,98,0
E003249,S1064,0,0.4958,0,1,1,0,0.7898,29,0
E003250,S1670,0,0.7324,2,1,0,0,0.5115,38,1
E003251,S2750,1,0.5461,3,0,0,0,0.4095,57,1
E003252,S0280,0,0.8608,3,1,0,3,0.7828,17,1
E003253,S0285,0,0.8375,1,1,0,6,0.6852,39,1
E003254,S1990,0,0.0201,0,0,1,0,0.0823,78,0
E003255,S2804,1,0.1701,0,0,1,0,0.0229,92,0
E003256,S4158,1,0.0964,0,1,1,0,0.2484,76,0
E003257,S0878,1,0.0268,0,0,1,0,0.135,75,0
E003258,S0325,1,0.106,0,0,1,0,0.2641,80,1
E003259,S0056,0,0.6206,3,1,0,2,0.4684,21,1
E003260,S0703,0,0.5659,1,0,0,0,0.5455,39,1
E003261,S0447,1,0.0989,0,0,1,0,0.0443,75,0
E003262,S0381,1,0.1231,0,0,1,0,0.8357,93,0
E003263,S1825,0,0.0337,0,0,1,0,0.08,69,0
E003264,S1555,1,0.1873,0,0,1,0,0.7652,58,0
E003265,S2640,1,0.0454,0,0,1,0,0.2372,84,0
E003266,S0563,1,0.4998,0,0,0,1,0.2534,72,0
E003267,S1294,1,0.0945,0,0,1,0,0.0286,77,0
E003268,S3448,1,0.1414,0,0,1,0,0.0458,99,0
E003269,S0253,1,0.0267,0,0,1,0,0.6525,79,0
E003270,S1101,1,0.1459,0,0,1,0,0.0148,57,0
E003271,S2513,0,0.0997,0,1,1,0,0.0521,75,0
E003272,S0474,1,0.0482,0,1,1,0,0.234,73,0
E003273,S1477,1,0.0785,0,0,1,0,0.0201,80,0
E003274,S0138,0,0.2698,3,0,1,3,0.5668,37,1
E003275,S1007,1,0.721,0,0,0,0,0.3565,60,1
E003276,S4106,0,0.5805,1,0,1,1,0.6721,15,0
E003277,S3370,1,0.1196,0,0,1,0,0.0087,77,0
E003278,S3083,1,0.2042,0,1,1,0,0.1358,37,1
E003279,S2804,0,0.5843,0,0,1,0,0.1949,63,0
E003280,S3368,1,0.1066,0,0,1,0,0.1037,75,0
E003281,S3254,1,0.0616,1,0,1,0,0.1764,85,0
E003282,S0491,1,0.0462,0,0,1,0,0.0257,78,0
E003283,S1754,1,0.021,0,0,1,0,0.525,74,1
E003284,S3561,1,0.0396,0,0,1,0,0.0858,74,0
E003285,S1982,0,0.5707,0,1,1,0,0.7865,30,1
E003286,S0193,1,0.4437,1,0,0,4,0.335,55,1
E003287,S2546,0,0.4143,2,1,1,2,0.6632,41,1
E003288,S0751,0,0.8171,2,0,1,1,0.521,32,1
E003289,S1767,1,0.1319,0,0,1,0,0.1759,78,0
E003290,S2268,1,0.0514,0,0,1,0,0.0545,64,0
E003291,S2510,0,0.236,0,0,1,1,0.0916,70,0
E003292,S2620,1,0.1012,0,0,1,0,0.0727,87,0
E003293,S0414,0,0.5526,2,0,1,2,0.8306,6,1
E003294,S0068,0,0.6258,4,0,1,4,0.6435,7,1
E003295,S0423,1,0.1209,0,1,1,0,0.0928,64,1
E003296,S0395,1,0.0703,0,0,1,0,0.1108,84,0
E003297,S2362,0,0.2183,0,1,1,0,0.0696,72,0
E003298,S1956,1,0.0502,0,0,1,0,0.0735,84,0
E003299,S0846,1,0.0675,0,0,1,0,0.0362,68,0
E003300,S2146,1,0.2345,0,0,1,0,0.5925,77,0
E003301,S0792,0,0.1486,0,0,1,0,0.0908,64,0
E003302,S3156,1,0.3622,2,0,1,0,0.2401,67,0
E003303,S3123,1,0.0499,1,1,1,0,0.0702,67,0
E003304,S1999,1,0.1017,0,0,1,0,0.0947,84,0
E003305,S0221,1,0.172,0,0,1,0,0.0196,91,1
E003306,S2030,1,0.2022,1,0,1,0,0.0644,100,0
E003307,S2037,1,0.0691,0,0,1,0,0.2256,71,0
E003308,S1332,1,0.0663,0,0,1,0,0.5467,65,1
E003309,S2273,0,0.2427,0,1,1,0,0.469,37,1
E003310,S3475,1,0.025,0,0,1,0,0.0299,78,0
E003311,S3507,1,0.083,0,0,1,0,0.1216,60,0
E003312,S1517,1,0.0105,0,0,1,0,0.0948,93,0
E003313,S0191,0,0.199,0,0,1,0,0.0248,67,0
E003314,S2584,1,0.0464,0,1,1,0,0.2158,89,0
E003315,S0530,1,0.1261,0,0,1,0,0.7087,81,1
E003316,S4160,0,0.3519,2,0,1,0,0.4375,34,1
E003317,S0335,1,0.1707,0,0,1,0,0.1023,80,0
E003318,S0298,1,0.2362,1,0,1,4,0.5219,47,1
E003319,S1546,1,0.0665,1,0,1,0,0.4844,46,0
E003320,S0112,1,0.3982,1,0,1,4,0.4617,21,1
E003321,S0241,0,0.8964,1,1,0,4,0.7195,15,1
E003322,S2299,1,0.0438,1,0,1,0,0.2251,81,0
E003323,S3548,0,0.5353,4,0,1,0,0.6971,45,1
E003324,S3799,1,0.0927,0,0,1,1,0.0443,53,0
E003325,S2551,0,0.5451,1,0,0,1,0.5677,68,1
E003326,S3164,1,0.0599,1,0,1,0,0.1108,79,0
E003327,S1219,1,0.0728,0,0,1,0,0.1773,96,0
E003328,S0997,1,0.0221,0,0,1,0,0.0975,67,0
E003329,S2470,1,0.0455,0,1,1,0,0.2262,70,0
E003330,S3717,0,0.0466,0,0,1,0,0.0794,65,0
E003331,S4146,0,0.5418,2,0,1,0,0.5459,32,1
E003332,S1280,1,0.1408,0,0,1,0,0.0595,78,0
E003333,S3416,1,0.1814,1,0,1,0,0.0511,92,0
E003334,S0001,1,0.0179,0,0,1,0,0.1674,92,0
E003335,S0248,1,0.2491,1,0,0,0,0.7221,31,0
E003336,S0087,0,0.3714,2,0,0,3,0.1312,24,0
E003337,S0559,1,0.104,0,0,1,0,0.1211,78,0
E003338,S3774,1,0.1893,0,0,1,0,0.0368,85,0
E003339,S0283,0,0.8618,3,1,0,6,0.6749,19,0
E003340,S1624,1,0.1304,0,0,1,0,0.0669,73,1
E003341,S2368,1,0.0677,0,1,1,1,0.01,78,0
E003342,S0466,0,0.1059,1,0,1,0,0.241,63,0
E003343,S0139,0,0.618,2,0,0,1,0.6667,34,1
E003344,S0262,0,0.1465,0,0,1,0,0.0343,67,0
E003345,S1430,0,0.5772,2,0,1,2,0.9253,52,1
E003346,S0625,1,0.0552,0,0,1,0,0.0114,81,1
E003347,S1769,0,0.4706,1,0,1,1,0.5294,13,1
E003348,S2355,0,0.0822,0,0,1,0,0.1261,62,0
E003349,S0249,0,0.1156,2,0,1,0,0.283,35,0
E003350,S0240,0,0.4829,1,0,1,0,0.2496,69,0
E003351,S2621,1,0.0623,0,0,1,0,0.0206,85,0
E003352,S1430,0,0.3968,2,0,0,1,0.5685,15,1
E003353,S3886,1,0.1855,0,1,1,0,0.042,60,0
E003354,S2271,1,0.1742,0,0,1,0,0.0696,85,0
E003355,S1155,1,0.2508,0,0,1,0,0.188,80,0
E003356,S3636,1,0.2007,0,1,1,0,0.0234,77,0
E003357,S0655,1,0.0997,0,1,1,0,0.3655,66,0
E003358,S1650,1,0.3384,0,0,1,1,0.1262,76,0
E003359,S0522,0,0.7998,0,0,1,0,0.3581,49,1
E003360,S2479,1,0.0313,0,0,1,0,0.1248,75,0
E003361,S2665,0,0.3299,1,1,0,2,0.2869,39,1
E003362,S0044,0,0.837,5,1,0,6,0.7569,13,1
E003363,S3400,0,0.0686,0,0,1,0,0.0462,50,0
E003364,S1094,1,0.2379,0,0,1,0,0.4919,71,0
E003365,S0452,1,0.1701,0,0,1,0,0.0168,93,0
E003366,S3309,0,0.0209,0,0,1,0,0.3834,71,0
E003367,S0091,0,0.8087,4,1,0,1,0.8165,23,1
E003368,S2260,0,0.4061,0,0,1,3,0.2573,67,0
E003369,S4082,1,0.0264,0,0,1,0,0.0496,72,0
E003370,S0320,1,0.1389,0,0,1,0,0.0678,84,0
E003371,S1146,0,0.5579,1,1,0,0,0.7796,21,1
E003372,S0701,1,0.0907,0,0,1,0,0.0106,89,0
E003373,S0934,1,0.173,0,0,1,0,0.0457,95,0
E003374,S1783,1,0.2439,0,1,1,0,0.1075,80,0
E003375,S1975,0,0.3782,0,0,1,0,0.7604,54,0
E003376,S1361,1,0.0828,1,0,1,0,0.152,74,0
E003377,S1204,1,0.0402,0,0,1,0,0.0499,92,0
E003378,S2684,1,0.019,0,0,1,0,0.0056,85,0
E003379,S3558,1,0.0507,0,0,1,0,0.0745,91,0
E003380,S2912,0,0.1622,0,1,1,0,0.2031,54,0
E003381,S4104,1,0.0449,0,0,1,0,0.1925,81,0
E003382,S1635,1,0.1045,0,0,1,0,0.0283,83,0
E003383,S2990,0,0.3683,1,0,0,0,0.5172,53,1
E003384,S0877,1,0.147,1,1,0,0,0.5851,33,0
E003385,S1210,0,0.6867,2,1,0,0,0.6157,37,1
E003386,S0188,0,0.0997,0,0,1,0,0.2222,81,0
E003387,S3297,1,0.2661,1,0,0,0,0.655,84,0
E003388,S0103,0,0.6989,3,1,1,4,0.5586,18,1
E003389,S0322,1,0.052,0,0,1,0,0.127,91,1
E003390,S0608,1,0.0449,0,0,1,0,0.1994,76,1
E003391,S3021,1,0.1719,1,0,1,0,0.2842,27,0
E003392,S3842,1,0.6772,0,0,1,1,0.5265,80,0
E003393,S2694,0,0.0913,1,0,1,0,0.0897,79,0
E003394,S2125,1,0.0482,0,0,1,0,0.0588,80,0
E003395,S0804,1,0.0539,0,0,1,0,0.0925,92,0
E003396,S0795,1,0.0333,0,0,1,0,0.0561,80,0
E003397,S0107,0,0.1826,1,0,1,0,0.0284,87,0
E003398,S4057,1,0.1236,0,0,1,0,0.146,78,0
E003399,S4054,0,0.8274,1,0,0,0,0.5945,19,1
E003400,S1015,1,0.2147,0,0,1,0,0.1651,81,0
E003401,S0629,1,0.0767,0,0,1,0,0.0936,82,0
E003402,S3590,1,0.1033,0,0,1,0,0.193,79,0
E003403,S0576,1,0.0703,0,0,1,0,0.0362,71,0
E003404,S2843,1,0.0498,0,0,1,0,0.2077,78,0
E003405,S0260,1,0.02,0,0,1,0,0.228,73,0
E003406,S0575,1,0.0552,0,0,1,0,0.0489,86,0
E003407,S1261,0,0.5808,1,1,1,0,0.5971,64,1
E003408,S3476,1,0.1372,0,0,0,0,0.0276,100,0
E003409,S3105,0,0.6951,3,0,0,1,0.6734,45,0
E003410,S3588,1,0.075,0,0,1,0,0.0424,80,0
E003411,S3450,1,0.4743,1,1,1,0,0.4244,53,1
E003412,S3774,1,0.0936,0,1,1,0,0.1126,66,0
E003413,S3387,1,0.1201,0,1,1,1,0.0246,85,0
E003414,S0037,0,0.6949,6,1,0,3,0.6787,12,1
E003415,S3807,1,0.1357,0,0,1,0,0.1499,100,0
E003416,S2888,1,0.1138,0,0,1,0,0.0131,86,0
E003417,S0211,1,0.5543,0,0,0,4,0.815,51,1
E003418,S3229,0,0.0926,2,0,1,1,0.04,74,0
E003419,S2830,0,0.3284,2,1,1,0,0.682,7,1
E003420,S2675,1,0.0203,1,1,1,0,0.1246,77,0
E003421,S0911,1,0.0497,0,1,1,1,0.2114,52,0
E003422,S3541,1,0.1231,0,0,1,0,0.2432,94,0
E003423,S3767,1,0.0673,0,0,1,0,0.3264,59,0
E003424,S2121,1,0.6235,0,1,1,1,0.2131,45,0
E003425,S0227,0,0.5722,3,1,0,4,0.7888,11,1
E003426,S2632,1,0.0666,0,0,1,0,0.0328,54,0
E003427,S0705,1,0.0193,0,0,1,0,0.078,84,0
E003428,S2465,1,0.0651,0,0,1,0,0.0518,75,0
E003429,S3178,1,0.1636,0,0,1,0,0.1388,97,0
E003430,S3190,1,0.0168,0,0,1,0,0.0466,69,0
E003431,S3430,1,0.094,0,0,1,0,0.0445,80,0
E003432,S0111,0,0.6038,1,0,1,1,0.2445,63,0
E003433,S0104,0,0.135,2,0,1,1,0.3361,56,1
E003434,S1561,0,0.7531,2,1,0,0,0.5446,25,1
E003435,S0175,0,0.2464,0,0,1,0,0.112,75,0
E003436,S1014,1,0.3616,1,0,0,1,0.3287,69,1
E003437,S1444,1,0.0429,0,0,0,0,0.1412,79,0
E003438,S1528,0,0.1316,0,0,1,0,0.0483,65,0
E003439,S2831,1,0.0678,0,0,1,0,0.0392,90,0
E003440,S3132,1,0.3741,1,1,0,0,0.5591,62,0
E003441,S1449,1,0.1023,0,0,1,0,0.0631,83,0
E003442,S4172,1,0.1684,0,0,1,0,0.1921,85,0
E003443,S0748,1,0.0751,0,0,1,0,0.0708,63,0
E003444,S3236,1,0.2349,0,0,1,0,0.4173,91,0
E003445,S0593,0,0.0612,1,0,1,0,0.0509,56,1
E003446,S0939,1,0.1049,0,0,1,0,0.5559,81,0
E003447,S3579,1,0.0625,0,0,1,0,0.5882,74,0
E003448,S0027,0,0.7286,4,0,0,2,0.5495,37,0
E003449,S3535,0,0.4133,1,0,0,1,0.6168,0,1
E003450,S0758,0,0.5507,3,0,1,2,0.5701,37,1
E003451,S1206,0,0.5548,0,0,0,0,0.2787,54,1
E003452,S0804,1,0.2642,1,0,0,0,0.2184,76,0
E003453,S0444,0,0.4446,1,0,1,0,0.4664,45,0
E003454,S3172,0,0.0589,0,0,1,0,0.1875,66,0
E003455,S1787,1,0.0334,0,0,1,0,0.132,82,0
E003456,S0081,1,0.169,0,0,1,0,0.3729,79,0
E003457,S4151,1,0.2002,0,1,1,0,0.2372,45,0
E003458,S3076,0,0.3462,2,1,1,0,0.8342,47,1
E003459,S2472,0,0.0417,0,0,1,0,0.1012,77,0
E003460,S0377,1,0.0602,0,0,1,0,0.0519,71,0
E003461,S4027,1,0.0485,0,0,1,0,0.1476,79,0
E003462,S1910,1,0.0546,0,0,1,0,0.0212,89,0
E003463,S0095,0,0.694,4,1,0,6,0.6372,31,1
E003464,S3242,1,0.1144,0,0,0,0,0.1201,90,0
E003465,S3552,1,0.0164,0,0,1,0,0.0341,83,0
E003466,S3468,1,0.1865,0,0,1,0,0.163,85,0
E003467,S1882,1,0.1324,0,0,1,0,0.0254,66,0
E003468,S4102,1,0.0461,1,0,1,0,0.0652,89,0
E003469,S3256,0,0.0613,0,1,1,0,0.045,75,0
E003470,S1162,0,0.5251,0,1,1,0,0.1914,73,1
E003471,S2923,0,0.391,6,0,1,0,0.8353,22,1
E003472,S1700,1,0.0762,0,1,1,0,0.0172,80,0
E003473,S2620,1,0.0441,1,0,0,0,0.0629,77,0
E003474,S3189,1,0.1052,0,1,1,0,0.312,98,0
E003475,S0299,0,0.1347,1,0,1,0,0.1668,58,1
E003476,S3280,1,0.2485,0,1,1,0,0.0374,63,0
E003477,S1742,0,0.2759,0,1,1,0,0.7868,72,0
E003478,S3293,1,0.1449,0,0,1,0,0.243,74,0
E003479,S3406,0,0.1042,0,0,1,0,0.2571,97,0
E003480,S2260,0,0.3716,0,1,0,1,0.8393,30,0
E003481,S0784,1,0.2551,0,0,1,0,0.0196,80,0
E003482,S3833,1,0.0183,0,0,1,0,0.1008,74,0
E003483,S3102,1,0.0669,0,0,1,0,0.0194,81,0
E003484,S2193,1,0.1767,0,0,1,0,0.1137,74,0
E003485,S1975,0,0.2643,0,0,1,1,0.3632,46,1
E003486,S1289,1,0.0845,0,0,1,0,0.1534,72,0
E003487,S2523,1,0.0827,0,0,1,0,0.0953,97,0
E003488,S0409,0,0.1602,0,0,1,0,0.1051,100,0
E003489,S0191,0,0.7789,3,1,0,5,0.7605,8,1
E003490,S3977,0,0.3905,3,1,0,0,0.6913,53,1
E003491,S0146,0,0.5824,3,0,0,2,0.7052,11,1
E003492,S1388,0,0.36,0,1,0,1,0.6227,32,1
E003493,S0963,1,0.2267,0,0,1,0,0.0356,91,0
E003494,S3731,0,0.1441,0,0,1,1,0.0314,86,0
E003495,S4011,0,0.0248,0,0,1,0,0.1291,59,1
E003496,S2646,1,0.104,0,0,1,0,0.566,71,0
E003497,S0097,0,0.5296,1,0,1,1,0.6638,55,0
E003498,S0289,0,0.3076,1,1,1,2,0.5234,23,1
E003499,S1968,1,0.0719,0,0,1,0,0.0662,80,0
E003500,S3195,0,0.0594,0,0,1,0,0.236,60,0
E003501,S2091,0,0.0957,0,0,1,0,0.0748,80,0
E003502,S2873,1,0.214,1,1,1,0,0.14,40,0
E003503,S2915,0,0.1818,1,0,1,0,0.0664,84,0
E003504,S3889,0,0.0756,0,0,1,1,0.1325,88,0
E003505,S3494,1,0.1466,0,1,1,1,0.051,84,0
E003506,S0826,1,0.4751,1,1,1,0,0.4694,33,0
E003507,S2695,0,0.1419,0,0,1,0,0.0993,52,0
E003508,S0127,0,0.8959,6,1,0,1,0.711,21,1
E003509,S3196,0,0.4494,0,0,0,3,0.7742,57,0
E003510,S0756,0,0.126,0,0,1,0,0.2184,57,0
E003511,S3968,1,0.0445,0,0,1,0,0.438,75,0
E003512,S0118,0,0.8509,2,1,0,3,0.553,14,1
E003513,S0283,1,0.1394,0,0,1,0,0.1004,76,0
E003514,S3399,1,0.121,1,0,1,0,0.1251,78,0
E003515,S0690,1,0.151,0,0,1,0,0.0249,87,0
E003516,S0986,1,0.2912,0,0,1,0,0.428,78,0
E003517,S3503,0,0.3875,1,0,1,1,0.3583,100,1
E003518,S2417,1,0.2677,0,0,1,0,0.0442,75,0
E003519,S2553,1,0.1592,0,0,1,0,0.0172,85,0
E003520,S1210,0,0.7337,5,1,1,1,0.4141,53,1
E003521,S2640,0,0.2356,2,0,1,0,0.5346,53,0
E003522,S2248,1,0.1818,0,0,1,0,0.3263,65,0
E003523,S3095,1,0.1306,0,0,1,0,0.2126,80,0
E003524,S3933,1,0.0373,1,1,1,0,0.24,65,0
E003525,S2938,1,0.0621,1,0,1,0,0.2513,80,0
E003526,S3229,1,0.0304,0,1,1,0,0.2541,59,0
E003527,S1702,1,0.1427,0,0,1,0,0.0862,86,1
E003528,S2287,1,0.0701,0,0,1,1,0.0938,88,0
E003529,S2903,1,0.0752,0,0,1,0,0.3987,83,0
E003530,S2211,0,0.2094,0,0,1,1,0.4419,66,0
E003531,S0002,1,0.9212,2,1,0,4,0.7004,30,1
E003532,S0239,1,0.4183,0,0,1,1,0.2625,25,1
E003533,S3079,0,0.1478,1,1,0,0,0.1829,81,0
E003534,S3746,1,0.0204,0,1,1,0,0.0954,85,0
E003535,S2974,1,0.083,0,0,1,0,0.1478,82,0
E003536,S0193,0,0.7249,6,0,0,2,0.6174,21,1
E003537,S2789,1,0.1257,0,1,1,0,0.348,66,0
E003538,S1603,0,0.0168,0,0,1,0,0.1051,79,0
E003539,S0419,0,0.7097,0,1,1,1,0.5103,44,1
E003540,S3288,1,0.1729,0,0,1,0,0.0423,71,0
E003541,S2954,1,0.1329,0,1,1,1,0.4004,71,0
E003542,S3913,1,0.1159,1,1,1,0,0.204,74,0
E003543,S1325,1,0.6491,3,1,0,0,0.8616,46,1
E003544,S4126,1,0.2172,0,0,1,0,0.0787,67,0
E003545,S4122,0,0.4246,3,1,1,0,0.751,40,1
E003546,S0045,0,0.6819,3,1,0,3,0.5406,23,1
E003547,S0033,0,0.1297,1,1,1,5,0.5707,51,1
E003548,S1401,1,0.0143,2,0,1,1,0.0991,89,0
E003549,S3824,1,0.1574,1,0,1,0,0.0941,75,0
E003550,S0193,0,0.7659,0,1,1,0,0.7133,38,1
E003551,S1483,1,0.1022,0,1,1,0,0.0357,82,0
E003552,S0427,1,0.1066,1,1,1,0,0.0615,78,0
E003553,S0142,1,0.4512,1,0,1,5,0.7575,72,1
E003554,S0060,0,0.4232,3,1,0,2,0.8126,20,1
E003555,S2630,0,0.6895,1,0,1,0,0.4295,70,1
E003556,S0163,1,0.0737,0,0,1,0,0.2652,79,0
E003557,S2883,1,0.5294,1,0,1,0,0.4367,55,1
E003558,S0173,0,0.5911,0,0,1,4,0.1636,47,1
E003559,S3180,0,0.0426,0,0,1,0,0.0444,71,0
E003560,S1123,0,0.582,2,0,1,0,0.3738,55,1
E003561,S3900,0,0.0881,0,0,1,0,0.1588,73,0
E003562,S3057,0,0.2636,0,1,0,1,0.5482,40,0
E003563,S1744,0,0.5429,3,0,0,1,0.7528,61,1
E003564,S3459,0,0.2094,3,1,1,1,0.4899,52,1
E003565,S0224,1,0.4122,1,0,0,0,0.4986,33,1
E003566,S2693,1,0.1813,0,1,1,0,0.2201,72,0
E003567,S1717,0,0.0339,0,0,1,0,0.1324,70,0
E003568,S1013,1,0.0221,0,0,1,0,0.2799,79,0
E003569,S1919,1,0.0802,0,0,1,0,0.5045,70,0
E003570,S2416,1,0.0207,0,0,1,0,0.0557,70,0
E003571,S1388,0,0.4086,0,1,1,0,0.5194,61,1
E003572,S0846,0,0.8423,1,1,1,0,0.8549,40,1
E003573,S0009,1,0.3819,0,0,1,3,0.0966,57,1
E003574,S2634,1,0.0261,0,0,1,0,0.1221,72,0
E003575,S2838,1,0.1459,0,0,1,0,0.0068,74,0
E003576,S0308,1,0.0842,0,0,1,0,0.1356,84,0
E003577,S3445,1,0.0264,0,0,1,0,0.1063,77,0
E003578,S0919,1,0.1599,0,0,1,0,0.1511,78,0
E003579,S2612,0,0.1269,0,0,1,0,0.1001,69,0
E003580,S0014,1,0.3936,1,0,1,4,0.2987,33,0
E003581,S2545,1,0.0829,0,0,1,0,0.6543,71,0
E003582,S0935,1,0.0293,0,1,1,0,0.011,83,0
E003583,S0486,0,0.1893,0,1,1,0,0.0517,80,0
E003584,S3567,1,0.2751,0,1,1,1,0.4354,67,0
E003585,S2152,1,0.1033,0,0,1,0,0.0944,79,0
E003586,S3385,1,0.1532,0,0,1,0,0.4399,78,0
E003587,S0588,1,0.0641,0,0,1,0,0.1143,64,0
E003588,S0486,1,0.8441,0,0,1,0,0.3747,47,0
E003589,S0014,0,0.4382,3,0,0,1,0.2881,68,0
E003590,S3760,1,0.0724,0,1,0,0,0.2358,85,0
E003591,S2575,1,0.4153,0,1,0,0,0.7112,80,0
E003592,S1821,1,0.1955,0,0,1,0,0.5128,73,0
E003593,S3332,1,0.0168,0,0,1,0,0.4386,70,0
E003594,S3178,1,0.5337,2,0,0,0,0.7412,47,1
E003595,S0827,1,0.0795,0,0,1,0,0.0814,85,0
E003596,S1937,0,0.4034,0,1,0,2,0.8415,30,1
E003597,S0162,0,0.5967,5,0,0,1,0.6133,24,1
E003598,S0110,0,0.0932,0,1,1,0,0.1498,62,1
E003599,S0370,1,0.0885,0,0,1,0,0.0403,97,0
E003600,S4149,0,0.0102,0,0,1,0,0.1467,69,0
E003601,S1162,1,0.1486,0,1,1,0,0.0052,51,0
E003602,S0644,0,0.0439,1,1,1,0,0.1247,85,0
E003603,S2263,1,0.0582,1,1,1,1,0.2537,58,0
E003604,S0427,1,0.0301,0,0,1,0,0.0393,75,0
E003605,S2151,1,0.0701,0,0,1,0,0.0751,80,0
E003606,S0319,1,0.5585,0,0,1,0,0.2131,32,0
E003607,S1690,1,0.0543,0,1,1,0,0.0873,75,0
E003608,S3234,1,0.067,0,1,1,0,0.08,57,1
E003609,S0035,1,0.0415,0,0,1,0,0.7501,65,0
E003610,S0877,1,0.0325,0,0,1,0,0.0105,83,0
E003611,S2675,0,0.6602,1,0,1,1,0.287,47,0
E003612,S0393,1,0.0033,0,0,1,0,0.0189,71,0
E003613,S0631,0,0.3215,4,0,1,1,0.667,0,1
E003614,S1244,1,0.1879,0,0,1,0,0.051,81,0
E003615,S0774,1,0.1998,1,0,1,0,0.3387,77,0
E003616,S3997,0,0.4528,3,0,0,0,0.7375,13,1
E003617,S2597,0,0.3322,3,0,0,0,0.302,40,1
E003618,S1687,1,0.0453,0,0,1,0,0.103,82,0
E003619,S3887,0,0.1274,0,0,1,0,0.1267,69,0
E003620,S2715,0,0.3075,0,1,1,1,0.207,73,0
E003621,S2867,1,0.0368,0,0,1,0,0.8069,80,0
E003622,S1692,0,0.1276,1,0,1,0,0.2135,68,0
E003623,S1734,0,0.7032,2,0,1,2,0.7839,36,1
E003624,S1609,1,0.0971,0,0,1,0,0.1547,83,0
E003625,S3473,1,0.0637,0,0,1,0,0.1053,84,0
E003626,S0232,0,0.6485,4,0,0,5,0.7438,23,1
E003627,S1821,1,0.0495,0,0,1,0,0.0427,72,0
E003628,S0714,1,0.3742,1,0,0,0,0.4208,84,0
E003629,S2266,0,0.1427,0,0,1,0,0.0559,73,0
E003630,S2387,0,0.2384,0,0,1,0,0.8119,56,0
E003631,S2021,1,0.0358,0,0,1,0,0.0103,76,0
E003632,S3836,1,0.1052,0,0,1,0,0.1116,84,0
E003633,S3318,0,0.0803,0,0,1,0,0.1768,55,0
E003634,S0467,0,0.0829,0,0,1,0,0.148,51,0
E003635,S1662,1,0.1584,0,0,1,0,0.0525,90,0
E003636,S0223,0,0.4765,1,1,1,1,0.3124,46,1
E003637,S1728,1,0.0373,0,0,1,0,0.4995,71,0
E003638,S1895,0,0.1871,0,1,0,0,0.4494,49,1
E003639,S2216,1,0.1593,0,0,1,0,0.0215,64,0
E003640,S3251,1,0.38,1,0,1,1,0.2838,45,1
E003641,S0007,0,0.2296,0,0,1,3,0.3631,50,1
E003642,S2088,0,0.0456,0,0,1,0,0.5832,83,0
E003643,S2910,0,0.7478,0,1,1,0,0.2822,53,0
E003644,S1241,1,0.0602,0,0,1,0,0.0456,81,0
E003645,S2468,0,0.7395,4,1,1,1,0.4418,19,1
E003646,S0838,0,0.6569,4,0,1,0,0.5972,65,1
E003647,S1349,1,0.0662,0,0,1,0,0.1537,64,0
E003648,S0210,1,0.3957,3,0,0,2,0.8199,62,1
E003649,S0569,1,0.2227,0,0,1,1,0.7022,65,0
E003650,S3458,0,0.0581,0,0,1,0,0.2286,45,1
E003651,S0709,1,0.1016,0,1,1,0,0.3385,54,0
E003652,S3142,1,0.2333,0,0,1,0,0.4387,72,0
E003653,S2884,1,0.2383,1,0,1,0,0.0466,86,0
E003654,S1607,1,0.0346,1,1,0,0,0.1429,69,0
E003655,S0280,0,0.5068,5,1,0,6,0.5878,3,1
E003656,S0064,1,0.2176,1,0,0,3,0.0775,38,1
E003657,S1683,0,0.0752,0,0,1,0,0.09,74,0
E003658,S0113,1,0.2713,0,0,1,0,0.3201,18,1
E003659,S0605,1,0.1957,0,0,1,0,0.1855,80,0
E003660,S3322,0,0.0915,0,0,1,0,0.0168,98,0
E003661,S1128,0,0.4861,0,0,1,0,0.4719,45,1
E003662,S0291,1,0.1226,0,0,1,0,0.0536,78,0
E003663,S2115,1,0.0547,0,0,1,0,0.0964,78,0
E003664,S3488,0,0.3941,0,0,0,1,0.5359,55,0
E003665,S3431,0,0.4439,0,0,0,1,0.1968,58,0
E003666,S0695,0,0.1275,1,1,0,1,0.3587,73,0
E003667,S1615,1,0.2175,0,1,1,0,0.3214,63,0
E003668,S0673,1,0.0198,0,0,1,0,0.0431,87,0
E003669,S3565,0,0.3756,0,0,1,0,0.3975,55,1
E003670,S3137,1,0.048,0,0,0,0,0.0278,90,0
E003671,S1280,1,0.036,0,0,1,0,0.0225,86,1
E003672,S0215,0,0.8092,4,0,0,6,0.7648,26,1
E003673,S0442,1,0.0586,0,0,1,0,0.117,67,0
E003674,S1913,1,0.3386,1,1,0,0,0.7021,76,1
E003675,S1084,1,0.0441,0,0,1,0,0.0828,87,0
E003676,S2157,1,0.0848,0,0,1,0,0.0204,85,0
E003677,S1198,1,0.2194,0,0,1,0,0.153,74,0
E003678,S1112,1,0.0435,0,0,1,0,0.0708,100,0
E003679,S1019,0,0.5025,5,0,1,0,0.3708,22,1
E003680,S1180,1,0.0457,0,0,0,0,0.1994,72,0
E003681,S2465,1,0.0144,0,0,1,0,0.0585,81,0
E003682,S1912,1,0.0125,0,0,1,0,0.5049,91,1
E003683,S3163,1,0.0622,0,0,1,0,0.4549,85,1
E003684,S1887,1,0.0642,0,1,1,0,0.0528,85,0
E003685,S2129,0,0.3249,1,1,1,0,0.4135,68,0
E003686,S0099,1,0.1382,0,0,1,0,0.1225,88,0
E003687,S1510,0,0.0369,1,0,1,0,0.1667,58,0
E003688,S0217,1,0.1943,0,0,1,0,0.0315,67,0
E003689,S1212,1,0.0781,0,1,1,0,0.5188,85,0
E003690,S0174,1,0.5476,0,0,0,5,0.1968,37,1
E003691,S2317,1,0.1562,0,0,1,0,0.0292,85,0
E003692,S1537,0,0.6161,4,0,1,1,0.6579,7,1
E003693,S2788,0,0.2218,0,1,1,0,0.5846,49,0
E003694,S3032,1,0.7865,0,1,0,0,0.8895,57,1
E003695,S3829,1,0.0286,0,0,1,0,0.0871,84,0
E003696,S1204,1,0.6346,0,0,1,0,0.6251,65,0
E003697,S3446,1,0.0166,0,0,1,0,0.04,88,0
E003698,S2127,1,0.2258,0,0,1,0,0.2138,61,0
E003699,S2524,1,0.2247,0,0,1,0,0.3805,73,0
E003700,S1470,1,0.0591,0,0,1,0,0.0463,87,0
E003701,S0298,1,0.6762,1,1,1,3,0.2081,34,1
E003702,S0586,1,0.0689,0,0,1,0,0.3129,87,0
E003703,S0289,0,0.9501,3,0,0,2,0.8011,25,1
E003704,S2234,0,0.3704,0,1,1,1,0.3132,60,1
E003705,S2895,1,0.2093,0,0,1,0,0.5186,83,1
E003706,S3359,1,0.1658,0,0,1,0,0.0784,98,0
E003707,S1301,0,0.5886,2,1,1,1,0.6304,30,1
E003708,S3781,1,0.0692,0,0,1,0,0.7859,69,1
E003709,S1529,1,0.0331,0,0,1,0,0.129,82,0
E003710,S2883,1,0.0455,0,0,1,0,0.3939,57,0
E003711,S0324,1,0.2446,1,0,1,0,0.0014,80,0
E003712,S0017,0,0.0544,0,0,1,0,0.1004,59,0
E003713,S0877,1,0.0433,0,0,1,1,0.0213,73,0
E003714,S0987,1,0.0481,0,1,1,0,0.006,73,0
E003715,S1380,0,0.6549,1,0,0,0,0.6646,33,1
E003716,S1046,1,0.7539,0,0,0,0,0.2223,78,1
E003717,S1286,0,0.1579,0,0,0,0,0.0623,73,1
E003718,S3629,0,0.6747,0,0,1,0,0.4794,71,1
E003719,S0512,1,0.3917,0,0,1,1,0.5546,56,0
E003720,S3478,1,0.1037,0,0,1,0,0.1095,100,0
E003721,S0253,1,0.1573,0,0,1,0,0.1494,78,0
E003722,S2916,1,0.0527,0,0,1,0,0.0556,69,0
E003723,S0400,1,0.0581,0,0,1,0,0.0338,81,0
E003724,S0769,0,0.126,0,0,1,1,0.1286,86,0
E003725,S0354,1,0.0651,1,0,1,1,0.0883,84,0
E003726,S3967,0,0.0919,0,0,1,0,0.0689,55,0
E003727,S2966,1,0.0857,0,0,1,1,0.0831,77,1
E003728,S3533,0,0.072,0,0,1,0,0.035,72,0
E003729,S0824,1,0.5496,4,0,0,1,0.4458,50,1
E003730,S3139,1,0.0423,0,0,1,0,0.0908,75,0
E003731,S0124,0,0.7038,5,0,1,3,0.8697,16,1
E003732,S3453,1,0.0966,0,0,1,0,0.0736,81,0
E003733,S0848,1,0.0693,0,0,1,0,0.8223,66,0
E003734,S1287,1,0.0971,0,0,1,0,0.0837,74,0
E003735,S0224,1,0.4868,0,1,0,5,0.1025,44,1
E003736,S3724,1,0.1722,0,0,1,0,0.0707,75,0
E003737,S1985,0,0.6346,0,0,0,0,0.3113,44,1
E003738,S0898,0,0.102,0,0,1,0,0.0917,87,0
E003739,S1534,0,0.8318,3,1,0,0,0.7047,36,1
E003740,S2230,0,0.7494,1,1,1,1,0.4765,63,0
E003741,S0457,1,0.2665,0,0,1,0,0.1463,50,0
E003742,S3673,1,0.1236,0,1,1,0,0.354,54,0
E003743,S0350,0,0.0589,0,1,1,0,0.1055,67,0
E003744,S0055,1,0.3242,1,0,1,1,0.5076,39,1
E003745,S1431,0,0.0239,0,0,1,0,0.4784,77,0
E003746,S2901,1,0.02,0,0,1,0,0.1124,88,0
E003747,S1716,1,0.148,0,0,1,0,0.0348,80,0
E003748,S0945,0,0.0877,0,0,0,0,0.3691,64,0
E003749,S2267,0,0.4635,1,1,1,0,0.3737,65,0
E003750,S0225,0,0.6888,3,1,0,5,0.4554,25,1
E003751,S3121,0,0.6555,2,1,0,1,0.2478,25,1
E003752,S0572,1,0.0495,0,0,1,0,0.0517,62,0
E003753,S0130,0,0.0832,0,1,0,0,0.1021,51,0
E003754,S0065,1,0.3971,1,1,1,4,0.7256,67,1
E003755,S4051,1,0.1572,0,0,1,0,0.3788,54,0
E003756,S3132,0,0.4511,1,1,0,0,0.3386,88,0
E003757,S4085,1,0.0983,0,0,1,0,0.6163,82,0
E003758,S0175,1,0.5797,0,1,0,4,0.1797,39,1
E003759,S2730,0,0.1508,1,1,1,0,0.2092,63,0
E003760,S1144,1,0.5902,0,0,0,0,0.587,21,0
E003761,S1058,1,0.5517,0,1,0,0,0.5182,80,0
E003762,S1745,0,0.4736,1,0,1,0,0.7947,46,1
E003763,S1965,1,0.0892,0,1,1,0,0.2342,75,0
E003764,S3660,1,0.0575,0,1,1,0,0.0651,50,0
E003765,S2030,1,0.0442,0,0,1,1,0.1094,72,0
E003766,S0055,1,0.022,0,0,1,0,0.0808,76,0
E003767,S1630,0,0.4341,2,1,1,0,0.7642,33,1
E003768,S1431,1,0.0963,0,0,1,0,0.5973,94,0
E003769,S2321,0,0.3717,1,0,1,0,0.1055,58,0
E003770,S3867,1,0.1208,0,0,1,0,0.1875,88,0
E003771,S2011,1,0.1472,0,0,1,0,0.1235,95,0
E003772,S2932,1,0.0598,0,0,1,0,0.1357,75,0
E003773,S3078,1,0.0459,0,0,1,0,0.0334,83,0
E003774,S2030,1,0.567,0,0,0,0,0.7101,59,0
E003775,S0624,1,0.1276,0,0,1,0,0.0675,93,0
E003776,S2912,1,0.0286,0,0,1,0,0.1676,95,0
E003777,S1447,1,0.4957,1,0,1,0,0.5076,53,0
E003778,S2260,1,0.0586,0,0,1,1,0.0456,76,0
E003779,S0132,1,0.3657,0,0,1,3,0.6553,44,1
E003780,S0060,0,0.7024,6,0,0,5,0.6404,11,1
E003781,S1479,1,0.7538,0,0,0,1,0.8773,100,0
E003782,S0822,1,0.425,1,1,1,0,0.5973,65,0
E003783,S0045,1,0.3737,1,0,1,5,0.3426,49,1
E003784,S1486,1,0.4095,2,1,1,0,0.7146,19,1
E003785,S2776,1,0.0344,0,0,1,0,0.0563,89,0
E003786,S0488,1,0.0537,0,0,1,0,0.1416,78,0
E003787,S2648,1,0.1,1,0,1,0,0.0582,67,0
E003788,S0141,0,0.4621,2,0,1,2,0.4281,38,1
E003789,S3485,0,0.8706,3,0,0,0,0.7103,5,1
E003790,S3681,1,0.0804,0,0,1,0,0.0356,93,1
E003791,S2603,1,0.053,0,0,1,0,0.1619,61,0
E003792,S1776,1,0.0646,0,0,1,0,0.6131,69,0
E003793,S0031,1,0.3896,1,0,1,4,0.3067,58,1
E003794,S1058,0,0.3321,1,0,1,0,0.1153,33,0
E003795,S0344,0,0.2928,0,0,1,0,0.2163,63,1
E003796,S1367,1,0.1366,0,0,1,0,0.0562,91,0
E003797,S2563,1,0.076,0,0,1,0,0.0213,88,0
E003798,S2646,1,0.0981,0,0,1,0,0.0816,97,0
E003799,S3383,1,0.0722,0,0,1,0,0.1103,84,0
E003800,S0162,1,0.3633,1,1,0,1,0.421,59,0
E003801,S0083,0,0.3843,2,0,1,4,0.4921,39,1
E003802,S2683,1,0.1345,0,0,1,0,0.3142,88,0
E003803,S2090,0,0.0501,0,0,1,0,0.0853,70,0
E003804,S0041,0,0.2006,0,0,1,0,0.0741,79,0
E003805,S0881,1,0.0222,0,0,1,0,0.0766,62,0
E003806,S0197,1,0.1814,0,0,1,0,0.0116,97,0
E003807,S3413,0,0.1521,0,0,1,1,0.14,46,1
E003808,S0275,0,0.8809,2,1,0,0,0.3923,34,1
E003809,S0712,1,0.0807,0,0,1,0,0.0701,80,0
E003810,S0284,1,0.0947,0,0,1,0,0.131,85,0
E003811,S2862,1,0.0665,1,1,1,0,0.4673,77,0
E003812,S0916,0,0.174,0,0,0,0,0.1988,72,0
E003813,S1891,1,0.1159,0,0,1,0,0.0191,61,0
E003814,S0347,1,0.0753,0,0,1,0,0.0792,61,0
E003815,S0425,0,0.1194,0,0,1,0,0.0491,94,0
E003816,S2474,0,0.1026,1,1,1,0,0.3083,62,0
E003817,S0758,0,0.098,1,0,1,0,0.0273,74,0
E003818,S2963,0,0.0973,0,1,1,1,0.1625,60,0
E003819,S4000,1,0.0974,1,0,1,0,0.4922,57,0
E003820,S0811,1,0.0782,0,0,1,0,0.0431,77,0
E003821,S1388,0,0.2941,0,0,1,0,0.6952,80,0
E003822,S4163,0,0.7321,3,0,1,0,0.4548,35,1
E003823,S0663,0,0.1563,0,0,1,0,0.1284,62,0
E003824,S0150,0,0.6047,2,1,1,4,0.63,17,1
E003825,S1514,1,0.0855,0,0,1,0,0.1315,80,0
E003826,S0068,1,0.5184,1,0,1,1,0.4544,43,1
E003827,S2959,1,0.0712,0,0,1,0,0.0263,97,0
E003828,S4058,1,0.1592,1,1,1,0,0.0166,82,0
E003829,S2850,1,0.1253,0,0,1,0,0.0618,83,1
E003830,S1157,1,0.1908,0,0,0,0,0.084,81,0
E003831,S0344,0,0.0875,1,0,1,0,0.1359,54,1
E003832,S2052,1,0.1581,0,0,1,0,0.0299,83,0
E003833,S1877,0,0.7025,1,1,0,0,0.6657,56,1
E003834,S4172,0,0.0481,0,0,1,1,0.2346,81,0
E003835,S1701,1,0.28,0,0,1,0,0.5063,64,0
E003836,S2886,1,0.046,0,0,1,0,0.1099,81,0
E003837,S1063,0,0.5052,0,0,0,0,0.2652,47,1
E003838,S3879,1,0.127,0,0,1,0,0.1595,89,0
E003839,S1846,0,0.6714,2,0,0,0,0.5542,70,1
E003840,S0117,0,0.7504,5,1,0,1,0.4023,21,0
E003841,S1331,1,0.3143,0,1,1,1,0.501,62,0
E003842,S1009,1,0.0499,0,0,1,0,0.0548,73,0
E003843,S1451,1,0.0726,0,0,1,0,0.0753,86,0
E003844,S1469,1,0.0349,0,0,1,0,0.0727,81,0
E003845,S3138,1,0.0225,0,1,1,0,0.0945,80,0
E003846,S4147,0,0.516,0,0,0,0,0.6239,32,1
E003847,S0590,1,0.52,1,0,1,0,0.2936,57,0
E003848,S0320,1,0.132,0,0,0,0,0.0664,73,1
E003849,S0737,1,0.2851,0,1,0,0,0.2627,69,0
E003850,S2864,1,0.151,0,0,1,0,0.0352,78,0
E003851,S2796,1,0.0137,0,0,1,0,0.189,94,0
E003852,S0166,0,0.8047,3,1,0,5,0.8,9,1
E003853,S4084,0,0.2791,0,1,1,0,0.1094,66,0
E003854,S0217,0,0.7009,2,0,0,4,0.7054,32,1
E003855,S2148,0,0.7012,1,1,1,0,0.4988,45,1
E003856,S3586,0,0.5284,0,0,0,1,0.1229,92,1
E003857,S2823,1,0.0852,0,0,1,0,0.0486,64,0
E003858,S0445,1,0.0383,0,0,1,0,0.6404,56,0
E003859,S2951,1,0.4115,1,0,1,1,0.6355,64,1
E003860,S4027,1,0.365,0,0,1,0,0.1195,100,0
E003861,S0074,1,0.4371,0,1,1,1,0.4957,56,0
E003862,S0140,1,0.0254,0,0,1,0,0.2841,68,0
E003863,S3383,1,0.053,0,0,1,0,0.098,63,0
E003864,S1299,1,0.0792,0,0,1,0,0.0138,75,0
E003865,S0132,0,0.0142,1,0,1,0,0.2425,82,0
E003866,S4001,1,0.0748,0,0,1,0,0.0531,80,0
E003867,S1128,1,0.2004,0,0,1,0,0.1315,54,1
E003868,S3220,1,0.0854,0,0,1,0,0.0389,74,0
E003869,S3138,1,0.0914,1,1,1,1,0.224,94,0
E003870,S4035,0,0.7682,4,1,0,0,0.9159,33,1
E003871,S1121,0,0.0202,0,0,1,0,0.1328,54,0
E003872,S1008,1,0.1712,0,0,1,0,0.0312,80,0
E003873,S4018,0,0.0496,1,0,1,0,0.2081,94,1
E003874,S3023,1,0.0773,0,0,1,0,0.5223,79,0
E003875,S0095,0,0.0507,0,1,1,1,0.1178,89,0
E003876,S3206,1,0.0378,1,1,1,0,0.2375,81,0
E003877,S2096,1,0.2915,1,0,1,1,0.4689,55,1
E003878,S3510,0,0.6441,1,1,1,1,0.5733,19,1
E003879,S1986,1,0.0391,0,0,1,0,0.0471,86,0
E003880,S3319,0,0.0709,0,0,1,1,0.2162,70,0
E003881,S1607,1,0.3689,1,0,1,1,0.6362,40,0
E003882,S2104,0,0.1601,1,0,0,0,0.0342,58,0
E003883,S0308,1,0.0657,0,0,1,0,0.1083,97,0
E003884,S0066,1,0.0911,0,0,1,0,0.2872,87,0
E003885,S0126,0,0.24,2,0,0,0,0.1803,57,0
E003886,S2420,1,0.0588,0,0,1,0,0.0184,73,0
E003887,S2697,1,0.061,1,0,1,0,0.0347,62,0
E003888,S0248,0,0.4416,2,1,1,2,0.3189,26,1
E003889,S1478,1,0.0986,0,0,1,2,0.7582,71,0
E003890,S1766,0,0.4378,1,1,1,0,0.6289,42,1
E003891,S3263,1,0.0224,0,0,1,0,0.2109,100,0
E003892,S1343,0,0.1584,0,0,1,0,0.0798,69,0
E003893,S2343,0,0.0786,0,0,1,0,0.2266,53,0
E003894,S1490,1,0.1119,0,0,1,0,0.0477,76,0
E003895,S3258,1,0.0504,0,0,1,0,0.3757,60,0
E003896,S2736,1,0.1006,0,0,1,0,0.1431,72,0
E003897,S3647,0,0.7632,2,0,1,0,0.6612,55,1
E003898,S0170,1,0.2447,3,0,1,3,0.4209,76,0
E003899,S4135,1,0.0486,0,0,1,0,0.0728,88,0
E003900,S1930,1,0.0927,0,0,1,0,0.0244,75,0
E003901,S1977,1,0.0222,0,0,1,0,0.0471,69,0
E003902,S3106,1,0.2025,0,0,1,0,0.1071,87,0
E003903,S0296,1,0.0873,0,0,1,0,0.2553,82,0
E003904,S2439,0,0.0744,0,0,1,0,0.0473,62,1
E003905,S2454,1,0.7845,1,1,0,0,0.2577,62,1
E003906,S2484,1,0.7045,0,0,0,1,0.5592,50,1
E003907,S1971,1,0.1109,0,0,1,0,0.1258,84,0
E003908,S2930,1,0.1408,0,0,1,0,0.0443,65,0
E003909,S1146,1,0.0829,0,0,1,0,0.044,68,0
E003910,S3725,1,0.3254,0,0,1,0,0.4275,85,1
E003911,S1065,1,0.0505,1,0,1,0,0.0786,84,0
E003912,S1937,0,0.1362,0,0,1,0,0.0459,73,0
E003913,S4159,1,0.0044,0,0,1,0,0.0312,71,0
E003914,S0570,0,0.2039,0,0,1,0,0.0683,80,0
E003915,S0403,1,0.0518,0,0,1,0,0.1499,84,0
E003916,S0013,1,0.6901,3,0,0,6,0.4148,47,1
E003917,S0198,0,0.6245,3,0,0,0,0.8846,38,1
E003918,S1911,1,0.0585,0,0,1,0,0.0889,71,0
E003919,S3282,1,0.0816,0,0,0,0,0.1237,63,0
E003920,S0258,0,0.3448,0,0,1,3,0.1396,63,1
E003921,S1250,0,0.6984,1,0,0,0,0.7602,35,0
E003922,S3223,0,0.5952,1,1,1,0,0.8173,21,0
E003923,S1086,1,0.101,1,0,1,0,0.0902,84,0
E003924,S0236,0,0.7758,5,1,0,5,0.79,13,1
E003925,S3528,1,0.1108,0,1,1,0,0.0594,85,1
E003926,S0004,1,0.2406,0,1,1,3,0.1514,45,1
E003927,S0203,0,0.3619,0,0,1,2,0.2525,44,1
E003928,S4145,1,0.0319,0,0,1,0,0.1253,84,0
E003929,S1528,1,0.0751,1,0,1,0,0.5004,74,0
E003930,S2333,1,0.0936,0,0,1,0,0.0391,78,0
E003931,S2581,0,0.5371,1,0,1,1,0.7139,51,1
E003932,S1515,0,0.4134,1,0,1,0,0.0784,84,1
E003933,S0951,0,0.6133,1,0,0,1,0.5599,17,1
E003934,S0045,0,0.6591,7,1,0,4,0.5976,12,1
E003935,S1703,1,0.6329,1,0,1,0,0.6116,59,0
E003936,S3296,0,0.0216,0,0,1,0,0.158,60,0
E003937,S0141,0,0.0628,0,0,1,0,0.1093,88,0
E003938,S0153,1,0.2818,0,1,0,2,0.4127,64,0
E003939,S3060,0,0.409,0,0,1,0,0.1746,34,0
E003940,S1333,1,0.1322,0,1,1,0,0.0885,75,0
E003941,S2341,0,0.0784,0,0,1,0,0.675,77,0
E003942,S2954,1,0.0283,0,0,1,0,0.1574,79,0
E003943,S1151,1,0.0517,0,1,1,0,0.1059,82,0
E003944,S2341,1,0.021,0,0,1,0,0.1927,97,0
E003945,S0051,0,0.7614,3,1,0,5,0.6549,0,1
E003946,S3258,0,0.0984,0,1,1,0,0.092,51,0
E003947,S0475,0,0.7413,4,1,1,1,0.5472,27,1
E003948,S2979,1,0.0963,0,0,1,0,0.0301,77,0
E003949,S1177,1,0.0117,1,0,1,0,0.0978,98,0
E003950,S2670,1,0.0642,0,0,1,0,0.2703,77,0
E003951,S0148,1,0.316,1,0,1,3,0.2119,58,1
E003952,S3766,1,0.0708,0,0,1,0,0.1587,97,0
E003953,S2712,0,0.3437,0,0,1,1,0.1623,65,0
E003954,S2819,1,0.03,0,0,1,0,0.0462,97,0
E003955,S3802,0,0.014,0,1,1,0,0.374,94,0
E003956,S2903,0,0.456,1,1,0,0,0.66,33,1
E003957,S3988,1,0.0579,0,0,1,0,0.0785,65,0
E003958,S0851,0,0.3906,4,0,0,0,0.5354,12,1
E003959,S3488,1,0.0488,0,0,1,0,0.2656,91,0
E003960,S1291,1,0.081,0,1,1,0,0.1632,77,1
E003961,S0059,0,0.3604,0,0,1,0,0.3225,54,1
E003962,S1236,1,0.0638,0,0,1,0,0.0257,75,0
E003963,S3787,1,0.0757,0,0,1,0,0.1622,75,0
E003964,S2547,0,0.2659,0,0,0,0,0.6762,63,1
E003965,S0048,0,0.3553,4,1,0,0,0.7914,49,1
E003966,S0053,0,0.881,0,1,0,4,0.5083,18,1
E003967,S3006,0,0.5819,3,1,0,1,0.7015,39,1
E003968,S0743,0,0.8294,0,0,0,1,0.8461,16,1
E003969,S3081,1,0.4403,0,0,0,1,0.1544,78,0
E003970,S2835,1,0.0723,0,1,1,0,0.3223,60,0
E003971,S0928,0,0.551,0,1,1,1,0.2414,50,1
E003972,S0223,0,0.7477,0,1,1,1,0.5937,51,1
E003973,S3887,0,0.1075,2,0,1,0,0.232,82,0
E003974,S0871,0,0.4285,3,1,1,0,0.4139,47,1
E003975,S3235,1,0.0748,1,0,1,0,0.1361,90,0
E003976,S0561,1,0.0666,0,0,1,0,0.0338,83,0
E003977,S2156,0,0.1371,1,0,1,0,0.0902,72,0
E003978,S3256,0,0.0893,1,0,1,0,0.3123,54,1
E003979,S0206,1,0.3838,1,1,1,1,0.2861,54,1
E003980,S0872,1,0.0508,0,0,1,1,0.1375,100,0
E003981,S1380,1,0.04,0,0,1,0,0.1934,66,0
E003982,S2431,1,0.634,0,0,1,1,0.4247,58,0
E003983,S3503,1,0.2152,0,1,1,0,0.0947,67,0
E003984,S0916,0,0.3102,0,0,1,2,0.5847,56,0
E003985,S0800,0,0.019,0,0,1,0,0.1221,93,0
E003986,S2477,1,0.0089,0,0,1,0,0.5289,93,0
E003987,S2561,1,0.4097,2,1,1,0,0.7482,74,1
E003988,S1613,1,0.0782,0,0,1,0,0.051,86,0
E003989,S1284,0,0.3414,1,0,0,0,0.6069,36,1
E003990,S1977,1,0.518,1,0,0,1,0.2352,63,0
E003991,S2221,0,0.4429,1,1,0,1,0.8081,48,0
E003992,S1757,1,0.1324,0,1,1,0,0.1215,70,0
E003993,S1918,1,0.1261,0,0,1,0,0.2449,77,0
E003994,S1912,1,0.2633,3,0,0,1,0.4282,40,0
E003995,S3645,1,0.1249,0,1,1,0,0.0157,88,0
E003996,S0151,0,0.4041,0,0,1,4,0.5107,44,1
E003997,S0190,1,0.3661,0,0,1,3,0.5633,57,1
E003998,S4050,1,0.1539,0,0,1,0,0.3611,67,0
E003999,S0911,0,0.0609,0,0,1,0,0.2115,80,0
E004000,S0032,1,0.4235,0,0,1,1,0.503,66,1
E004001,S0291,0,0.8516,2,1,0,4,0.838,7,1
E004002,S1456,1,0.0917,0,1,1,0,0.1065,75,0
E004003,S1132,1,0.1165,0,0,1,0,0.0955,95,0
E004004,S0431,1,0.1079,0,1,1,0,0.0385,96,0
E004005,S2327,1,0.4374,1,1,1,1,0.2548,89,0
E004006,S0717,1,0.1046,0,0,1,0,0.1283,77,0
E004007,S1190,1,0.1091,0,0,1,0,0.2318,74,0
E004008,S1231,1,0.0768,0,0,1,0,0.3704,77,0
E004009,S3857,0,0.1581,0,0,1,0,0.132,67,0
E004010,S3172,0,0.2198,1,0,1,1,0.5202,39,0
E004011,S1620,1,0.0703,0,1,1,0,0.1044,77,0
E004012,S0403,1,0.1133,0,0,1,1,0.1331,72,0
E004013,S0274,1,0.3535,1,0,1,3,0.3376,43,1
E004014,S0297,1,0.0682,1,0,1,0,0.0264,74,0
E004015,S0323,1,0.0663,0,0,1,0,0.1955,93,0
E004016,S3956,0,0.3777,2,0,1,1,0.1889,60,0
E004017,S3913,1,0.0907,0,0,1,0,0.1587,94,0
E004018,S0161,0,0.5665,7,1,0,3,0.7301,20,1
E004019,S1096,1,0.1282,0,0,1,0,0.0797,96,0
E004020,S3198,0,0.5324,4,0,1,0,0.8204,26,1
E004021,S0641,0,0.4696,1,0,1,0,0.5091,44,1
E004022,S1731,1,0.3477,0,0,0,0,0.7008,93,0
E004023,S0591,1,0.0619,0,0,1,0,0.0276,78,0
E004024,S2879,0,0.4624,3,0,1,1,0.5957,25,1
E004025,S1899,0,0.4995,0,0,1,0,0.7419,100,1
E004026,S4147,1,0.0939,0,1,1,0,0.2595,58,0
E004027,S0112,1,0.0712,0,0,0,0,0.0182,79,0
E004028,S3066,0,0.575,1,0,0,0,0.8766,37,1
E004029,S2975,1,0.1072,1,1,0,0,0.125,51,0
E004030,S0125,1,0.1928,2,0,1,0,0.3031,52,0
E004031,S3365,0,0.1387,0,0,1,0,0.1436,65,0
E004032,S3128,1,0.0442,0,0,1,1,0.0648,78,0
E004033,S1759,1,0.0441,0,0,1,0,0.0994,90,0
E004034,S0194,1,0.1379,0,0,1,0,0.0922,94,1
E004035,S2268,0,0.0647,0,0,1,0,0.0703,80,0
E004036,S3435,1,0.0916,0,0,1,0,0.0474,87,0
E004037,S0996,1,0.0546,0,0,1,0,0.1347,69,0
E004038,S2257,0,0.5896,1,1,1,2,0.8004,43,1
E004039,S3893,0,0.092,0,0,1,0,0.1346,73,0
E004040,S0065,0,0.4746,0,0,1,1,0.4504,93,0
E004041,S0847,1,0.019,0,0,1,0,0.0378,100,0
E004042,S2560,1,0.0964,1,0,1,0,0.1023,87,0
E004043,S2539,0,0.3531,1,0,0,0,0.4684,61,1
E004044,S1552,1,0.0864,0,1,1,0,0.068,97,0
E004045,S3128,1,0.1082,1,0,1,0,0.4742,61,0
E004046,S2930,1,0.1438,0,0,1,0,0.2128,76,0
E004047,S0251,1,0.2298,1,1,0,5,0.3602,53,1
E004048,S1652,1,0.0959,1,0,1,0,0.1253,88,0
E004049,S2547,1,0.0929,0,0,1,0,0.5764,89,0
E004050,S2708,1,0.064,0,0,1,0,0.0237,86,0
E004051,S3888,0,0.0814,0,0,1,0,0.2597,87,0
E004052,S0652,1,0.0429,1,0,1,0,0.0143,85,0
E004053,S3884,0,0.1994,0,0,1,0,0.028,64,0
E004054,S0078,0,0.1889,1,0,1,0,0.1149,70,0
E004055,S0017,1,0.3378,2,1,0,3,0.4126,43,1
E004056,S3834,1,0.0248,0,0,1,0,0.0429,79,0
E004057,S0572,0,0.6726,1,1,0,2,0.526,23,1
E004058,S3170,0,0.6137,1,1,0,0,0.7878,34,1
E004059,S0224,0,0.3551,0,0,0,4,0.4314,56,1
E004060,S0546,0,0.581,1,0,1,1,0.5722,30,0
E004061,S1332,0,0.3629,0,1,1,0,0.3067,40,1
E004062,S1847,1,0.0055,0,0,1,0,0.1104,70,0
E004063,S1055,1,0.0412,0,0,1,0,0.0319,64,0
E004064,S0136,0,0.4778,1,0,0,0,0.5078,45,1
E004065,S3956,1,0.1108,0,0,1,0,0.0473,64,0
E004066,S0250,1,0.3499,0,1,1,5,0.386,44,1
E004067,S4035,1,0.1722,0,0,1,0,0.1998,73,0
E004068,S3563,1,0.0542,0,0,1,0,0.0986,74,0
E004069,S0269,0,0.5692,0,0,1,2,0.2765,28,0
E004070,S1949,1,0.0067,0,0,1,0,0.0516,92,0
E004071,S3789,1,0.07,0,0,1,0,0.1222,90,0
E004072,S0036,1,0.0615,0,0,1,0,0.558,92,0
E004073,S0573,1,0.0337,1,1,1,0,0.1879,63,0
E004074,S3240,1,0.0785,0,0,1,0,0.3217,70,0
E004075,S1669,1,0.1581,0,0,1,0,0.022,77,0
E004076,S0264,0,0.7199,3,1,0,3,0.5815,11,1
E004077,S0329,0,0.4569,1,1,1,0,0.8422,45,1
E004078,S0156,0,0.6028,1,1,0,5,0.8945,15,1
E004079,S0440,0,0.7747,1,0,0,0,0.4923,35,1
E004080,S2378,1,0.0631,0,0,1,0,0.1013,82,0
E004081,S2709,0,0.2651,0,0,1,1,0.3504,62,0
E004082,S2194,1,0.1808,0,1,1,0,0.1494,64,0
E004083,S1514,0,0.7025,1,1,0,2,0.4982,38,1
E004084,S0280,1,0.3653,0,0,0,2,0.4459,43,1
E004085,S3432,1,0.0519,0,0,1,0,0.5118,65,0
E004086,S3235,0,0.8714,2,1,1,1,0.4246,31,0
E004087,S1074,1,0.1431,0,0,1,0,0.1359,79,0
E004088,S2714,1,0.0339,1,1,1,0,0.1301,79,0
E004089,S3018,1,0.219,0,1,1,0,0.6095,87,0
E004090,S0443,1,0.0627,0,0,1,0,0.227,66,1
E004091,S1634,1,0.174,1,0,1,0,0.2531,92,0
E004092,S2470,0,0.4236,3,1,1,1,0.3413,60,0
E004093,S1917,0,0.0918,0,1,1,0,0.3092,65,0
E004094,S1782,0,0.068,0,0,1,0,0.1977,71,0
E004095,S2578,1,0.0925,0,0,1,0,0.0433,75,0
E004096,S1558,1,0.0162,0,0,1,0,0.1085,69,0
E004097,S0129,1,0.1555,1,1,1,0,0.2415,56,0
E004098,S1505,1,0.0486,0,0,1,1,0.0372,89,0
E004099,S1501,0,0.1603,0,0,1,1,0.6398,63,0
E004100,S1836,1,0.2133,0,1,1,1,0.2994,70,0
E004101,S0268,1,0.1618,3,0,0,3,0.5596,29,1
E004102,S1161,1,0.0919,0,0,1,0,0.1384,75,0
E004103,S3313,0,0.0429,1,0,0,0,0.1422,80,0
E004104,S0069,1,0.3968,0,1,1,4,0.4678,52,1
E004105,S3795,0,0.5105,0,1,1,0,0.7257,70,0
E004106,S1151,1,0.0542,0,1,1,0,0.1274,61,0
E004107,S3012,0,0.2966,0,1,1,0,0.3055,58,1
E004108,S0180,1,0.8403,0,0,1,7,0.3571,28,0
E004109,S0890,1,0.0625,0,0,1,0,0.0961,91,0
E004110,S0359,1,0.0755,0,0,1,0,0.1051,82,0
E004111,S0153,1,0.2584,2,0,1,3,0.5168,47,1
E004112,S2729,1,0.1383,0,1,1,0,0.0374,54,0
E004113,S0917,0,0.0649,0,0,1,0,0.2243,32,1
E004114,S2439,1,0.1353,1,0,1,0,0.065,80,0
E004115,S2316,0,0.2248,0,0,1,0,0.1685,76,0
E004116,S3934,1,0.0275,0,0,1,0,0.0951,99,0
E004117,S3093,1,0.1193,0,0,1,0,0.0653,53,0
E004118,S2616,0,0.0515,0,1,1,0,0.0395,69,0
E004119,S0542,0,0.0998,0,0,1,0,0.1362,78,0
E004120,S3974,1,0.242,0,0,1,0,0.0646,79,0
E004121,S3943,0,0.5863,6,0,0,1,0.7725,47,1
E004122,S2716,0,0.2022,0,0,0,1,0.5025,58,1
E004123,S1398,1,0.1185,0,0,1,0,0.7267,73,0
E004124,S0292,1,0.4308,1,0,1,4,0.6423,38,1
E004125,S1695,0,0.081,0,0,1,0,0.14,66,0
E004126,S0231,0,0.7277,2,0,1,0,0.5242,36,1
E004127,S1994,0,0.1501,1,1,1,0,0.9114,58,1
E004128,S3081,1,0.0288,0,0,1,0,0.1968,84,1
E004129,S0642,1,0.1141,0,0,1,0,0.0708,80,0
E004130,S0100,0,0.6033,5,1,0,5,0.4342,8,1
E004131,S0125,1,0.0354,0,1,1,0,0.2841,61,0
E004132,S0088,0,0.6785,3,0,1,3,0.6136,64,1
E004133,S1672,0,0.7384,3,1,1,0,0.349,39,0
E004134,S3239,1,0.2254,1,1,1,0,0.0752,63,0
E004135,S0171,0,0.1897,0,0,0,0,0.0064,56,1
E004136,S0323,1,0.1068,0,0,0,0,0.0631,100,0
E004137,S0622,1,0.0472,0,0,1,0,0.035,71,0
E004138,S2677,1,0.0183,0,0,1,0,0.1052,76,0
E004139,S3446,1,0.7029,2,1,0,2,0.5016,79,0
E004140,S0173,0,0.3664,0,1,1,3,0.2338,52,1
E004141,S0609,1,0.7877,0,0,1,1,0.5721,80,0
E004142,S0516,1,0.1053,0,0,1,0,0.547,69,0
E004143,S0802,1,0.2288,2,0,1,0,0.0323,97,0
E004144,S0066,0,0.1947,2,1,1,5,0.2326,30,0
E004145,S2992,0,0.0471,0,0,1,0,0.0224,71,0
E004146,S2752,0,0.8526,1,0,1,1,0.5099,38,1
E004147,S0174,1,0.2952,1,0,0,2,0.2385,39,1
E004148,S1626,0,0.7584,3,0,1,1,0.6984,40,1
E004149,S3348,1,0.0609,0,1,1,0,0.2798,86,0
E004150,S0260,0,0.8513,2,1,1,2,0.6598,18,1
E004151,S3149,1,0.1045,0,1,1,1,0.1586,75,0
E004152,S1838,1,0.0846,0,1,1,0,0.0674,85,1
E004153,S0209,0,0.5429,0,1,1,3,0.3541,63,1
E004154,S0062,0,0.4452,5,1,0,3,0.6698,7,1
E004155,S1921,1,0.1035,0,0,1,0,0.156,77,0
E004156,S3547,0,0.5769,0,1,0,0,0.6098,44,1
E004157,S2156,0,0.385,0,1,0,0,0.2823,47,0
E004158,S1158,1,0.0368,0,0,0,0,0.0179,83,0
E004159,S2273,0,0.021,0,0,1,0,0.4428,64,0
E004160,S3606,1,0.0241,0,0,1,0,0.066,81,0
E004161,S1127,1,0.1175,0,0,1,0,0.1028,89,0
E004162,S2135,1,0.0598,0,0,1,0,0.0379,95,0
E004163,S2221,1,0.0389,0,1,1,0,0.1148,79,0
E004164,S1074,1,0.1264,0,0,1,1,0.0364,56,0
E004165,S2968,1,0.1118,0,1,1,1,0.7007,87,0
E004166,S1639,1,0.0535,1,1,1,0,0.3047,87,0
E004167,S1198,1,0.068,0,0,1,0,0.1652,86,0
E004168,S0162,1,0.0469,0,0,1,0,0.0885,88,0
E004169,S0078,0,0.7452,0,1,0,7,0.6835,9,1
E004170,S0955,1,0.0128,1,1,1,0,0.0507,64,0
E004171,S3012,1,0.1778,0,0,1,0,0.6423,71,0
E004172,S3352,0,0.0896,0,0,1,0,0.0348,85,0
E004173,S1942,1,0.0986,0,1,1,0,0.1591,75,0
E004174,S1248,1,0.0156,0,0,1,0,0.0856,90,0
E004175,S3366,0,0.6357,2,0,1,0,0.691,46,1
E004176,S2133,1,0.3034,0,0,0,0,0.3991,45,0
E004177,S1339,1,0.1247,3,0,1,0,0.528,66,0
E004178,S0175,0,0.0962,2,0,1,6,0.3421,53,1
E004179,S0868,0,0.0487,1,0,1,0,0.1021,75,0
E004180,S3228,1,0.1826,1,1,1,0,0.0439,82,0
E004181,S1427,0,0.1107,0,0,1,0,0.0515,54,0
E004182,S0028,1,0.1074,0,0,1,0,0.494,70,0
E004183,S2990,1,0.0915,0,0,1,0,0.1519,76,0
E004184,S3906,1,0.1872,0,1,1,0,0.2426,76,0
E004185,S2317,1,0.0129,0,1,0,0,0.2129,73,0
E004186,S1578,0,0.827,2,0,1,0,0.4453,78,1
E004187,S0763,0,0.0403,0,0,1,0,0.0373,85,0
E004188,S1638,1,0.0849,0,0,1,0,0.1042,88,0
E004189,S2590,0,0.2943,0,0,1,1,0.2294,79,0
E004190,S3775,1,0.0419,0,0,1,0,0.1947,77,0
E004191,S2016,0,0.6896,0,1,1,0,0.5233,85,1
E004192,S3958,1,0.0957,1,0,1,0,0.4214,70,0
E004193,S3853,1,0.098,0,0,1,0,0.0362,88,0
E004194,S1401,1,0.0206,0,0,1,0,0.0469,78,0
E004195,S0613,1,0.077,0,0,1,0,0.1166,89,0
E004196,S1358,1,0.1151,0,0,1,0,0.6739,72,0
E004197,S0074,1,0.3686,1,1,1,1,0.2693,54,1
E004198,S0764,1,0.1854,1,1,1,0,0.4356,64,0
E004199,S1348,1,0.0175,0,0,1,0,0.0236,74,0
E004200,S0126,1,0.6858,2,1,0,3,0.9072,40,1
E004201,S0116,0,0.7693,5,1,0,4,0.8062,34,1
E004202,S0341,1,0.0461,0,1,1,0,0.1018,88,0
E004203,S0654,1,0.1817,0,1,1,0,0.0748,75,0
E004204,S3753,1,0.0661,0,0,1,0,0.0895,83,0
E004205,S3071,1,0.0891,0,0,1,0,0.1218,81,1
E004206,S2276,0,0.7558,4,0,0,1,0.8719,39,1
E004207,S3182,1,0.0282,0,0,1,0,0.095,69,0
E004208,S2740,0,0.062,0,0,1,0,0.0634,69,0
E004209,S2435,1,0.141,1,0,1,0,0.172,64,0
E004210,S3533,1,0.0799,0,0,1,0,0.2885,100,0
E004211,S0142,1,0.0627,0,0,1,0,0.4687,89,0
E004212,S1770,1,0.0586,0,0,1,0,0.0554,75,0
E004213,S1216,1,0.1754,0,0,1,0,0.0101,75,0
E004214,S0290,1,0.0409,0,0,1,0,0.0253,76,0
E004215,S3974,1,0.0419,0,0,1,0,0.0641,96,0
E004216,S3355,1,0.0176,0,0,1,0,0.0916,88,0
E004217,S1475,1,0.0599,0,0,1,0,0.0666,86,0
E004218,S0485,1,0.1116,1,0,1,0,0.2,73,0
E004219,S3030,1,0.0584,0,0,1,0,0.0207,67,0
E004220,S4167,0,0.5437,0,0,1,0,0.7259,48,0
E004221,S1181,0,0.5037,1,0,1,0,0.7313,69,0
E004222,S1536,0,0.1214,0,0,1,1,0.1451,68,0
E004223,S0814,1,0.578,0,0,1,1,0.4516,89,1
E004224,S1987,0,0.1868,0,1,1,0,0.2019,65,0
E004225,S1107,1,0.5646,1,0,0,0,0.6123,49,1
E004226,S2941,0,0.1024,0,1,1,1,0.1794,58,0
E004227,S0213,1,0.0425,0,0,1,0,0.0342,76,0
E004228,S2254,1,0.0432,1,0,1,0,0.0358,74,0
E004229,S3641,1,0.0359,1,1,1,0,0.182,71,0
E004230,S1689,1,0.0135,0,0,1,0,0.1531,100,0
E004231,S2814,0,0.1045,1,1,1,1,0.3417,63,1
E004232,S0999,0,0.2984,1,0,1,1,0.4818,51,0
E004233,S4083,1,0.0762,1,1,1,0,0.0311,69,0
E004234,S3935,1,0.0957,1,0,1,0,0.0938,77,0
E004235,S2848,1,0.0753,0,0,1,0,0.1147,78,0
E004236,S1301,0,0.5378,1,0,0,1,0.4837,69,0
E004237,S3250,1,0.2881,0,1,1,0,0.1978,54,1
E004238,S3255,0,0.136,0,0,1,0,0.0306,61,0
E004239,S2304,1,0.0702,0,0,1,0,0.347,80,0
E004240,S2757,1,0.0164,0,0,1,0,0.1362,82,0
E004241,S3192,1,0.1102,0,0,1,0,0.081,81,0
E004242,S0235,0,0.3741,1,0,0,1,0.2495,89,1
E004243,S0943,1,0.022,0,0,0,0,0.1074,64,1
E004244,S0176,1,0.0432,0,0,1,0,0.1055,67,0
E004245,S2163,0,0.3194,2,0,1,0,0.1557,75,1
E004246,S1849,1,0.0769,0,0,1,0,0.0764,51,0
E004247,S3623,1,0.0154,0,0,1,0,0.029,76,0
E004248,S2693,1,0.0403,0,0,1,0,0.7215,81,0
E004249,S0177,0,0.9063,5,1,0,4,0.8733,37,1
E004250,S0278,0,0.668,4,1,0,1,0.6032,34,1
E004251,S0389,1,0.144,0,0,1,0,0.2183,69,0
E004252,S2465,0,0.0957,2,0,1,0,0.0502,82,0
E004253,S2476,0,0.2713,0,0,1,1,0.3874,86,1
E004254,S0840,0,0.3799,0,0,1,0,0.3232,42,1
E004255,S1147,0,0.7701,1,0,1,0,0.0838,12,1
E004256,S0042,0,0.731,4,1,1,5,0.7386,50,1
E004257,S3935,0,0.1186,0,0,1,0,0.2156,59,0
E004258,S0439,1,0.0493,0,0,1,0,0.0611,85,0
E004259,S0049,1,0.0254,0,0,1,0,0.0894,93,0
E004260,S0907,1,0.0327,0,0,1,0,0.287,81,0
E004261,S0317,0,0.7729,0,0,0,0,0.5123,43,1
E004262,S1897,1,0.0148,0,0,1,0,0.0997,92,0
E004263,S1488,1,0.2348,0,0,1,1,0.3103,69,0
E004264,S1679,1,0.0124,0,0,1,0,0.1041,88,0
E004265,S1479,1,0.1399,0,0,1,0,0.3164,77,1
E004266,S0058,0,0.4235,2,0,1,1,0.3409,55,1
E004267,S0220,1,0.4766,1,0,0,2,0.5721,73,1
E004268,S0084,1,0.0873,0,0,1,0,0.1106,72,0
E004269,S4075,0,0.7276,0,1,0,0,0.2401,69,0
E004270,S0401,0,0.1736,2,0,1,0,0.5694,64,0
E004271,S1956,1,0.0933,0,0,0,0,0.0152,85,0
E004272,S0089,1,0.4668,2,0,0,2,0.3942,44,1
E004273,S2396,1,0.1004,0,0,1,0,0.1125,82,0
E004274,S0028,0,0.6369,2,0,0,1,0.5925,17,1
E004275,S3875,0,0.6823,1,1,0,0,0.8508,40,0
E004276,S1205,1,0.6109,2,1,1,1,0.3021,31,1
E004277,S3587,1,0.0588,0,1,1,0,0.0133,83,0
E004278,S0252,0,0.7372,3,1,1,4,0.7634,40,1
E004279,S4155,0,0.0895,0,0,1,0,0.1689,67,0
E004280,S1105,0,0.15,0,0,1,0,0.1635,50,0
E004281,S4173,0,0.0143,0,0,1,0,0.1885,71,0
E004282,S0948,1,0.0241,1,1,1,0,0.1756,66,0
E004283,S3250,1,0.1062,0,1,1,0,0.106,67,1
E004284,S0743,1,0.4265,1,0,1,0,0.2963,100,1
E004285,S1242,1,0.1227,0,1,1,0,0.2686,59,0
E004286,S2596,0,0.0371,0,0,1,1,0.0977,78,0
E004287,S1824,0,0.0744,0,0,1,2,0.0856,76,0
E004288,S2521,1,0.1725,0,0,1,0,0.0996,92,0
E004289,S3365,1,0.0723,0,0,1,0,0.0727,74,0
E004290,S1443,1,0.1773,0,0,1,0,0.0557,81,0
E004291,S0641,1,0.2573,0,0,1,0,0.027,87,0
E004292,S2016,1,0.0478,0,0,1,0,0.0981,67,0
E004293,S3449,1,0.1146,0,1,1,0,0.2103,78,1
E004294,S2976,0,0.0331,0,0,1,0,0.6399,91,0
E004295,S1854,1,0.0966,0,0,1,0,0.513,90,0
E004296,S2021,0,0.439,4,1,1,1,0.6866,15,1
E004297,S3022,1,0.0354,0,0,1,0,0.0458,88,0
E004298,S3374,1,0.0535,0,1,1,0,0.0502,77,0
E004299,S3795,1,0.0487,0,0,1,0,0.3192,78,0
E004300,S1392,1,0.1356,0,0,1,0,0.0477,82,0
E004301,S4052,0,0.5341,1,1,0,0,0.5504,29,1
E004302,S0059,1,0.488,1,0,1,3,0.3972,41,0
E004303,S3536,1,0.1519,0,1,1,0,0.0923,73,0
E004304,S0266,0,0.6966,3,1,0,3,0.2092,56,1
E004305,S3137,1,0.1976,0,1,1,0,0.268,65,0
E004306,S2588,1,0.0457,0,0,1,0,0.2001,62,0
E004307,S0190,0,0.1698,0,0,1,4,0.1373,52,0
E004308,S1879,0,0.3589,0,0,1,1,0.4,53,1
E004309,S0374,0,0.1517,1,0,1,1,0.1173,64,0
E004310,S3901,0,0.3111,0,0,1,1,0.5915,94,0
E004311,S3333,1,0.0648,0,0,1,0,0.1255,100,0
E004312,S0835,1,0.0786,0,0,1,0,0.0833,60,0
E004313,S0502,0,0.7053,4,0,0,0,0.6477,10,0
E004314,S0630,1,0.0302,0,0,1,0,0.5918,85,0
E004315,S1952,1,0.052,0,0,1,0,0.1073,78,0
E004316,S2532,1,0.1722,0,0,1,0,0.104,70,0
E004317,S0060,0,0.3236,2,0,0,6,0.5829,58,1
E004318,S3335,0,0.5237,2,0,1,0,0.5742,64,1
E004319,S3931,0,0.8622,2,0,1,0,0.4294,13,1
E004320,S2258,1,0.0651,1,0,1,0,0.0823,82,0
E004321,S2267,0,0.0317,0,0,1,0,0.1563,56,1
E004322,S1509,1,0.028,0,0,1,0,0.0323,91,0
E004323,S1552,1,0.141,1,0,1,0,0.0648,58,0
E004324,S1681,1,0.1016,0,0,1,0,0.0183,75,0
E004325,S3231,1,0.0731,0,1,1,0,0.0528,74,0
E004326,S0239,1,0.5698,1,1,1,3,0.138,26,1
E004327,S0017,0,0.674,3,1,0,2,0.8147,10,1
E004328,S3969,1,0.1286,0,0,1,0,0.2508,88,0
E004329,S0213,0,0.7131,1,1,0,7,0.7777,34,1
E004330,S0926,0,0.2936,0,1,1,1,0.4031,72,1
E004331,S3593,0,0.2523,0,0,1,1,0.3347,85,0
E004332,S0459,1,0.0356,1,0,1,0,0.0267,83,0
E004333,S2093,1,0.2555,2,1,1,0,0.2605,51,0
E004334,S2273,1,0.2263,1,1,1,2,0.3722,82,0
E004335,S1246,0,0.1805,1,0,1,0,0.1536,68,0
E004336,S2534,0,0.4764,1,1,1,0,0.4064,50,1
E004337,S2917,1,0.5311,1,0,1,0,0.4544,33,1
E004338,S3395,0,0.6617,1,0,1,0,0.4532,13,1
E004339,S1431,1,0.068,0,0,1,0,0.0494,85,0
E004340,S3393,1,0.0701,0,0,1,0,0.0839,85,0
E004341,S2631,0,0.548,3,0,1,0,0.674,41,1
E004342,S1440,0,0.1135,1,1,1,0,0.0999,73,0
E004343,S4091,1,0.0063,0,1,1,0,0.499,77,0
E004344,S2992,0,0.1083,0,0,1,0,0.0949,82,0
E004345,S3431,0,0.0964,0,0,1,2,0.6453,30,0
E004346,S2531,1,0.0926,0,0,1,0,0.0351,83,0
E004347,S0018,1,0.19,1,0,1,5,0.2674,38,1
E004348,S0138,0,0.6215,6,1,1,2,0.6334,17,1
E004349,S3840,1,0.0453,0,1,1,0,0.1578,77,0
E004350,S1317,1,0.4151,0,0,1,1,0.3614,69,1
E004351,S3925,0,0.1119,0,0,1,0,0.1625,62,1
E004352,S4175,1,0.1197,0,0,1,0,0.01,64,0
E004353,S3421,1,0.0449,0,0,1,1,0.0181,92,0
E004354,S0253,0,0.8779,4,1,0,2,0.7568,33,1
E004355,S0051,0,0.0515,0,1,1,0,0.4606,65,0
E004356,S1877,1,0.0902,0,1,1,0,0.2192,81,0
E004357,S0102,0,0.4018,1,1,0,4,0.3424,34,1
E004358,S0372,0,0.1499,0,0,1,0,0.0778,75,0
E004359,S3150,1,0.1168,0,0,1,0,0.7818,88,0
E004360,S1827,1,0.0693,0,1,1,0,0.1908,91,1
E004361,S3488,0,0.3983,1,1,0,1,0.4845,28,0
E004362,S0071,1,0.1672,0,0,1,0,0.0145,95,0
E004363,S3316,1,0.0413,0,1,1,0,0.3819,75,0
E004364,S1906,1,0.1275,1,0,1,0,0.0574,83,0
E004365,S1036,1,0.0661,0,0,1,0,0.0671,73,0
E004366,S0493,1,0.0235,0,0,1,0,0.0406,76,0
E004367,S3333,0,0.5315,0,0,1,0,0.396,63,1
E004368,S0299,0,0.8235,2,1,0,4,0.8426,0,1
E004369,S0382,1,0.0646,0,1,1,0,0.3794,69,0
E004370,S0017,1,0.2373,1,1,1,2,0.1727,22,1
E004371,S1555,0,0.6004,3,0,0,0,0.1791,79,0
E004372,S0200,0,0.7757,6,1,0,0,0.7788,31,1
E004373,S3446,1,0.0893,0,1,1,0,0.0099,77,0
E004374,S3731,1,0.1282,0,0,1,0,0.1388,97,0
E004375,S1574,1,0.0508,0,0,1,0,0.0629,81,0
E004376,S0064,0,0.7679,3,1,0,1,0.4533,21,1
E004377,S3922,1,0.1403,0,0,1,0,0.7177,72,0
E004378,S1681,1,0.04,0,0,1,0,0.0323,91,0
E004379,S2025,1,0.0618,0,0,1,0,0.1554,84,0
E004380,S1952,1,0.0758,0,1,1,0,0.0552,56,0
E004381,S4056,1,0.0432,1,0,1,0,0.0493,84,0
E004382,S3618,0,0.1363,0,0,1,1,0.2026,45,1
E004383,S3469,1,0.0532,1,1,1,0,0.0616,54,0
E004384,S2726,1,0.1413,0,1,1,0,0.3486,78,0
E004385,S2328,1,0.0816,0,1,1,0,0.0944,81,0
E004386,S2023,0,0.511,0,0,1,0,0.5262,70,0
E004387,S3177,1,0.2875,0,0,1,1,0.3257,38,1
E004388,S1656,1,0.0904,0,0,1,0,0.5994,84,0
E004389,S3629,0,0.3597,0,1,1,0,0.6937,79,0
E004390,S2443,1,0.0872,0,0,1,0,0.1055,83,0
E004391,S0564,0,0.0234,0,0,1,0,0.1634,78,0
E004392,S1981,1,0.0653,0,0,1,0,0.0512,76,0
E004393,S0556,1,0.1095,0,0,0,1,0.7411,27,0
E004394,S0141,0,0.6486,5,0,0,5,0.7247,22,1
E004395,S1218,1,0.0603,0,0,1,0,0.3946,71,1
E004396,S1782,0,0.3532,1,0,1,0,0.1127,73,0
E004397,S2831,1,0.0542,0,0,1,1,0.1034,67,0
E004398,S3478,0,0.3616,0,1,0,0,0.757,50,1
E004399,S4086,1,0.1363,0,0,1,0,0.0968,100,0
E004400,S0515,1,0.1619,0,0,1,0,0.332,80,0
E004401,S0717,1,0.1587,0,0,1,0,0.0545,100,0
E004402,S1528,0,0.4963,0,0,0,2,0.4355,56,0
E004403,S3171,1,0.0483,0,0,1,0,0.0296,76,0
E004404,S3829,1,0.0435,1,0,1,0,0.0695,61,0
E004405,S1323,1,0.0758,0,0,1,0,0.0709,82,0
E004406,S0063,1,0.6932,1,1,0,5,0.8806,41,1
E004407,S0527,0,0.4754,0,0,0,1,0.4801,63,1
E004408,S3145,1,0.0251,0,0,1,0,0.1288,94,0
E004409,S1485,1,0.0431,0,0,1,0,0.0492,90,0
E004410,S0033,0,0.5141,2,1,0,4,0.6724,23,0
E004411,S0265,0,0.2558,1,0,1,0,0.5274,85,0
E004412,S0061,0,0.4075,3,1,1,0,0.5382,25,1
E004413,S0116,1,0.0479,0,0,1,0,0.075,80,0
E004414,S4023,1,0.0545,0,0,1,0,0.6298,79,0
E004415,S0505,0,0.2413,0,0,0,0,0.8462,51,1
E004416,S2489,1,0.2063,0,0,1,0,0.1833,72,0
E004417,S0017,0,0.6842,3,1,0,2,0.7698,35,1
E004418,S3441,0,0.6942,1,0,1,0,0.6126,50,1
E004419,S0018,1,0.0262,0,0,1,0,0.0421,79,0
E004420,S3019,1,0.0675,0,0,1,0,0.4753,74,0
E004421,S0296,0,0.1607,0,0,0,0,0.2957,85,0
E004422,S0142,0,0.8912,2,1,0,4,0.707,17,1
E004423,S2758,1,0.0141,0,0,0,0,0.1907,68,0
E004424,S0155,1,0.2292,0,0,0,0,0.5111,33,1
E004425,S0205,0,0.6955,1,0,0,1,0.4144,26,1
E004426,S1160,0,0.2688,0,1,1,1,0.2962,82,1
E004427,S0212,0,0.8458,4,1,0,3,0.8668,9,1
E004428,S3796,1,0.1211,0,0,1,0,0.0328,100,0
E004429,S1276,1,0.0267,0,0,1,0,0.1064,74,0
E004430,S1118,0,0.7489,1,1,0,1,0.4241,28,0
E004431,S0719,1,0.0849,0,0,1,0,0.3404,73,0
E004432,S2966,1,0.1071,0,0,1,0,0.0208,77,0
E004433,S0665,1,0.0277,0,0,1,0,0.0881,76,0
E004434,S2363,0,0.1219,0,0,1,1,0.0023,81,0
E004435,S2452,1,0.0184,0,1,1,0,0.0032,95,0
E004436,S1162,1,0.0981,0,0,1,0,0.1028,87,0
E004437,S0768,0,0.1281,0,0,1,0,0.0702,72,0
E004438,S0061,0,0.0402,0,0,1,0,0.0726,68,0
E004439,S3521,1,0.1121,0,0,1,0,0.1326,95,0
E004440,S1257,1,0.1431,0,0,1,0,0.0962,78,0
E004441,S3283,0,0.0756,0,0,1,0,0.0383,73,0
E004442,S2700,0,0.0234,0,0,1,1,0.1514,86,0
E004443,S1761,1,0.0098,0,1,0,1,0.3875,65,0
E004444,S2231,1,0.0232,0,0,1,0,0.0462,94,0
E004445,S0298,1,0.051,0,0,1,0,0.1344,71,0
E004446,S3096,1,0.0266,0,0,1,0,0.0514,80,0
E004447,S3710,1,0.0794,1,0,1,0,0.7858,86,0
E004448,S2208,1,0.0268,0,0,1,0,0.0927,82,0
E004449,S3446,0,0.1088,0,0,1,0,0.0744,82,0
E004450,S1746,1,0.0036,0,0,1,0,0.013,90,0
E004451,S2941,1,0.0288,0,0,1,0,0.7938,59,0
E004452,S3646,1,0.2183,0,0,1,0,0.1143,89,0
E004453,S3623,0,0.4574,0,1,1,0,0.2898,57,0
E004454,S3510,1,0.0546,2,1,1,0,0.0914,62,0
E004455,S2037,1,0.0671,0,0,1,0,0.1096,78,0
E004456,S1805,1,0.2245,0,0,1,1,0.0969,85,0
E004457,S0004,1,0.0815,1,0,1,0,0.021,83,0
E004458,S0015,0,0.8225,2,1,0,0,0.4254,7,1
E004459,S1090,1,0.0774,0,0,1,0,0.0936,83,0
E004460,S2549,0,0.0726,0,0,0,0,0.408,54,0
E004461,S1658,1,0.0946,0,0,1,0,0.0837,82,0
E004462,S2918,0,0.1954,1,1,1,0,0.7088,53,1
E004463,S2026,1,0.1231,0,0,1,0,0.0581,74,0
E004464,S1604,0,0.6931,1,1,0,1,0.8454,33,1
E004465,S1340,1,0.0367,0,0,1,0,0.158,69,0
E004466,S3276,0,0.0839,0,1,1,0,0.2417,78,1
E004467,S1480,1,0.0999,0,0,1,0,0.1308,90,0
E004468,S2216,1,0.6447,1,0,1,1,0.4214,100,1
E004469,S1823,1,0.1548,0,0,1,0,0.0455,77,0
E004470,S3970,1,0.1552,0,0,1,0,0.2418,76,0
E004471,S3082,1,0.0347,0,0,1,0,0.1639,86,0
E004472,S0633,0,0.2991,0,0,1,0,0.3037,65,0
E004473,S0174,0,0.7781,3,0,0,2,0.7316,1,1
E004474,S0048,1,0.0547,0,0,1,0,0.1088,61,0
E004475,S0276,1,0.093,0,0,1,0,0.067,76,0
E004476,S3905,1,0.0322,0,0,1,0,0.2189,58,0
E004477,S2704,0,0.4775,4,0,1,1,0.8771,52,1
E004478,S0117,0,0.8148,1,1,0,3,0.6561,20,1
E004479,S1594,1,0.0625,0,0,1,0,0.5669,81,0
E004480,S3656,0,0.1884,0,0,1,0,0.1208,73,0
E004481,S0204,0,0.4396,1,0,0,7,0.324,27,1
E004482,S0615,0,0.0792,0,0,1,0,0.2388,86,0
E004483,S2406,1,0.0599,0,0,1,0,0.0393,92,0
E004484,S2437,1,0.0147,0,1,1,0,0.2572,83,0
E004485,S3186,0,0.5554,1,0,1,0,0.69,69,1
E004486,S3620,0,0.6492,3,1,1,1,0.2773,23,1
E004487,S2122,1,0.0505,0,0,1,0,0.048,88,0
E004488,S2831,1,0.5294,0,0,1,0,0.4803,58,0
E004489,S3647,1,0.4833,1,0,1,1,0.4574,24,1
E004490,S4165,1,0.1779,1,0,0,0,0.31,76,0
E004491,S3818,1,0.1016,0,0,1,0,0.0289,77,0
E004492,S0190,0,0.7923,2,0,0,1,0.5884,35,1
E004493,S3903,1,0.1917,0,0,1,0,0.2512,77,0
E004494,S4119,0,0.0875,0,0,1,0,0.0306,84,0
E004495,S1769,1,0.0853,0,0,1,0,0.0415,84,0
E004496,S0015,0,0.4903,2,0,0,5,0.4091,22,1
E004497,S0231,1,0.3198,1,1,1,3,0.6915,35,1
E004498,S0157,0,0.0078,0,0,1,0,0.0402,61,0
E004499,S2898,1,0.0438,0,0,1,0,0.1198,86,0
E004500,S1008,1,0.0127,0,0,1,0,0.054,92,0
E004501,S0285,0,0.0361,1,0,1,0,0.1133,75,0
E004502,S2502,1,0.0367,0,0,1,0,0.0429,62,0
E004503,S1684,0,0.14,0,0,1,0,0.7933,77,0
E004504,S1597,1,0.1673,0,0,0,0,0.1018,72,0
E004505,S1668,0,0.3661,0,0,1,2,0.5,50,1
E004506,S2916,1,0.2658,0,0,1,0,0.1828,64,0
E004507,S0102,1,0.0997,1,0,1,0,0.1812,58,0
E004508,S3764,0,0.1229,2,1,1,0,0.1125,78,1
E004509,S3891,1,0.1477,0,1,1,0,0.1008,65,0
E004510,S0242,0,0.8928,4,1,1,5,0.6044,11,1
E004511,S2447,1,0.066,0,0,1,0,0.2357,100,0
E004512,S0464,1,0.5874,0,0,1,0,0.3937,59,1
E004513,S0214,1,0.2091,0,0,1,3,0.2929,12,1
E004514,S1002,1,0.0173,0,0,1,0,0.2155,69,0
E004515,S3244,0,0.149,2,0,1,0,0.0378,73,0
E004516,S0250,1,0.5534,1,0,1,4,0.7314,29,1
E004517,S2740,0,0.6103,2,1,0,0,0.4623,31,1
E004518,S0994,1,0.0905,1,0,1,0,0.1726,85,0
E004519,S2683,1,0.0865,0,0,1,0,0.0441,72,0
E004520,S0013,0,0.521,2,0,1,2,0.2036,64,1
E004521,S4001,0,0.4747,0,0,1,0,0.7901,26,0
E004522,S2950,1,0.0461,0,0,1,1,0.1742,72,0
E004523,S0274,0,0.6566,4,1,0,3,0.7184,38,1
E004524,S1003,0,0.0705,1,0,1,0,0.0515,54,0
E004525,S1313,1,0.0234,1,0,1,0,0.0441,71,0
E004526,S2450,0,0.467,2,0,1,2,0.6638,52,0
E004527,S1172,0,0.6636,1,0,0,0,0.3895,53,1
E004528,S0060,1,0.2424,2,0,1,3,0.0965,23,1
E004529,S2082,1,0.068,0,0,1,0,0.0754,72,0
E004530,S1211,1,0.0641,0,1,1,0,0.0827,64,0
E004531,S0123,0,0.3358,0,0,1,5,0.4266,72,1
E004532,S0168,0,0.8849,3,1,0,5,0.8799,20,1
E004533,S0281,0,0.55,5,1,1,0,0.5933,43,1
E004534,S0973,1,0.1289,0,0,1,0,0.4176,82,0
E004535,S1673,1,0.006,0,1,1,0,0.1231,82,1
E004536,S0297,1,0.2426,1,1,1,2,0.4404,43,0
E004537,S1794,0,0.4576,4,1,1,2,0.4371,58,1
E004538,S0121,0,0.2043,0,0,1,5,0.2067,45,1
E004539,S3592,0,0.3648,0,0,1,1,0.3279,68,1
E004540,S0694,1,0.0853,0,0,1,0,0.0955,88,0
E004541,S3592,1,0.1065,0,0,1,0,0.1141,97,0
E004542,S1366,1,0.7523,1,0,1,0,0.814,79,0
E004543,S0624,0,0.0595,0,0,1,0,0.0464,96,0
E004544,S0015,1,0.2973,0,0,1,3,0.5038,44,1
E004545,S0349,1,0.0877,0,0,1,0,0.0406,100,0
E004546,S3324,1,0.21,0,0,1,0,0.0358,94,0
E004547,S3428,1,0.0062,0,0,1,1,0.4805,84,0
E004548,S3677,1,0.1363,0,0,1,0,0.0852,82,0
E004549,S0606,0,0.1101,1,0,0,0,0.6725,72,0
E004550,S1098,1,0.0774,0,0,1,0,0.1072,87,0
E004551,S3155,0,0.2963,0,0,1,0,0.1131,81,0
E004552,S0359,1,0.0936,0,1,1,0,0.0318,83,0
E004553,S0033,0,0.7162,3,1,0,4,0.4053,32,1
E004554,S3406,0,0.8189,4,1,1,1,0.6128,18,1
E004555,S4090,0,0.0671,1,0,1,1,0.1353,65,0
E004556,S2594,1,0.0368,0,0,1,0,0.1468,79,0
E004557,S0429,1,0.0283,0,0,1,1,0.1038,82,0
E004558,S3121,1,0.1926,0,0,1,0,0.1081,75,0
E004559,S0265,0,0.9244,0,1,0,3,0.8292,7,1
E004560,S0161,1,0.1007,0,0,1,0,0.5021,73,0
E004561,S1855,0,0.2771,0,0,1,1,0.3826,44,0
E004562,S3276,1,0.1035,0,0,1,0,0.6234,85,0
E004563,S0119,0,0.8899,2,0,1,2,0.8106,25,1
E004564,S4025,1,0.1433,0,0,1,0,0.0799,84,0
E004565,S3709,0,0.0674,1,0,1,1,0.2848,48,1
E004566,S3959,0,0.8826,1,1,0,0,0.7642,18,1
E004567,S1990,1,0.2102,0,0,1,0,0.0821,72,0
E004568,S0802,0,0.6465,2,1,0,0,0.6884,34,1
E004569,S3925,1,0.0544,0,0,1,0,0.5257,78,0
E004570,S4131,1,0.1604,0,1,1,0,0.0175,57,0
E004571,S0531,1,0.1344,1,0,1,0,0.3231,84,0
E004572,S1527,0,0.3265,0,0,1,0,0.0811,54,0
E004573,S1388,1,0.1447,0,0,1,0,0.0776,74,0
E004574,S3126,1,0.0225,0,0,1,0,0.0518,68,0
E004575,S1805,1,0.0208,0,0,1,0,0.0637,65,0
E004576,S2975,0,0.4755,3,0,1,0,0.4128,34,1
E004577,S2416,1,0.0521,0,0,1,0,0.1535,96,0
E004578,S1255,0,0.1791,1,0,1,0,0.3648,41,0
E004579,S1692,1,0.0384,0,0,1,0,0.1996,72,0
E004580,S0123,0,0.6169,7,1,0,0,0.6138,21,1
E004581,S2828,1,0.0434,0,0,1,0,0.0292,84,0
E004582,S3137,1,0.1222,0,0,1,0,0.0486,80,1
E004583,S0094,0,0.1453,0,0,0,2,0.3636,34,1
E004584,S4195,1,0.0509,0,0,1,0,0.1326,78,0
E004585,S0059,0,0.3828,2,0,0,7,0.7263,46,1
E004586,S0829,0,0.0839,0,0,1,0,0.1129,71,1
E004587,S0065,0,0.4274,6,1,0,5,0.4738,15,1
E004588,S3939,1,0.063,0,0,1,0,0.0363,76,0
E004589,S0691,0,0.177,0,1,0,0,0.2981,76,1
E004590,S3245,0,0.2621,0,0,1,0,0.1777,83,0
E004591,S1436,1,0.007,0,0,1,0,0.0458,83,0
E004592,S0162,0,0.0449,0,1,1,0,0.0604,71,0
E004593,S2273,1,0.0885,1,1,1,0,0.1567,86,0
E004594,S2700,1,0.0738,0,0,1,0,0.0609,74,0
E004595,S1208,1,0.0778,0,0,1,0,0.0628,100,0
E004596,S0167,0,0.6718,1,0,0,5,0.568,20,1
E004597,S3796,1,0.0607,0,1,1,0,0.1135,88,0
E004598,S0805,0,0.129,0,1,1,0,0.0903,78,0
E004599,S0156,1,0.299,0,0,1,7,0.4529,58,1
E004600,S4101,0,0.1872,0,0,1,0,0.1419,68,0
E004601,S1928,1,0.1108,0,0,0,0,0.0898,81,0
E004602,S3599,1,0.0582,1,1,1,0,0.0794,81,0
E004603,S1566,0,0.265,2,0,1,0,0.3606,61,0
E004604,S1572,1,0.2246,0,0,1,0,0.1217,84,0
E004605,S0608,1,0.4921,0,1,0,0,0.5305,81,0
E004606,S0265,0,0.8011,2,1,0,1,0.7269,28,1
E004607,S2058,1,0.0383,0,1,1,0,0.1392,90,0
E004608,S0002,1,0.3258,1,0,1,2,0.6447,44,1
E004609,S2185,0,0.6095,4,1,1,0,0.7677,43,1
E004610,S1485,1,0.0936,0,0,1,0,0.5156,80,0
E004611,S3875,1,0.0277,0,0,1,0,0.1938,100,0
E004612,S0208,0,0.0402,0,1,1,0,0.1633,55,1
E004613,S3932,1,0.1005,0,0,1,0,0.2487,81,0
E004614,S2817,0,0.1104,0,1,1,0,0.1358,66,0
E004615,S2608,0,0.5175,4,1,1,0,0.2277,22,0
E004616,S2644,1,0.1848,0,1,1,0,0.4835,54,0
E004617,S1919,0,0.7001,3,1,1,0,0.4338,51,1
E004618,S3735,0,0.1882,0,0,1,0,0.2149,66,1
E004619,S1891,0,0.2613,0,0,1,0,0.035,84,0
E004620,S1564,0,0.0621,0,0,1,0,0.225,64,0
E004621,S1033,1,0.1316,0,0,1,0,0.0901,68,0
E004622,S2029,0,0.7418,2,0,1,1,0.8244,1,1
E004623,S3011,0,0.1441,0,0,1,0,0.1259,57,0
E004624,S1769,1,0.0362,0,0,1,0,0.0918,93,0
E004625,S0060,1,0.4553,1,0,1,3,0.2671,55,1
E004626,S2511,1,0.0851,0,0,1,0,0.0647,81,0
E004627,S0237,1,0.0572,0,0,1,0,0.1266,87,0
E004628,S2297,0,0.2399,0,0,0,0,0.605,71,0
E004629,S0571,1,0.0536,0,0,1,0,0.133,90,0
E004630,S1930,1,0.1361,0,0,1,0,0.1213,86,0
E004631,S1377,1,0.1519,0,0,1,0,0.3051,79,0
E004632,S0264,1,0.2767,1,1,1,2,0.4258,40,1
E004633,S0681,0,0.1823,0,0,1,0,0.0849,58,0
E004634,S1482,0,0.6409,0,1,0,2,0.8445,32,1
E004635,S3767,1,0.0453,0,0,1,0,0.0146,100,0
E004636,S1029,1,0.0915,0,1,1,0,0.0644,60,0
E004637,S3196,1,0.0404,0,0,1,0,0.1129,70,0
E004638,S1474,1,0.0521,0,0,1,0,0.4451,74,0
E004639,S3063,1,0.4485,2,0,1,2,0.2217,41,0
E004640,S0012,1,0.5868,0,0,1,4,0.5133,49,0
E004641,S1737,0,0.3008,0,1,1,0,0.7438,59,1
E004642,S2376,0,0.0785,0,0,1,0,0.1144,63,0
E004643,S0298,1,0.1052,0,1,1,0,0.1972,74,0
E004644,S0419,1,0.0582,0,0,1,0,0.0965,70,0
E004645,S0713,1,0.5599,2,0,1,1,0.5381,64,1
E004646,S4113,1,0.0982,0,0,1,0,0.0853,85,0
E004647,S0597,0,0.1931,0,0,1,0,0.5817,48,1
E004648,S0088,1,0.2808,1,1,1,4,0.259,51,1
E004649,S0858,0,0.1937,0,0,0,0,0.6273,48,0
E004650,S2293,0,0.2992,0,1,1,0,0.4105,36,0
E004651,S3482,0,0.751,0,0,0,0,0.4135,60,0
E004652,S0113,1,0.4478,0,0,1,4,0.2859,38,1
E004653,S0194,1,0.1209,0,0,1,1,0.5019,75,0
E004654,S3766,0,0.2428,1,0,0,0,0.5662,82,1
E004655,S2752,1,0.1375,0,1,1,0,0.2473,62,0
E004656,S2960,0,0.5308,0,0,0,1,0.3286,68,0
E004657,S0181,0,0.6626,5,0,0,1,0.7323,24,1
E004658,S3356,0,0.6599,1,0,0,0,0.5968,31,1
E004659,S1568,0,0.6358,1,1,0,0,0.6492,32,1
E004660,S0948,0,0.0749,1,1,1,0,0.0734,79,1
E004661,S0099,0,0.1575,0,1,1,0,0.1673,60,0
E004662,S0594,1,0.358,1,0,1,1,0.8827,75,0
E004663,S0936,1,0.1189,0,0,1,0,0.1392,76,0
E004664,S3382,1,0.0114,0,1,1,0,0.0997,58,0
E004665,S2529,1,0.0651,0,0,1,0,0.565,79,0
E004666,S1061,1,0.0792,0,0,1,0,0.1561,77,0
E004667,S1222,1,0.0068,0,0,0,0,0.0273,100,0
E004668,S1018,1,0.0769,0,0,1,0,0.2924,98,0
E004669,S0196,1,0.0752,0,0,1,0,0.1331,100,0
E004670,S2400,1,0.1324,0,0,1,0,0.0478,77,0
E004671,S2825,0,0.47,1,1,0,0,0.3133,14,1
E004672,S2624,1,0.1377,1,0,1,0,0.0641,89,0
E004673,S3828,1,0.1362,0,0,1,0,0.1507,94,0
E004674,S2543,1,0.0978,0,0,1,0,0.7299,86,0
E004675,S0037,0,0.2903,1,0,1,1,0.2915,18,1
E004676,S0242,0,0.4487,1,1,1,2,0.7804,67,1
E004677,S0600,0,0.0871,0,0,1,0,0.3473,76,0
E004678,S0224,1,0.4771,3,0,1,2,0.5804,46,1
E004679,S0549,1,0.0271,0,1,1,0,0.1409,70,0
E004680,S4193,1,0.0719,0,0,1,0,0.0472,71,0
E004681,S3156,1,0.0485,0,1,1,1,0.1425,82,0
E004682,S2625,1,0.0367,0,0,1,0,0.0832,72,0
E004683,S1348,1,0.0327,0,0,1,0,0.0794,79,0
E004684,S2056,0,0.7728,2,1,0,0,0.6374,39,1
E004685,S2412,1,0.0299,1,0,1,1,0.0638,83,0
E004686,S1002,1,0.06,0,0,1,1,0.4314,79,0
E004687,S0155,0,0.7167,5,0,0,1,0.624,34,1
E004688,S2496,1,0.0664,0,1,1,0,0.5138,77,0
E004689,S0200,0,0.7758,2,1,1,4,0.4145,17,1
E004690,S1887,0,0.1101,0,1,0,1,0.4335,85,0
E004691,S1135,1,0.0506,0,0,1,0,0.1077,80,0
E004692,S0108,0,0.3798,0,0,1,2,0.3805,50,0
E004693,S2062,0,0.2537,0,0,1,0,0.4714,91,0
E004694,S0213,0,0.625,1,1,1,2,0.5679,32,1
E004695,S1535,1,0.3792,1,0,1,0,0.2438,40,0
E004696,S1693,0,0.4384,3,1,0,0,0.7536,21,1
E004697,S1104,1,0.1484,0,0,1,0,0.0814,85,0
E004698,S3208,1,0.053,0,0,1,0,0.0966,64,0
E004699,S3819,1,0.3867,1,0,1,0,0.5579,64,0
E004700,S1945,1,0.1801,0,0,1,0,0.0705,97,0
E004701,S2674,0,0.5294,8,1,0,2,0.7253,8,1
E004702,S0504,0,0.6384,5,0,1,1,0.75,18,1
E004703,S1265,0,0.5733,2,0,0,0,0.7843,37,1
E004704,S3650,1,0.0363,0,0,1,0,0.171,82,0
E004705,S0559,1,0.1066,0,0,1,0,0.0852,69,0
E004706,S0270,0,0.5023,2,0,1,5,0.3534,66,1
E004707,S2237,1,0.0288,0,0,1,0,0.0794,81,0
E004708,S0118,0,0.7652,8,1,0,3,0.7338,19,1
E004709,S3098,0,0.5991,2,1,0,0,0.4298,31,1
E004710,S3141,0,0.3192,0,1,1,0,0.19,80,1
E004711,S1424,0,0.052,0,1,1,1,0.2388,65,0
E004712,S3871,1,0.0496,0,0,1,0,0.0658,84,0
E004713,S1494,0,0.3911,0,1,1,1,0.3082,31,0
E004714,S2575,1,0.1338,0,0,1,0,0.2709,73,1
E004715,S1307,1,0.0882,0,0,1,0,0.1297,74,0
E004716,S1658,1,0.0155,0,0,1,0,0.0596,69,0
E004717,S0666,1,0.1754,0,1,1,0,0.0639,67,0
E004718,S0174,0,0.825,7,1,0,1,0.6433,14,1
E004719,S0636,0,0.0872,0,0,1,0,0.1289,78,0
E004720,S1348,0,0.4371,2,1,1,0,0.5765,72,0
E004721,S1281,1,0.2407,0,0,1,0,0.3196,36,1
E004722,S0208,0,0.4117,0,1,1,6,0.4156,44,1
E004723,S1319,1,0.2147,0,0,1,0,0.1485,68,1
E004724,S0179,0,0.3995,0,0,1,2,0.3189,36,1
E004725,S0089,0,0.6855,1,1,0,4,0.3059,20,1
E004726,S0281,0,0.6841,4,1,0,4,0.6609,23,1
E004727,S0517,0,0.1379,0,0,1,0,0.1526,65,0
E004728,S0037,0,0.6017,3,1,0,5,0.5772,24,1
E004729,S0743,1,0.0449,0,0,1,0,0.0515,59,0
E004730,S1432,1,0.1097,0,0,1,1,0.2411,52,0
E004731,S0134,1,0.5682,0,0,0,4,0.2853,63,1
E004732,S3306,0,0.7459,0,1,0,1,0.3899,42,1
E004733,S3199,1,0.1233,0,0,1,0,0.0248,62,0
E004734,S2280,1,0.0431,0,1,1,1,0.1665,90,0
E004735,S3779,1,0.0666,0,0,1,0,0.0687,77,0
E004736,S0968,0,0.0897,1,0,1,0,0.1276,44,0
E004737,S0071,1,0.3337,0,1,1,1,0.2352,68,0
E004738,S2942,1,0.0797,0,0,0,0,0.0489,89,0
E004739,S3074,1,0.0416,0,0,1,0,0.0165,73,0
E004740,S0145,0,0.2278,0,0,1,2,0.3269,61,1
E004741,S4088,0,0.5815,1,0,1,0,0.7401,20,1
E004742,S2505,1,0.0878,0,0,1,0,0.1284,98,0
E004743,S1343,1,0.0636,0,0,1,0,0.033,76,0
E004744,S1749,1,0.0251,0,0,1,0,0.1423,100,0
E004745,S1589,0,0.2672,0,0,1,0,0.0271,59,0
E004746,S3255,0,0.3937,0,0,0,1,0.495,57,0
E004747,S1130,1,0.0929,0,0,1,0,0.6687,87,0
E004748,S3766,0,0.177,1,0,1,0,0.0845,77,0
E004749,S0130,0,0.6696,3,1,1,3,0.8379,5,1
E004750,S1897,1,0.1377,0,0,1,0,0.3178,81,0
E004751,S0011,1,0.0122,0,0,1,0,0.034,73,0
E004752,S0108,1,0.1562,0,0,1,0,0.5921,90,1
E004753,S2650,1,0.0807,0,1,1,0,0.1209,78,0
E004754,S1680,1,0.2127,0,0,0,0,0.0243,79,0
E004755,S1905,1,0.2028,1,1,1,1,0.0741,80,0
E004756,S2033,1,0.0148,1,1,1,0,0.0862,62,0
E004757,S3249,1,0.0271,1,0,1,0,0.0864,86,0
E004758,S1239,1,0.1811,0,0,1,0,0.1064,83,0
E004759,S2157,1,0.1636,0,0,1,0,0.048,100,0
E004760,S3683,1,0.0545,0,0,1,2,0.1566,72,0
E004761,S2831,0,0.1349,0,0,1,1,0.0861,62,0
E004762,S2021,0,0.5768,1,1,1,0,0.567,58,0
E004763,S0296,0,0.8592,1,1,1,3,0.7423,36,1
E004764,S1294,0,0.0646,0,0,1,0,0.1583,87,0
E004765,S1969,1,0.0443,0,0,1,0,0.0986,89,0
E004766,S1646,0,0.0555,1,1,1,0,0.6024,60,0
E004767,S2370,1,0.0867,0,0,1,0,0.0527,78,0
E004768,S0534,1,0.036,0,0,1,0,0.4061,86,0
E004769,S3648,1,0.0609,0,0,1,0,0.0078,92,0
E004770,S1715,1,0.0691,1,0,1,0,0.0592,82,0
E004771,S0276,0,0.5454,3,1,1,7,0.7387,22,1
E004772,S0426,0,0.8022,1,1,1,0,0.6561,37,1
E004773,S1966,0,0.4714,1,0,0,0,0.3559,53,0
E004774,S1671,1,0.043,0,0,1,0,0.0145,69,0
E004775,S3185,0,0.4844,2,1,0,2,0.5133,22,1
E004776,S2857,1,0.0438,0,0,1,2,0.108,64,0
E004777,S4179,0,0.0245,0,0,1,0,0.2722,74,0
E004778,S0493,1,0.1376,0,0,1,0,0.0449,98,0
E004779,S1151,1,0.1044,0,0,1,0,0.5047,71,0
E004780,S1838,1,0.0327,1,0,1,0,0.1343,87,0
E004781,S0239,0,0.7728,5,1,0,1,0.6515,38,1
E004782,S3185,1,0.1286,0,0,1,0,0.028,83,0
E004783,S1217,1,0.5036,0,0,1,1,0.3542,92,0
E004784,S0619,1,0.1459,0,1,1,0,0.0541,63,0
E004785,S1969,0,0.0342,0,0,1,0,0.1643,56,0
E004786,S3681,0,0.2651,0,0,1,0,0.5404,73,1
E004787,S3625,0,0.1833,0,0,1,0,0.1217,80,0
E004788,S3569,0,0.5084,1,1,0,0,0.7792,30,1
E004789,S2974,1,0.0878,0,0,1,0,0.1148,94,0
E004790,S0233,0,0.7493,2,1,0,1,0.6017,12,1
E004791,S2666,0,0.4983,1,0,1,0,0.4569,84,1
E004792,S3856,0,0.4919,0,1,1,0,0.3152,55,1
E004793,S2795,0,0.1191,0,0,1,1,0.4681,92,1
E004794,S3499,0,0.2213,0,0,1,0,0.4032,80,1
E004795,S3519,1,0.1204,0,0,1,0,0.1137,86,0
E004796,S2402,0,0.5112,0,0,0,0,0.3573,32,0
E004797,S1671,0,0.099,0,0,1,0,0.6075,74,0
E004798,S0657,1,0.0675,0,0,1,0,0.1412,75,0
E004799,S0197,1,0.0491,0,0,1,0,0.1271,77,0
E004800,S3931,1,0.0151,0,0,1,0,0.1948,81,0
E004801,S1584,1,0.033,0,0,1,0,0.2484,84,0
E004802,S0257,1,0.1189,1,1,1,0,0.0748,66,0
E004803,S0009,0,0.2465,1,1,1,3,0.4174,35,1
E004804,S1513,0,0.6408,4,0,0,1,0.5768,35,1
E004805,S0965,0,0.0547,1,0,1,0,0.0767,38,0
E004806,S3949,1,0.0441,0,0,1,0,0.4817,78,0
E004807,S1275,1,0.1577,1,0,1,0,0.1355,63,0
E004808,S3470,0,0.4721,2,0,0,1,0.7091,49,1
E004809,S2715,1,0.1931,0,0,1,0,0.1049,74,0
E004810,S2025,0,0.0781,0,0,0,0,0.2626,100,0
E004811,S2308,1,0.0434,0,0,1,0,0.1041,84,0
E004812,S0854,1,0.0359,0,0,1,0,0.0433,79,0
E004813,S3664,0,0.1151,2,1,1,0,0.1959,64,1
E004814,S3033,1,0.023,0,0,1,0,0.5598,78,0
E004815,S2447,0,0.6726,4,1,0,2,0.6613,18,1
E004816,S3774,1,0.0701,0,0,1,0,0.052,59,0
E004817,S3189,1,0.0201,0,0,1,0,0.8044,69,0
E004818,S1542,0,0.1842,1,0,0,1,0.0951,45,0
E004819,S4085,1,0.0664,0,1,1,0,0.2328,73,0
E004820,S3119,1,0.0618,1,1,1,0,0.1717,76,0
E004821,S0976,1,0.1095,0,0,1,0,0.0371,83,0
E004822,S0205,0,0.5371,1,0,1,5,0.5536,41,1
E004823,S3062,1,0.361,0,1,1,0,0.1126,63,1
E004824,S1796,0,0.3255,0,1,1,1,0.4324,69,1
E004825,S2832,1,0.1753,0,0,1,1,0.1129,86,0
E004826,S2515,0,0.0491,0,0,1,0,0.1694,64,0
E004827,S3692,1,0.1686,0,0,1,0,0.0208,85,0
E004828,S1362,1,0.1627,1,1,1,0,0.0938,83,0
E004829,S0989,0,0.1925,1,0,1,0,0.1046,64,1
E004830,S0065,0,0.4002,0,0,0,7,0.6677,32,0
E004831,S2210,1,0.2072,0,0,1,0,0.05,71,0
E004832,S2155,1,0.2411,2,0,1,1,0.5027,30,0
E004833,S1735,1,0.0382,0,0,1,0,0.1023,73,0
E004834,S3503,1,0.0279,0,1,1,0,0.1667,69,0
E004835,S0236,0,0.4971,1,1,0,3,0.8467,12,1
E004836,S3615,1,0.0267,1,0,1,0,0.1492,83,0
E004837,S3532,0,0.1087,0,0,1,0,0.0561,85,0
E004838,S1287,1,0.1911,1,1,1,0,0.2762,67,0
E004839,S0116,1,0.4607,0,1,1,1,0.2645,21,1
E004840,S2383,1,0.0374,0,0,1,1,0.218,91,0
E004841,S3019,1,0.0914,0,1,1,0,0.0541,61,0
E004842,S4115,1,0.0726,0,0,1,0,0.2269,100,1
E004843,S2037,1,0.0145,0,0,1,0,0.0577,80,0
E004844,S3235,0,0.1084,0,1,1,0,0.1431,62,0
E004845,S3239,1,0.0945,0,1,1,0,0.1175,64,0
E004846,S0341,1,0.0685,0,0,1,0,0.095,85,0
E004847,S1998,1,0.0812,0,0,1,0,0.0853,88,0
E004848,S0576,1,0.0377,0,0,1,0,0.1544,72,0
E004849,S0130,1,0.6618,2,1,0,4,0.846,33,1
E004850,S0117,1,0.7541,2,0,0,3,0.9509,34,1
E004851,S2191,1,0.0799,0,0,1,0,0.0384,97,0
E004852,S0098,1,0.6041,1,0,1,0,0.3394,46,0
E004853,S1957,1,0.0306,0,0,1,0,0.0316,85,0
E004854,S2201,1,0.0269,0,0,1,0,0.4435,92,0
E004855,S1612,1,0.0477,0,0,1,0,0.0555,78,0
E004856,S2636,1,0.1783,0,1,1,0,0.4382,54,1
E004857,S1341,1,0.0169,0,1,1,0,0.1275,94,0
E004858,S0734,1,0.2015,0,1,1,0,0.1131,75,0
E004859,S3796,1,0.1294,0,0,1,0,0.023,90,0
E004860,S4188,1,0.0298,0,0,1,0,0.3864,67,0
E004861,S3370,1,0.0423,0,1,0,1,0.1831,68,1
E004862,S3895,1,0.1747,1,0,1,0,0.0714,85,0
E004863,S2021,1,0.0747,0,1,0,0,0.0143,70,0
E004864,S2112,1,0.0188,0,0,1,0,0.0544,77,0
E004865,S0759,1,0.1108,0,1,1,0,0.0246,70,0
E004866,S3494,1,0.0372,0,0,1,0,0.0807,82,0
E004867,S3589,0,0.0526,0,0,1,0,0.2796,90,0
E004868,S2789,1,0.044,0,0,1,0,0.1827,94,0
E004869,S1100,1,0.109,0,0,1,1,0.0527,84,1
E004870,S1447,1,0.0551,1,1,1,0,0.0625,79,0
E004871,S3022,0,0.0455,0,1,1,1,0.266,67,0
E004872,S0899,1,0.0529,0,0,1,0,0.0462,89,0
E004873,S3275,1,0.0434,1,1,1,0,0.1041,91,0
E004874,S0287,1,0.0314,0,0,1,0,0.0611,91,0
E004875,S0290,1,0.098,0,0,1,0,0.0399,86,0
E004876,S2775,0,0.8176,3,1,1,0,0.803,52,1
E004877,S3437,1,0.137,0,0,1,1,0.0732,89,0
E004878,S2643,1,0.0559,0,0,1,0,0.4018,70,1
E004879,S0490,0,0.0612,0,0,1,0,0.1842,69,0
E004880,S3511,1,0.0536,0,0,1,0,0.1059,85,1
E004881,S3696,1,0.1103,0,0,1,0,0.1615,54,0
E004882,S2109,1,0.0574,0,0,1,0,0.1725,68,0
E004883,S0838,1,0.0458,0,0,1,0,0.0567,85,0
E004884,S2103,1,0.1267,0,0,1,0,0.0855,65,0
E004885,S3600,1,0.2888,1,0,1,0,0.3555,50,0
E004886,S3262,1,0.165,0,0,1,0,0.0771,96,0
E004887,S0257,1,0.0548,0,0,1,0,0.0153,77,0
E004888,S0951,0,0.4988,2,0,0,0,0.6741,43,1
E004889,S3952,1,0.0277,0,1,1,0,0.0837,46,0
E004890,S3845,1,0.0325,0,0,1,0,0.1044,84,0
E004891,S1787,1,0.1408,0,0,0,0,0.2805,100,0
E004892,S0854,0,0.5248,0,1,1,0,0.4957,56,0
E004893,S1865,1,0.0477,0,0,1,0,0.0912,73,0
E004894,S0121,0,0.9505,2,1,0,8,0.6956,26,1
E004895,S1829,1,0.4407,0,1,1,0,0.3142,64,0
E004896,S3178,1,0.1127,0,1,0,0,0.2414,84,0
E004897,S0276,0,0.6343,2,1,1,3,0.5829,26,1
E004898,S0620,1,0.1224,0,0,1,0,0.0243,90,0
E004899,S3435,1,0.0431,0,0,1,0,0.3992,70,0
E004900,S3037,1,0.0714,0,0,1,0,0.2011,89,0
E004901,S0692,0,0.5194,4,1,0,1,0.6374,35,1
E004902,S0301,1,0.0532,0,0,1,0,0.1089,56,0
E004903,S1529,1,0.1709,1,0,1,0,0.1538,99,0
E004904,S2571,0,0.5207,2,1,0,0,0.6017,32,1
E004905,S3495,0,0.5222,0,1,0,0,0.3978,43,1
E004906,S0135,1,0.4344,3,0,1,6,0.3596,36,1
E004907,S1454,1,0.0693,0,1,1,0,0.0554,59,0
E004908,S3444,1,0.1,0,1,1,0,0.256,53,0
E004909,S0386,1,0.1445,0,0,1,0,0.0266,68,0
E004910,S3790,0,0.3784,2,0,0,1,0.4561,67,0
E004911,S1137,0,0.2896,0,0,0,1,0.1648,48,0
E004912,S1553,1,0.0568,0,1,1,0,0.0445,93,0
E004913,S0068,1,0.2468,0,0,0,6,0.327,44,1
E004914,S3957,0,0.5986,0,0,0,0,0.733,69,1
E004915,S2353,0,0.5021,0,1,0,1,0.2683,66,1
E004916,S3562,1,0.1948,0,0,1,0,0.0605,89,0
E004917,S0257,0,0.6503,6,1,0,6,0.8785,20,1
E004918,S3284,1,0.123,0,0,1,0,0.071,77,0
E004919,S1647,0,0.2233,0,0,1,0,0.2798,73,1
E004920,S0499,1,0.1819,0,0,1,0,0.1777,89,0
E004921,S0787,0,0.2187,0,0,1,1,0.761,54,0
E004922,S0291,0,0.4862,0,0,1,3,0.0999,47,1
E004923,S3834,1,0.209,0,1,1,0,0.1832,52,0
E004924,S3379,1,0.0662,0,0,1,0,0.0256,93,0
E004925,S0635,1,0.2486,0,0,1,0,0.0501,61,0
E004926,S1798,1,0.2215,0,0,1,0,0.5212,77,0
E004927,S3965,0,0.0185,0,1,1,0,0.114,100,1
E004928,S3592,1,0.171,0,0,1,0,0.5671,32,0
E004929,S2806,0,0.0392,0,1,1,1,0.0689,68,0
E004930,S3801,0,0.1991,0,0,0,0,0.1281,73,0
E004931,S0967,0,0.1892,0,0,1,0,0.0951,55,0
E004932,S0187,0,0.3543,0,0,1,4,0.6066,26,1
E004933,S2427,1,0.0989,0,0,1,0,0.0912,80,0
E004934,S0155,1,0.1105,0,0,1,0,0.6219,75,0
E004935,S1087,1,0.0386,2,1,1,0,0.2662,66,0
E004936,S0189,1,0.4614,0,0,1,2,0.4907,27,1
E004937,S2274,1,0.0389,0,0,1,1,0.0193,90,0
E004938,S1071,1,0.198,0,0,1,0,0.5357,79,1
E004939,S3917,0,0.5684,0,0,1,2,0.2576,69,1
E004940,S2212,0,0.089,0,0,1,0,0.0253,64,0
E004941,S0534,0,0.2491,2,0,1,2,0.1539,50,0
E004942,S2108,1,0.113,0,0,1,0,0.012,93,0
E004943,S1591,1,0.0337,1,0,1,0,0.0079,82,0
E004944,S3314,1,0.0637,0,0,1,0,0.1236,95,0
E004945,S0104,1,0.1109,0,0,1,0,0.0922,84,0
E004946,S0202,0,0.2899,1,1,1,0,0.1289,65,0
E004947,S0627,1,0.0453,0,0,1,0,0.0999,78,0
E004948,S0049,1,0.0715,0,0,1,0,0.1789,87,0
E004949,S0734,1,0.048,1,0,1,0,0.1454,71,0
E004950,S3202,1,0.1793,0,0,1,0,0.0538,70,0
E004951,S3475,1,0.0675,0,0,0,0,0.0726,93,0
E004952,S3814,1,0.2651,0,0,1,0,0.0735,76,0
E004953,S2637,1,0.1053,0,0,1,0,0.0324,86,0
E004954,S0950,1,0.1341,1,0,1,1,0.1341,76,0
E004955,S0044,0,0.784,3,1,0,1,0.593,1,1
E004956,S1446,1,0.0191,0,0,1,0,0.4509,87,0
E004957,S3762,1,0.0958,0,0,1,0,0.1309,72,0
E004958,S3220,1,0.0369,0,0,0,0,0.5431,76,0
E004959,S3039,1,0.3529,0,0,0,0,0.3211,49,1
E004960,S2136,1,0.151,0,0,1,0,0.6004,81,0
E004961,S1165,1,0.1124,0,0,1,0,0.1329,97,0
E004962,S0134,0,0.679,3,0,1,5,0.5221,48,0
E004963,S0642,1,0.299,0,1,1,0,0.4368,50,1
E004964,S0120,0,0.1261,0,0,1,2,0.2126,92,1
E004965,S3510,1,0.7344,2,1,0,1,0.5625,42,1
E004966,S3672,0,0.1027,0,0,1,0,0.0696,86,0
E004967,S3470,1,0.0392,0,0,1,0,0.1133,76,0
E004968,S0668,1,0.0671,1,0,1,0,0.1526,88,1
E004969,S0057,1,0.0164,0,0,1,0,0.0461,71,0
E004970,S0152,1,0.2861,2,1,0,6,0.1996,36,1
E004971,S2999,1,0.1964,0,0,1,1,0.1035,85,0
E004972,S0274,0,0.3065,0,0,1,2,0.5238,54,1
E004973,S0030,0,0.7866,4,1,1,4,0.8223,34,1
E004974,S0061,0,0.3848,1,0,0,7,0.3271,49,0
E004975,S0285,1,0.0362,0,0,1,0,0.019,86,0
E004976,S3793,1,0.1904,0,0,1,0,0.1615,91,0
E004977,S1428,0,0.2646,0,0,1,1,0.3707,64,1
E004978,S3750,0,0.5229,2,1,0,0,0.6587,22,1
E004979,S1236,1,0.2962,0,0,1,0,0.3831,51,1
E004980,S0116,1,0.1139,0,0,0,0,0.0816,64,0
E004981,S2265,1,0.0542,0,0,1,0,0.1478,90,0
E004982,S1069,0,0.3432,1,0,0,1,0.4346,43,0
E004983,S0054,1,0.6637,1,0,1,1,0.2563,44,1
E004984,S4151,1,0.1181,1,0,1,0,0.631,60,0
E004985,S3141,0,0.0517,1,0,1,0,0.0464,87,0
E004986,S2640,1,0.1558,0,0,1,0,0.0543,74,0
E004987,S4136,0,0.3929,3,0,0,0,0.6949,43,1
E004988,S0589,1,0.1462,0,0,1,0,0.0303,76,0
E004989,S1960,1,0.4645,0,0,1,0,0.141,51,0
E004990,S2339,1,0.0403,0,0,1,0,0.0382,86,0
E004991,S3437,0,0.0689,0,0,1,0,0.0613,69,0
E004992,S3902,0,0.0453,0,0,1,0,0.1122,66,0
E004993,S2809,1,0.0473,0,0,1,0,0.0832,97,0
E004994,S3894,1,0.2024,0,0,1,0,0.181,27,1
E004995,S0002,1,0.3103,0,0,0,4,0.6836,53,1
E004996,S0892,0,0.1061,0,0,1,0,0.1479,69,0
E004997,S0101,1,0.3496,0,0,1,5,0.2886,42,1
E004998,S1741,0,0.0746,0,0,1,0,0.0785,68,0
E004999,S2583,1,0.1572,0,0,1,1,0.0978,72,0
E005000,S1266,1,0.0365,0,0,1,0,0.0471,64,0
E005001,S1137,1,0.0646,0,0,1,0,0.0803,82,0
E005002,S0224,0,0.4072,2,0,1,0,0.3897,70,1
E005003,S3250,1,0.0671,0,0,1,0,0.1258,94,0
E005004,S3954,1,0.1172,0,0,1,0,0.1075,78,0
E005005,S0859,1,0.1445,0,0,1,0,0.0798,89,0
E005006,S2865,0,0.267,0,0,1,0,0.0964,75,0
E005007,S0045,0,0.3347,0,0,1,2,0.3106,21,1
E005008,S0211,1,0.5387,3,0,1,1,0.2901,31,1
E005009,S2134,1,0.0698,0,0,1,0,0.0806,79,0
E005010,S0511,0,0.0144,0,1,1,0,0.0472,76,0
E005011,S0228,1,0.1505,0,1,1,0,0.3729,53,0
E005012,S1289,1,0.2316,1,0,1,0,0.1753,74,0
E005013,S2339,0,0.3929,2,1,0,0,0.8913,37,1
E005014,S2293,0,0.2493,2,0,0,0,0.3103,57,0
E005015,S1138,1,0.0652,0,0,1,0,0.0418,71,0
E005016,S1638,1,0.0962,0,0,1,0,0.0095,77,0
E005017,S3686,0,0.0867,0,0,1,0,0.0826,83,0
E005018,S3956,1,0.2098,0,0,1,1,0.0891,86,0
E005019,S0878,0,0.0605,0,0,1,0,0.0797,50,0
E005020,S3248,0,0.3941,0,1,0,1,0.1897,73,0
E005021,S2761,0,0.2342,1,0,1,0,0.5983,80,1
E005022,S1607,1,0.1065,0,0,1,0,0.0639,90,0
E005023,S3777,0,0.0353,0,0,1,0,0.2216,80,0
E005024,S3380,1,0.0725,0,0,1,0,0.0657,79,0
E005025,S2860,1,0.1499,0,0,1,0,0.0404,65,0
E005026,S2665,1,0.0847,0,1,1,0,0.0445,52,0
E005027,S0201,0,0.93,4,0,0,7,0.7398,0,1
E005028,S3934,0,0.2968,0,0,0,1,0.5221,36,1
E005029,S1477,1,0.0948,0,0,1,0,0.0482,81,0
E005030,S1827,1,0.0699,0,0,1,2,0.0635,90,0
E005031,S4055,0,0.5969,3,1,0,0,0.6455,54,1
E005032,S2739,1,0.068,0,0,1,0,0.1611,73,0
E005033,S3573,1,0.0323,0,0,1,0,0.1349,80,0
E005034,S3870,0,0.0187,1,1,1,0,0.0289,75,0
E005035,S2639,1,0.1073,0,0,1,0,0.1628,69,0
E005036,S3726,0,0.0699,0,0,1,0,0.013,78,0
E005037,S3953,1,0.1374,0,0,1,0,0.3467,77,0
E005038,S2863,1,0.0589,1,0,1,0,0.1278,83,0
E005039,S0632,1,0.1568,0,0,1,0,0.035,75,0
E005040,S3888,1,0.0936,0,0,1,0,0.1267,67,0
E005041,S0428,1,0.0127,0,0,1,0,0.0525,81,0
E005042,S2667,1,0.2016,0,0,1,0,0.0388,68,0
E005043,S0431,0,0.2827,0,0,1,0,0.0728,44,0
E005044,S0045,1,0.3586,0,0,1,4,0.2525,40,1
E005045,S1683,1,0.4295,1,0,1,2,0.319,100,1
E005046,S0307,1,0.1469,0,0,1,0,0.0248,83,0
E005047,S4032,0,0.3969,3,1,1,0,0.9189,49,1
E005048,S0463,0,0.4595,0,0,0,1,0.2527,46,0
E005049,S0286,1,0.5576,0,0,1,3,0.6342,44,1
E005050,S0768,1,0.0628,0,0,1,0,0.4314,81,0
E005051,S1644,0,0.3593,0,0,1,0,0.3322,61,1
E005052,S2852,1,0.0295,0,0,1,0,0.0769,77,0
E005053,S0493,0,0.0256,0,1,1,0,0.1126,45,0
E005054,S0062,0,0.8668,5,1,1,8,0.7389,9,1
E005055,S3126,1,0.0682,0,0,1,0,0.5688,82,0
E005056,S0216,1,0.0676,1,0,1,0,0.0634,77,0
E005057,S0198,1,0.0941,1,0,1,0,0.1074,79,0
E005058,S0403,1,0.318,0,0,1,0,0.6331,82,0
E005059,S0588,1,0.0267,0,0,1,0,0.7138,73,0
E005060,S2520,1,0.0566,0,0,1,0,0.6812,100,0
E005061,S4092,1,0.0543,0,0,1,0,0.0749,86,0
E005062,S0092,0,0.8472,0,1,0,2,0.8178,40,1
E005063,S0207,0,0.2813,0,0,1,0,0.1005,74,0
E005064,S1445,0,0.7333,3,1,1,0,0.6264,35,1
E005065,S2741,1,0.0701,0,0,1,0,0.5711,84,0
E005066,S3711,1,0.1319,0,0,1,0,0.2012,91,0
E005067,S0158,0,0.7351,2,0,0,2,0.7095,8,0
E005068,S1629,0,0.7157,2,1,0,0,0.7753,14,1
E005069,S0296,0,0.3621,1,1,1,6,0.4332,29,0
E005070,S3544,0,0.3328,0,0,1,1,0.7578,59,0
E005071,S2577,1,0.0962,1,0,1,0,0.3741,75,0
E005072,S4050,1,0.0871,0,0,0,0,0.436,65,0
E005073,S3715,0,0.3692,2,1,1,2,0.475,68,1
E005074,S3318,0,0.3543,0,0,1,0,0.5474,75,1
E005075,S2245,1,0.1349,1,0,1,1,0.3863,35,0
E005076,S4059,1,0.0643,0,0,1,0,0.0697,78,0
E005077,S0469,1,0.0917,0,0,1,0,0.1836,60,0
E005078,S2395,1,0.0522,0,0,1,0,0.0209,87,0
E005079,S0159,1,0.6025,1,1,1,6,0.2185,64,1
E005080,S3788,0,0.5691,0,0,1,1,0.4454,50,0
E005081,S0755,1,0.0142,0,0,1,0,0.0219,78,0
E005082,S0014,0,0.8602,5,1,0,1,0.5442,23,1
E005083,S3344,0,0.0491,0,0,1,0,0.1716,64,0
E005084,S1707,1,0.0547,0,0,1,0,0.1234,65,0
E005085,S1138,1,0.059,1,1,1,1,0.0863,95,0
E005086,S3064,1,0.0269,0,0,1,0,0.4728,78,0
E005087,S1641,1,0.0368,0,0,1,0,0.4275,63,0
E005088,S0297,0,0.6713,5,1,1,4,0.7597,24,1
E005089,S1920,1,0.2037,0,0,1,0,0.2203,98,0
E005090,S0166,1,0.4099,1,1,1,1,0.3109,19,0
E005091,S3223,1,0.0224,0,0,1,0,0.0555,79,0
E005092,S3807,0,0.3092,1,1,1,2,0.2846,58,1
E005093,S0197,0,0.3223,0,1,1,3,0.314,32,1
E005094,S1294,0,0.5455,0,0,1,0,0.3186,67,0
E005095,S3344,0,0.5578,0,1,1,1,0.4731,78,0
E005096,S1030,0,0.3917,0,0,1,0,0.4874,84,0
E005097,S3734,1,0.2098,0,0,1,0,0.1019,100,0
E005098,S0235,0,0.1804,1,1,1,2,0.3826,54,0
E005099,S3937,0,0.6554,2,1,0,0,0.6671,38,1
E005100,S3924,0,0.0432,0,0,1,0,0.0815,68,0
E005101,S3520,0,0.5127,7,1,1,0,0.6846,37,1
E005102,S1065,1,0.3075,0,0,1,0,0.0508,73,0
E005103,S0199,1,0.0976,0,0,1,0,0.3616,74,0
E005104,S2896,0,0.3702,2,0,0,0,0.8795,53,1
E005105,S1979,1,0.0627,0,0,1,0,0.0899,69,0
E005106,S2951,1,0.1224,0,1,1,0,0.0312,60,0
E005107,S0636,1,0.4422,1,1,1,1,0.8107,46,1
E005108,S0182,0,0.5399,6,1,0,0,0.761,29,1
E005109,S1827,1,0.1893,0,0,1,0,0.0765,74,0
E005110,S2141,1,0.0687,0,0,1,0,0.0233,70,0
E005111,S0133,0,0.4616,1,0,1,1,0.5206,69,0
E005112,S4036,1,0.1039,0,0,1,0,0.0666,72,0
E005113,S3928,1,0.0587,0,0,1,0,0.4554,84,0
E005114,S1087,0,0.2092,0,0,1,0,0.0126,85,0
E005115,S0009,1,0.4823,1,0,1,3,0.2939,29,1
E005116,S3348,0,0.2991,0,0,1,0,0.0554,73,1
E005117,S0710,1,0.2149,0,1,1,0,0.4163,80,0
E005118,S4200,1,0.1202,0,0,1,0,0.5159,86,1
E005119,S3408,1,0.2498,0,0,0,0,0.772,69,0
E005120,S3344,1,0.1212,0,1,1,0,0.2599,66,0
E005121,S2866,1,0.2257,0,0,1,0,0.4953,57,0
E005122,S1493,1,0.2001,0,0,1,0,0.0473,80,0
E005123,S3205,1,0.0298,0,0,1,0,0.1888,65,0
E005124,S0833,1,0.0634,0,0,1,0,0.4625,60,0
E005125,S3442,1,0.1051,1,1,1,0,0.2708,74,0
E005126,S0795,1,0.1525,0,1,1,1,0.0973,92,0
E005127,S0389,1,0.1063,0,0,1,0,0.0733,79,0
E005128,S4050,0,0.2143,1,1,1,1,0.5583,46,1
E005129,S3350,1,0.1173,0,1,1,0,0.0796,70,1
E005130,S3659,0,0.0822,0,0,1,0,0.154,79,0
E005131,S0177,0,0.8042,5,1,0,3,0.7559,17,1
E005132,S0061,0,0.2409,2,0,1,3,0.2996,42,1
E005133,S2644,1,0.0048,0,0,1,0,0.0782,93,0
E005134,S1944,1,0.1105,0,0,1,0,0.0356,98,0
E005135,S0726,1,0.071,0,0,1,0,0.0847,82,1
E005136,S3067,1,0.1721,0,1,1,0,0.0461,73,0
E005137,S1808,1,0.0404,1,1,1,0,0.176,81,0
E005138,S3553,1,0.0927,0,0,1,0,0.1367,69,0
E005139,S2175,1,0.0857,1,0,1,0,0.6652,80,0
E005140,S3834,0,0.1949,1,0,1,0,0.0365,59,0
E005141,S2739,1,0.0748,0,1,1,0,0.0264,95,0
E005142,S3652,0,0.1587,0,0,1,0,0.0912,79,0
E005143,S3674,1,0.7829,2,0,1,1,0.5691,38,1
E005144,S0150,1,0.4092,0,1,0,1,0.5048,31,1
E005145,S2656,0,0.1611,0,0,1,0,0.0321,68,0
E005146,S1316,0,0.2859,0,0,0,0,0.5385,95,0
E005147,S2943,0,0.052,0,1,1,1,0.0899,57,0
E005148,S4125,1,0.072,0,0,1,0,0.0672,66,0
E005149,S3002,1,0.162,0,0,1,0,0.6819,76,0
E005150,S1802,1,0.1938,0,0,1,0,0.0897,83,0
E005151,S0709,1,0.0066,0,1,1,0,0.0346,73,0
E005152,S3018,0,0.0687,0,0,1,0,0.3639,85,0
E005153,S1341,1,0.0387,0,1,1,0,0.1971,89,0
E005154,S0530,1,0.2483,0,0,1,0,0.7588,73,0
E005155,S1514,0,0.4194,0,0,0,0,0.5352,32,0
E005156,S0080,0,0.1908,0,1,1,0,0.1739,63,0
E005157,S0704,0,0.5578,3,1,0,0,0.6916,35,1
E005158,S0652,1,0.0753,0,0,1,0,0.5331,55,0
E005159,S1759,1,0.1095,0,0,1,0,0.0497,72,0
E005160,S2057,1,0.1865,1,1,1,0,0.0403,83,0
E005161,S2660,1,0.051,1,0,1,0,0.0925,80,0
E005162,S0237,0,0.4679,1,1,1,0,0.3595,45,0
E005163,S0416,1,0.025,0,0,1,0,0.1678,68,0
E005164,S2896,1,0.1474,1,0,1,0,0.0536,82,0
E005165,S3118,1,0.8351,1,1,0,0,0.4462,39,1
E005166,S2579,1,0.499,1,0,1,0,0.3877,48,0
E005167,S0316,1,0.105,2,1,1,0,0.0756,78,0
E005168,S1880,0,0.5848,1,0,0,0,0.6593,53,1
E005169,S0812,1,0.1065,0,0,1,0,0.5744,73,0
E005170,S1669,1,0.0421,0,0,1,0,0.1299,85,0
E005171,S3058,1,0.2139,0,0,1,0,0.1376,68,1
E005172,S2701,1,0.2192,0,0,1,0,0.0776,63,0
E005173,S1411,1,0.3907,3,0,1,0,0.421,65,1
E005174,S0132,0,0.2209,0,0,1,0,0.121,61,0
E005175,S3656,1,0.0865,0,0,1,0,0.0705,77,0
E005176,S0420,1,0.0467,1,0,1,0,0.0412,69,0
E005177,S3619,0,0.214,0,0,1,1,0.1708,42,0
E005178,S0182,1,0.0438,0,0,1,0,0.0696,77,0
E005179,S0206,1,0.2035,1,1,0,4,0.4527,55,1
E005180,S4108,1,0.0201,0,0,1,0,0.5293,88,0
E005181,S1096,1,0.0516,0,0,1,0,0.1493,71,0
E005182,S4101,0,0.5279,0,0,1,1,0.6998,51,1
E005183,S2626,1,0.0578,0,0,1,0,0.066,88,0
E005184,S0234,1,0.6316,0,0,1,2,0.5345,59,1
E005185,S3784,1,0.132,0,1,1,0,0.0569,86,0
E005186,S0608,1,0.1546,0,0,1,0,0.646,88,0
E005187,S4005,0,0.4461,0,1,1,1,0.2982,78,1
E005188,S2502,1,0.0442,0,0,1,0,0.0674,67,0
E005189,S2034,0,0.2665,0,0,1,5,0.725,47,0
E005190,S2586,1,0.0331,0,0,1,0,0.0068,84,0
E005191,S0172,0,0.8075,2,1,0,4,0.8376,25,1
E005192,S0258,0,0.1618,1,1,1,5,0.1239,54,1
E005193,S3429,0,0.0277,0,0,1,0,0.2831,72,0
E005194,S1721,0,0.589,1,1,1,0,0.1664,25,1
E005195,S0752,1,0.0447,1,1,1,0,0.2022,64,0
E005196,S0068,0,0.5907,1,0,1,4,0.2629,19,1
E005197,S1917,1,0.1302,1,0,1,1,0.5687,94,0
E005198,S1382,0,0.6358,1,1,0,0,0.7773,46,1
E005199,S0072,0,0.5116,4,0,0,5,0.8351,14,1
E005200,S0151,0,0.1152,0,0,1,0,0.3017,59,0
E005201,S0458,1,0.2473,0,0,1,0,0.0563,90,0
E005202,S0729,1,0.3204,0,1,1,0,0.0648,57,1
E005203,S0278,1,0.2391,0,0,1,3,0.5129,49,1
E005204,S0158,1,0.0249,0,0,0,0,0.1116,74,0
E005205,S0201,1,0.5875,1,1,1,2,0.4921,54,1
E005206,S0372,0,0.6915,3,0,0,2,0.3601,35,1
E005207,S0190,0,0.7467,5,1,0,2,0.5704,22,1
E005208,S0794,0,0.0564,0,0,1,0,0.2875,72,0
E005209,S1483,0,0.4234,0,0,0,0,0.299,100,0
E005210,S0685,1,0.0259,0,1,1,0,0.2929,75,0
E005211,S0123,0,0.8306,5,1,1,2,0.6971,0,1
E005212,S0176,1,0.5374,2,1,1,1,0.6625,25,1
E005213,S2274,1,0.1213,0,0,1,0,0.0467,76,1
E005214,S3117,0,0.6282,0,0,0,2,0.2981,93,1
E005215,S0009,1,0.2914,0,0,1,3,0.0549,42,1
E005216,S4194,1,0.0733,0,0,1,0,0.0691,84,0
E005217,S2164,1,0.0155,0,0,1,0,0.0226,61,0
E005218,S4071,0,0.1077,0,0,1,0,0.1332,69,0
E005219,S2600,0,0.5301,2,0,1,0,0.5859,51,1
E005220,S0723,1,0.1369,0,0,1,0,0.1121,89,0
E005221,S4057,1,0.0215,0,1,1,1,0.3192,64,0
E005222,S3642,1,0.1516,0,0,1,0,0.0868,86,0
E005223,S1614,1,0.0128,0,0,1,0,0.0964,76,0
E005224,S3324,1,0.0253,0,0,1,0,0.1896,85,0
E005225,S0066,0,0.7739,2,0,0,3,0.7071,0,1
E005226,S1518,1,0.0996,0,0,1,0,0.0335,78,0
E005227,S2350,1,0.2687,0,0,0,1,0.5158,82,0
E005228,S3044,1,0.1617,0,0,1,0,0.5347,76,0
E005229,S3651,1,0.0669,0,1,1,0,0.4057,69,1
E005230,S0238,0,0.288,3,1,1,0,0.659,11,1
E005231,S2792,1,0.35,0,1,1,0,0.3749,82,0
E005232,S0242,0,0.653,5,1,0,4,0.588,27,1
E005233,S0942,0,0.0737,0,1,1,0,0.0368,63,0
E005234,S0574,0,0.64,0,1,1,0,0.6146,9,1
E005235,S3107,0,0.6312,0,0,1,0,0.2789,56,0
E005236,S0952,1,0.1174,0,0,1,0,0.0188,70,0
E005237,S0455,1,0.1391,1,1,1,0,0.1362,72,0
E005238,S0090,0,0.7173,5,1,0,3,0.89,23,1
E005239,S1815,1,0.0668,1,1,1,0,0.068,70,0
E005240,S2334,0,0.0673,0,0,1,0,0.0715,78,1
E005241,S2982,0,0.3962,1,1,1,1,0.8452,55,1
E005242,S1891,0,0.2399,1,0,1,1,0.638,74,1
E005243,S1236,1,0.1323,1,1,1,0,0.0658,74,0
E005244,S2025,0,0.4363,4,1,0,0,0.4848,49,1
E005245,S2032,1,0.1909,0,0,1,0,0.0623,78,0
E005246,S0245,0,0.3462,0,0,1,5,0.2399,42,1
E005247,S1142,0,0.5887,1,0,0,1,0.4831,30,0
E005248,S0642,0,0.3805,2,1,0,3,0.1488,38,0
E005249,S3363,1,0.2416,0,0,1,0,0.0948,78,0
E005250,S2912,1,0.0756,0,0,1,0,0.0973,72,0
E005251,S0188,1,0.1237,0,0,1,0,0.154,74,0
E005252,S0714,1,0.1469,0,0,1,0,0.1275,98,0
E005253,S3407,1,0.1447,0,1,1,0,0.2365,70,0
E005254,S2311,0,0.7521,1,1,0,1,0.8446,45,1
E005255,S0010,0,0.8087,2,1,0,2,0.4818,23,1
E005256,S0107,0,0.9197,1,1,0,7,0.8347,50,1
E005257,S0248,0,0.6508,1,1,1,0,0.7922,45,1
E005258,S2149,1,0.0278,0,0,1,0,0.0275,86,0
E005259,S0531,0,0.7455,1,1,1,0,0.7499,60,1
E005260,S0027,0,0.7547,4,0,0,5,0.7487,12,1
E005261,S2502,0,0.7028,0,0,1,0,0.5625,96,1
E005262,S2778,1,0.1742,0,0,1,1,0.5143,58,1
E005263,S3060,1,0.1144,0,0,1,0,0.0977,79,0
E005264,S0115,0,0.783,6,1,0,5,0.7283,16,1
E005265,S0452,1,0.1869,0,0,1,0,0.1202,89,0
E005266,S0255,1,0.2425,0,0,1,0,0.0516,80,0
E005267,S3440,1,0.8181,2,0,1,1,0.9166,37,1
E005268,S0199,1,0.0849,1,0,1,0,0.1076,87,0
E005269,S0646,0,0.0574,0,0,1,0,0.0718,59,0
E005270,S2792,0,0.6411,1,1,1,1,0.1672,12,1
E005271,S3969,0,0.0148,0,0,1,0,0.0915,73,1
E005272,S0662,0,0.0149,0,0,1,0,0.1442,82,0
E005273,S1830,1,0.5291,3,1,1,0,0.5733,58,1
E005274,S1207,1,0.101,0,0,1,0,0.242,86,0
E005275,S1179,0,0.0839,0,1,1,0,0.0216,82,0
E005276,S0218,0,0.6966,3,1,0,2,0.8795,0,1
E005277,S3899,1,0.0368,1,0,1,0,0.0131,72,0
E005278,S0090,1,0.4095,1,0,1,2,0.589,13,1
E005279,S0003,0,0.7029,3,1,0,3,0.7143,32,1
E005280,S2568,1,0.0403,0,0,1,0,0.0763,77,0
E005281,S3276,0,0.1022,1,0,1,0,0.2267,80,0
E005282,S3842,1,0.113,0,0,1,0,0.0937,89,0
E005283,S2682,0,0.232,0,0,1,0,0.3112,64,1
E005284,S2453,1,0.558,3,1,1,0,0.2992,16,1
E005285,S1230,1,0.0862,0,0,1,0,0.2037,88,0
E005286,S0502,1,0.1859,1,0,1,0,0.1696,82,0
E005287,S2658,0,0.3606,0,1,0,2,0.4529,74,1
E005288,S0277,1,0.3051,1,0,1,3,0.5362,21,1
E005289,S0163,1,0.7433,1,1,0,0,0.5202,41,1
E005290,S0148,0,0.6937,4,1,0,1,0.7042,17,1
E005291,S0632,0,0.0369,0,0,1,0,0.3552,89,0
E005292,S3619,0,0.1206,0,0,1,0,0.224,68,0
E005293,S1769,0,0.9141,1,1,1,0,0.5841,22,1
E005294,S4134,0,0.2529,2,1,1,0,0.7027,20,0
E005295,S3071,1,0.0721,1,0,1,1,0.0195,93,0
E005296,S1997,0,0.5823,0,1,0,2,0.7265,41,1
E005297,S3390,1,0.4347,0,1,1,0,0.0935,74,0
E005298,S4001,1,0.2004,0,1,1,0,0.2049,79,0
E005299,S1723,1,0.1198,0,0,1,0,0.0791,85,0
E005300,S4089,1,0.0816,0,0,1,0,0.4984,70,0
E005301,S3654,1,0.1557,0,1,1,0,0.1209,44,0
E005302,S1276,0,0.7243,0,0,1,0,0.3201,56,1
E005303,S1892,1,0.0473,0,0,1,0,0.3315,75,0
E005304,S2066,1,0.0216,0,0,1,0,0.1166,66,0
E005305,S1715,1,0.0778,0,0,1,0,0.0184,57,0
E005306,S0917,1,0.0161,0,0,1,0,0.0897,85,0
E005307,S0283,1,0.5954,3,0,1,5,0.4497,33,1
E005308,S3805,0,0.0394,0,0,1,0,0.0076,83,0
E005309,S3121,0,0.032,0,0,0,0,0.027,100,0
E005310,S3241,1,0.0708,0,0,1,0,0.0656,65,0
E005311,S2182,1,0.7391,1,1,1,1,0.731,55,0
E005312,S1875,1,0.162,0,0,1,0,0.0365,83,0
E005313,S0184,0,0.6566,2,1,1,1,0.3442,39,1
E005314,S3572,1,0.3407,0,1,1,0,0.2272,41,0
E005315,S3746,1,0.1407,1,0,1,0,0.2581,100,0
E005316,S2729,1,0.0895,1,1,1,0,0.0781,95,1
E005317,S2395,0,0.3362,4,1,0,0,0.3549,44,1
E005318,S0301,1,0.0056,0,1,1,0,0.1962,83,0
E005319,S1573,0,0.08,0,0,1,0,0.7651,49,0
E005320,S1796,0,0.2476,0,1,1,0,0.4328,43,1
E005321,S1345,1,0.1813,0,0,0,0,0.4917,61,0
E005322,S1482,1,0.206,3,0,1,1,0.1313,69,1
E005323,S3059,0,0.1194,0,0,1,0,0.6212,78,0
E005324,S1238,1,0.0545,0,0,1,0,0.5771,70,0
E005325,S1929,0,0.149,0,0,1,0,0.1955,75,0
E005326,S3131,1,0.0945,0,0,1,0,0.078,76,0
E005327,S2531,0,0.7089,3,1,0,3,0.767,63,1
E005328,S3737,0,0.1297,1,0,1,0,0.3546,59,1
E005329,S0389,0,0.4517,3,0,0,0,0.4054,32,1
E005330,S1908,0,0.0351,0,0,1,0,0.0305,59,0
E005331,S3085,1,0.1222,0,0,1,0,0.0925,64,0
E005332,S2530,0,0.2658,0,0,1,0,0.2815,66,1
E005333,S0096,1,0.0361,0,1,1,0,0.7327,86,0
E005334,S0184,0,0.0419,0,0,1,0,0.479,79,0
E005335,S1763,1,0.1973,0,0,1,0,0.0297,92,0
E005336,S0456,0,0.1098,0,0,1,0,0.0194,80,0
E005337,S1550,0,0.5855,1,0,0,1,0.7468,53,1
E005338,S0236,0,0.2802,0,1,0,2,0.7773,57,1
E005339,S0624,0,0.5165,2,0,1,1,0.3901,39,1
E005340,S1797,1,0.0129,0,0,1,0,0.0228,71,0
E005341,S0250,0,0.7122,5,0,0,3,0.5191,34,1
E005342,S0189,0,0.9157,2,1,0,8,0.8528,28,1
E005343,S3110,1,0.1381,0,0,1,0,0.146,86,0
E005344,S2807,1,0.0764,0,0,1,0,0.1802,60,0
E005345,S3401,0,0.6614,1,0,1,0,0.5355,45,1
E005346,S0447,1,0.0548,1,1,1,0,0.1084,81,0
E005347,S0277,1,0.077,0,0,1,0,0.3437,71,0
E005348,S3509,1,0.0294,0,0,1,0,0.1112,77,0
E005349,S3614,0,0.3865,0,1,1,0,0.3324,66,1
E005350,S3845,1,0.1073,1,0,1,0,0.1072,71,0
E005351,S1259,1,0.0784,1,0,1,0,0.1166,72,0
E005352,S2066,1,0.0733,0,0,1,0,0.1361,65,0
E005353,S3724,0,0.3183,1,0,1,0,0.2228,45,1
E005354,S2497,1,0.0322,0,0,1,0,0.029,76,0
E005355,S1406,0,0.8482,2,1,0,3,0.4551,37,1
E005356,S2689,1,0.0833,0,0,1,0,0.1095,83,0
E005357,S1925,0,0.1014,0,1,1,0,0.1782,88,0
E005358,S3884,0,0.4874,3,0,0,0,0.8571,27,1
E005359,S0028,1,0.1481,0,0,1,0,0.1426,78,0
E005360,S0824,0,0.1129,0,0,1,0,0.2272,68,0
E005361,S2741,1,0.1571,0,0,1,0,0.0627,72,0
E005362,S0140,1,0.607,0,0,1,2,0.5261,46,0
E005363,S3946,1,0.0201,0,0,1,0,0.0425,74,0
E005364,S3287,0,0.1606,2,0,1,0,0.5367,84,0
E005365,S0340,1,0.0995,0,0,1,0,0.0762,96,0
E005366,S0299,0,0.3956,1,0,1,3,0.6667,42,1
E005367,S0757,1,0.0839,0,0,1,0,0.0212,83,0
E005368,S3725,1,0.3037,0,0,1,0,0.6032,93,0
E005369,S3928,1,0.2106,0,0,1,0,0.4708,83,0
E005370,S4078,1,0.2055,0,0,1,0,0.1654,75,0
E005371,S0123,0,0.656,2,1,1,5,0.7444,35,1
E005372,S3478,1,0.0364,0,0,1,0,0.246,64,0
E005373,S1346,1,0.0849,0,0,1,0,0.0226,80,0
E005374,S3617,1,0.5651,1,0,0,1,0.5476,90,1
E005375,S2469,0,0.3849,1,1,1,0,0.2366,54,1
E005376,S3773,1,0.134,0,1,1,0,0.2477,72,0
E005377,S2767,1,0.0403,0,1,1,0,0.2398,93,0
E005378,S2506,1,0.2379,3,1,0,0,0.1938,63,0
E005379,S0690,1,0.064,0,0,1,0,0.104,77,0
E005380,S1785,1,0.4104,2,1,0,2,0.5933,16,1
E005381,S0238,0,0.7068,2,1,0,6,0.7471,26,0
E005382,S0766,1,0.0503,2,0,1,0,0.5816,86,0
E005383,S0912,0,0.0482,0,0,1,0,0.1421,56,0
E005384,S3112,0,0.123,1,0,1,0,0.1098,81,0
E005385,S1850,0,0.1308,0,1,1,0,0.1864,52,0
E005386,S3390,0,0.0172,0,0,1,0,0.0976,69,0
E005387,S0015,0,0.7995,1,1,0,0,0.74,48,1
E005388,S0292,1,0.3377,0,1,0,3,0.2696,58,1
E005389,S3832,1,0.0498,0,0,1,0,0.2479,68,0
E005390,S1536,0,0.2932,3,1,1,1,0.797,72,1
E005391,S3754,1,0.0213,0,0,1,0,0.0988,86,0
E005392,S1491,0,0.1344,0,0,1,0,0.0366,82,0
E005393,S0529,0,0.5451,1,0,0,0,0.8136,23,1
E005394,S0046,1,0.5957,1,0,1,3,0.5251,59,1
E005395,S3619,0,0.1078,0,0,1,0,0.1329,63,0
E005396,S2006,1,0.098,0,1,1,1,0.1127,60,0
E005397,S0078,0,0.05,0,0,1,0,0.6945,73,0
E005398,S4127,1,0.1854,2,1,1,1,0.256,68,0
E005399,S0454,0,0.4711,0,1,0,0,0.6804,48,1
E005400,S3560,1,0.096,0,0,1,0,0.0352,83,0
E005401,S1943,1,0.0942,0,0,1,0,0.1999,66,0
E005402,S0354,0,0.065,0,0,0,0,0.0274,66,0
E005403,S2378,0,0.3297,0,0,1,0,0.4482,79,0
E005404,S1690,1,0.0652,0,0,1,0,0.1491,72,0
E005405,S2048,1,0.1384,0,0,1,0,0.0504,61,0
E005406,S3821,1,0.0447,0,0,1,0,0.3405,74,0
E005407,S1749,0,0.1246,0,0,1,0,0.0441,67,0
E005408,S0058,0,0.2702,1,0,1,7,0.1661,64,1
E005409,S3267,1,0.2728,0,1,1,0,0.2312,65,0
E005410,S0036,1,0.1981,0,0,1,0,0.5568,58,0
E005411,S3814,1,0.0949,0,0,1,0,0.0742,81,0
E005412,S2810,0,0.1119,0,0,1,0,0.0551,69,0
E005413,S0314,1,0.0841,0,0,1,0,0.08,67,0
E005414,S3079,1,0.16,0,0,1,0,0.1444,76,0
E005415,S2907,0,0.0121,0,0,1,0,0.0209,81,0
E005416,S2782,1,0.0878,0,1,1,0,0.401,83,0
E005417,S2803,1,0.1575,0,1,1,0,0.1998,70,1
E005418,S0279,0,0.4171,1,1,1,3,0.1359,66,1
E005419,S1481,1,0.1181,0,0,1,0,0.1072,77,0
E005420,S2158,0,0.5458,0,1,1,0,0.6809,35,1
E005421,S2464,1,0.1538,0,1,1,0,0.0503,87,1
E005422,S1145,0,0.7531,1,1,1,1,0.6478,40,0
E005423,S1336,1,0.4884,1,0,1,1,0.7129,35,1
E005424,S1226,0,0.0095,0,0,1,0,0.0141,76,0
E005425,S0177,1,0.3366,0,0,1,3,0.4889,32,1
E005426,S1184,0,0.4147,0,0,1,1,0.7073,85,0
E005427,S3039,1,0.0612,0,0,1,0,0.1304,90,0
E005428,S1668,0,0.0731,0,0,1,0,0.3349,60,0
E005429,S0780,1,0.0861,0,0,1,0,0.5212,84,0
E005430,S0943,1,0.1082,0,0,0,0,0.1091,87,0
E005431,S1908,1,0.3414,1,0,0,2,0.5016,76,1
E005432,S1386,0,0.064,0,0,1,1,0.0667,76,0
E005433,S4027,1,0.0471,0,0,1,0,0.1211,96,0
E005434,S1419,0,0.0329,0,0,1,0,0.1019,87,0
E005435,S3937,0,0.815,1,1,0,1,0.7398,31,1
E005436,S2957,0,0.6214,0,1,1,0,0.577,50,1
E005437,S2147,1,0.0515,1,0,1,0,0.4501,82,0
E005438,S1047,1,0.0433,0,0,1,0,0.119,75,0
E005439,S0245,0,0.6043,2,1,0,1,0.8805,33,1
E005440,S3897,0,0.2217,0,0,1,0,0.0043,86,0
E005441,S3157,1,0.0559,1,1,1,0,0.2427,53,0
E005442,S4091,1,0.0122,0,0,1,0,0.0244,80,0
E005443,S0286,0,0.5674,1,1,0,3,0.3696,42,1
E005444,S3610,1,0.1231,0,0,1,0,0.032,80,0
E005445,S3318,0,0.6147,0,1,0,0,0.3743,83,1
E005446,S2203,0,0.7037,2,1,1,0,0.3379,34,1
E005447,S4161,1,0.0267,0,1,1,0,0.0572,63,0
E005448,S0167,0,0.7973,3,1,0,3,0.636,16,1
E005449,S1779,1,0.0483,0,1,1,0,0.1584,70,0
E005450,S0262,0,0.625,0,0,0,5,0.3076,24,1
E005451,S1724,1,0.0736,0,1,1,0,0.049,64,0
E005452,S2389,1,0.0411,0,1,1,0,0.0133,44,0
E005453,S3821,1,0.0385,0,0,1,0,0.0278,77,0
E005454,S1275,1,0.0851,0,0,1,0,0.0267,66,0
E005455,S2595,0,0.1744,0,0,1,0,0.132,62,0
E005456,S2197,1,0.3318,0,1,1,0,0.2176,86,1
E005457,S0164,0,0.3569,0,0,0,0,0.3907,50,1
E005458,S2632,1,0.3684,1,0,1,0,0.8906,40,1
E005459,S1900,1,0.0358,0,0,1,0,0.0319,78,0
E005460,S3696,1,0.0753,0,0,1,0,0.1865,77,0
E005461,S1318,0,0.5715,2,1,1,3,0.5624,28,1
E005462,S3497,0,0.0812,0,0,1,0,0.0859,79,0
E005463,S0202,0,0.7162,8,1,0,4,0.9375,22,1
E005464,S3423,1,0.1263,0,0,1,0,0.1358,83,0
E005465,S3914,0,0.4042,1,1,0,0,0.4356,50,0
E005466,S3974,1,0.0605,1,0,1,0,0.0953,60,0
E005467,S0461,1,0.0878,0,0,1,0,0.4238,72,0
E005468,S2811,0,0.118,1,0,0,0,0.4797,78,0
E005469,S3870,1,0.0612,0,0,1,0,0.0111,85,0
E005470,S2966,1,0.0414,0,0,1,0,0.0732,88,0
E005471,S1424,1,0.4644,0,1,1,0,0.4811,73,0
E005472,S2704,1,0.1091,0,1,1,0,0.177,73,0
E005473,S3196,1,0.0948,1,0,1,0,0.0406,76,0
E005474,S0022,1,0.5286,1,1,1,6,0.6186,38,1
E005475,S0187,1,0.308,0,0,1,2,0.3462,0,1
E005476,S0480,0,0.6851,0,0,1,1,0.2906,55,0
E005477,S1779,1,0.1273,0,1,1,0,0.0435,86,0
E005478,S1518,0,0.16,3,0,1,0,0.1541,48,0
E005479,S0006,0,0.6836,6,1,0,4,0.6679,2,1
E005480,S0049,1,0.3716,0,0,0,8,0.5698,17,0
E005481,S0957,1,0.0201,0,1,1,0,0.1088,96,0
E005482,S2555,1,0.0301,0,0,1,0,0.1568,88,0
E005483,S0077,0,0.1163,1,0,1,0,0.1971,64,0
E005484,S0926,1,0.0963,2,1,1,0,0.0694,100,0
E005485,S2571,0,0.0947,0,0,1,0,0.06,53,1
E005486,S3038,1,0.0396,0,1,1,0,0.0036,77,0
E005487,S1869,1,0.0476,0,0,1,0,0.0847,79,0
E005488,S1205,1,0.1043,0,0,1,0,0.1176,83,0
E005489,S1139,1,0.2115,0,0,1,0,0.0967,83,0
E005490,S0756,1,0.092,0,0,1,0,0.1149,80,0
E005491,S0641,0,0.3938,3,1,0,0,0.6409,10,1
E005492,S0047,0,0.5616,2,1,0,3,0.9043,30,0
E005493,S3379,1,0.062,0,0,1,0,0.1244,77,0
E005494,S2374,1,0.2075,0,0,1,0,0.186,78,0
E005495,S1868,1,0.0682,0,0,1,0,0.2971,76,0
E005496,S1998,1,0.0614,0,0,1,0,0.6673,59,0
E005497,S3990,0,0.9102,2,1,0,1,0.373,24,1
E005498,S4114,1,0.0446,0,0,1,0,0.0369,83,0
E005499,S3508,1,0.1147,0,0,1,0,0.0517,79,0
E005500,S0068,0,0.1874,1,0,1,0,0.1217,87,0
E005501,S4163,1,0.0928,0,0,1,0,0.0883,78,0
E005502,S4049,1,0.0709,0,0,1,1,0.0356,97,0
E005503,S1328,1,0.0668,0,0,1,0,0.5666,73,0
E005504,S0687,1,0.2053,0,0,1,0,0.6901,75,0
E005505,S3417,1,0.0482,0,0,1,0,0.1113,67,0
E005506,S0829,1,0.0489,0,0,1,0,0.1296,80,0
E005507,S2543,0,0.5054,0,0,1,1,0.6026,64,0
E005508,S0011,0,0.8155,2,1,0,1,0.8152,25,1
E005509,S0846,0,0.4927,1,0,1,1,0.3644,70,0
E005510,S2006,0,0.5943,1,1,0,0,0.6835,21,1
E005511,S3726,0,0.512,1,1,0,0,0.7536,32,1
E005512,S0220,1,0.4129,1,0,0,6,0.0912,30,1
E005513,S3231,0,0.7608,3,0,1,0,0.7524,41,1
E005514,S0719,1,0.0621,0,0,1,0,0.0136,70,0
E005515,S0145,0,0.3839,0,0,1,2,0.0903,53,1
E005516,S1129,0,0.7639,3,1,1,2,0.7252,39,1
E005517,S2836,1,0.1097,0,0,1,0,0.2639,75,0
E005518,S3378,1,0.1851,0,0,1,0,0.0562,77,0
E005519,S1942,1,0.0836,0,0,1,0,0.1161,69,0
E005520,S4122,1,0.0418,0,0,1,0,0.0414,74,0
E005521,S3277,1,0.0573,1,0,1,0,0.0382,82,0
E005522,S0635,1,0.1019,0,0,1,0,0.1477,66,0
E005523,S0262,0,0.2424,0,0,1,6,0.3482,42,1
E005524,S0156,1,0.1759,0,0,1,0,0.0948,77,0
E005525,S0103,1,0.0973,1,0,1,0,0.0011,100,0
E005526,S3490,0,0.0637,0,0,1,0,0.1695,79,0
E005527,S1406,0,0.2327,0,1,1,0,0.3705,42,0
E005528,S0279,0,0.0477,0,0,1,0,0.0345,81,0
E005529,S3530,1,0.0037,0,0,1,0,0.0665,85,0
E005530,S0366,0,0.5476,0,1,1,0,0.4737,55,0
E005531,S2892,0,0.504,4,0,0,0,0.4706,50,1
E005532,S0179,1,0.572,0,0,1,3,0.2845,43,1
E005533,S0077,1,0.0716,0,1,1,0,0.1254,57,0
E005534,S2623,0,0.3307,3,1,0,1,0.6258,19,1
E005535,S0787,0,0.1882,0,1,1,0,0.25,38,0
E005536,S3980,0,0.5209,5,0,1,0,0.8937,55,1
E005537,S3123,1,0.0376,0,0,1,1,0.0901,88,0
E005538,S2480,1,0.0521,0,0,1,0,0.0932,82,0
E005539,S0076,1,0.0332,0,0,1,0,0.0481,84,0
E005540,S2703,1,0.3384,2,0,0,0,0.2393,49,0
E005541,S0105,0,0.6852,6,1,0,1,0.8084,49,1
E005542,S0115,1,0.0069,0,0,1,0,0.051,94,0
E005543,S3899,0,0.33,2,1,0,2,0.4046,75,0
E005544,S1296,0,0.2988,0,0,1,0,0.1111,73,0
E005545,S2313,1,0.1039,0,0,1,0,0.0566,78,0
E005546,S2470,0,0.3875,0,0,0,0,0.1607,47,0
E005547,S1165,0,0.1001,0,0,1,0,0.7511,71,0
E005548,S2068,1,0.0279,0,0,1,0,0.2163,80,0
E005549,S2210,0,0.3535,0,1,1,0,0.6659,30,1
E005550,S0593,1,0.0774,0,1,1,0,0.1856,77,0
E005551,S1081,1,0.0972,1,0,1,0,0.0225,100,0
E005552,S0699,1,0.0679,1,1,1,0,0.0827,42,0
E005553,S3860,1,0.1191,0,1,1,0,0.0905,82,0
E005554,S1754,0,0.0585,0,1,1,0,0.0559,63,0
E005555,S0510,1,0.0183,0,0,1,0,0.0219,81,0
E005556,S2350,1,0.0934,0,0,1,0,0.1327,69,0
E005557,S3092,1,0.072,0,0,1,0,0.0192,72,0
E005558,S0570,1,0.0715,1,0,1,1,0.0692,70,0
E005559,S1148,1,0.2213,0,0,1,0,0.0604,62,0
E005560,S0869,1,0.0797,1,0,1,0,0.1655,72,0
E005561,S1384,0,0.6499,1,1,1,0,0.3975,26,1
E005562,S4045,1,0.0582,1,1,1,0,0.1079,70,0
E005563,S0228,0,0.4574,1,1,0,0,0.256,32,1
E005564,S0626,1,0.2213,0,1,1,0,0.1046,59,0
E005565,S0078,1,0.5672,0,1,1,3,0.2593,37,0
E005566,S0111,1,0.2916,0,0,0,4,0.2625,57,1
E005567,S1568,1,0.0446,0,0,1,0,0.125,84,0
E005568,S0063,0,0.8628,0,1,1,0,0.3372,16,0
E005569,S4151,1,0.0707,0,0,1,0,0.0727,71,0
E005570,S0010,1,0.1608,0,0,1,0,0.0493,91,0
E005571,S2525,1,0.1658,0,1,1,0,0.2331,84,1
E005572,S2604,1,0.049,0,0,1,0,0.1644,74,0
E005573,S2690,1,0.0757,0,0,1,0,0.0479,78,0
E005574,S3369,1,0.0615,0,1,1,0,0.0835,89,0
E005575,S1346,0,0.3257,0,0,1,0,0.4643,69,1
E005576,S0695,0,0.6342,1,1,1,0,0.2711,29,1
E005577,S0740,0,0.0237,0,0,1,1,0.2091,70,0
E005578,S1371,0,0.1688,0,0,1,0,0.1588,66,0
E005579,S1370,1,0.2186,0,0,1,1,0.0908,62,0
E005580,S2839,0,0.0593,0,0,0,0,0.1138,66,0
E005581,S0099,1,0.352,1,1,1,2,0.2269,53,0
E005582,S0468,0,0.4406,0,1,0,0,0.2321,58,1
E005583,S0119,0,0.3217,0,0,1,1,0.4816,59,0
E005584,S0044,1,0.3432,0,1,1,6,0.2135,44,1
E005585,S3034,1,0.1382,0,0,1,0,0.0828,80,0
E005586,S3469,1,0.0971,0,0,1,0,0.0275,89,0
E005587,S2084,0,0.0763,0,0,1,0,0.1693,84,0
E005588,S0074,0,0.5894,3,1,1,3,0.6935,43,1
E005589,S2570,1,0.1012,0,0,1,0,0.0742,72,0
E005590,S0849,1,0.4748,0,1,1,1,0.6292,42,1
E005591,S1237,0,0.3684,3,0,1,1,0.4563,59,1
E005592,S2821,1,0.0823,0,0,1,0,0.0209,81,0
E005593,S0031,1,0.0794,0,0,1,0,0.135,92,0
E005594,S2670,1,0.0609,0,0,1,0,0.0189,73,0
E005595,S2525,1,0.0173,0,0,1,0,0.1806,81,0
E005596,S3532,0,0.7033,1,1,0,1,0.3803,35,1
E005597,S0284,0,0.6278,5,1,0,1,0.8394,22,0
E005598,S1842,1,0.324,0,0,1,0,0.0786,79,0
E005599,S1912,1,0.0744,0,0,1,0,0.148,77,0
E005600,S2202,0,0.3545,5,1,1,0,0.7285,31,1
E005601,S2015,0,0.1162,0,0,1,0,0.1419,84,0
E005602,S1119,0,0.4704,1,0,0,3,0.7759,47,1
E005603,S2721,0,0.1493,0,0,1,0,0.0129,83,0
E005604,S0290,1,0.4548,1,0,1,2,0.3282,68,1
E005605,S0258,0,0.3742,2,1,1,0,0.411,49,0
E005606,S4110,1,0.1797,0,0,1,0,0.0799,85,0
E005607,S1442,1,0.143,0,0,1,0,0.0641,66,0
E005608,S1382,1,0.085,0,0,1,0,0.5496,94,0
E005609,S0134,0,0.589,3,0,0,5,0.7911,19,1
E005610,S0427,1,0.6537,0,0,1,2,0.4843,59,0
E005611,S2512,0,0.027,0,0,1,0,0.203,76,0
E005612,S1872,1,0.0405,0,0,1,0,0.2474,59,0
E005613,S3562,1,0.0441,0,0,1,0,0.0767,74,0
E005614,S0029,1,0.0278,0,0,1,0,0.1541,89,0
E005615,S1658,0,0.8706,1,0,1,1,0.5293,39,1
E005616,S2994,0,0.4634,2,1,1,1,0.7666,58,1
E005617,S1511,1,0.0998,0,0,1,0,0.0247,85,0
E005618,S2597,1,0.0573,1,0,1,0,0.0844,92,0
E005619,S3744,0,0.0586,0,0,1,0,0.6355,93,0
E005620,S1139,1,0.0334,0,0,1,0,0.0735,82,0
E005621,S3719,1,0.0349,0,0,1,0,0.0919,90,0
E005622,S3223,0,0.75,1,1,1,0,0.7365,47,1
E005623,S1016,1,0.1275,0,0,1,0,0.1332,89,0
E005624,S3126,0,0.6166,0,1,1,2,0.86,28,1
E005625,S3305,0,0.0146,0,0,1,0,0.0833,58,0
E005626,S2013,1,0.2004,0,1,1,0,0.7181,71,0
E005627,S0255,0,0.329,0,0,0,2,0.4804,44,1
E005628,S2070,1,0.1561,0,0,1,0,0.0267,96,0
E005629,S0594,0,0.3316,0,0,1,0,0.2952,75,0
E005630,S2634,0,0.3304,1,0,1,1,0.2087,75,0
E005631,S0728,0,0.0824,1,0,1,0,0.0372,95,0
E005632,S3942,1,0.0795,0,0,1,0,0.1484,65,0
E005633,S2236,0,0.1894,0,0,1,0,0.1596,69,0
E005634,S0370,1,0.2064,0,0,1,0,0.0283,82,0
E005635,S0056,0,0.4266,1,0,1,1,0.4775,64,1
E005636,S3527,1,0.1025,0,0,1,1,0.0361,75,0
E005637,S3484,1,0.0834,0,0,1,0,0.0173,84,0
E005638,S1304,1,0.3034,0,0,1,0,0.3473,54,0
E005639,S0065,0,0.6348,0,1,0,3,0.2184,43,1
E005640,S0220,0,0.8186,3,1,1,2,0.3457,21,1
E005641,S1283,1,0.0264,0,0,1,0,0.0687,58,0
E005642,S1783,1,0.2184,0,0,1,0,0.1152,81,0
E005643,S1425,1,0.0594,0,0,1,0,0.624,98,0
E005644,S0002,0,0.0802,0,0,0,0,0.2917,76,0
E005645,S0823,0,0.1316,1,0,1,0,0.18,76,0
E005646,S1516,1,0.1385,0,0,1,0,0.0334,75,0
E005647,S3700,1,0.0291,0,0,1,0,0.2327,75,0
E005648,S3968,1,0.0361,0,0,1,0,0.0374,80,0
E005649,S2674,1,0.1161,1,1,1,0,0.188,62,0
E005650,S0993,1,0.1917,0,1,1,0,0.1819,80,0
E005651,S2919,0,0.179,0,1,1,0,0.1846,65,0
E005652,S3077,0,0.0591,0,0,1,0,0.1914,86,0
E005653,S0430,0,0.0023,0,0,1,0,0.14,58,0
E005654,S0095,1,0.107,0,0,1,0,0.0882,78,0
E005655,S2088,1,0.0384,0,1,1,0,0.1495,66,1
E005656,S0985,1,0.1081,1,1,1,0,0.1908,60,0
E005657,S2708,1,0.2111,0,0,0,0,0.0529,100,0
E005658,S2096,0,0.0198,0,0,1,0,0.1145,57,0
E005659,S0022,0,0.5071,2,1,0,4,0.8035,24,1
E005660,S2048,1,0.1974,0,0,1,0,0.0306,74,0
E005661,S2041,0,0.0715,0,0,1,0,0.199,70,0
E005662,S4200,0,0.3885,1,0,0,1,0.4607,62,1
E005663,S3395,0,0.0716,0,0,1,0,0.064,67,1
E005664,S2829,1,0.0298,0,0,1,0,0.0772,83,1
E005665,S0224,0,0.9528,2,1,1,3,0.5012,22,1
E005666,S2427,0,0.0258,0,0,1,0,0.0896,83,0
E005667,S1197,0,0.4997,4,1,1,0,0.5709,44,1
E005668,S2994,1,0.0824,0,0,1,0,0.1779,92,0
E005669,S0747,0,0.0939,0,1,1,0,0.1356,83,0
E005670,S4131,1,0.1219,1,0,1,0,0.4597,60,0
E005671,S0670,1,0.0363,1,0,1,0,0.1173,97,0
E005672,S1754,0,0.0436,0,1,1,0,0.0219,85,0
E005673,S1826,0,0.0688,0,0,1,1,0.0791,69,0
E005674,S3040,1,0.0771,0,0,1,0,0.1188,73,0
E005675,S2105,0,0.626,0,1,1,1,0.5808,53,1
E005676,S2164,1,0.2073,0,1,1,0,0.063,51,0
E005677,S2714,1,0.0184,0,0,1,0,0.1289,86,0
E005678,S2696,1,0.0449,0,1,1,0,0.1516,75,0
E005679,S2927,1,0.0683,0,1,1,0,0.2869,67,0
E005680,S1017,0,0.07,0,1,1,1,0.3044,73,0
E005681,S0221,1,0.4808,0,0,1,5,0.1031,35,1
E005682,S3400,1,0.0549,0,0,1,0,0.202,82,0
E005683,S2497,1,0.1782,0,0,1,0,0.0478,79,0
E005684,S1969,1,0.0305,2,1,1,0,0.1061,94,0
E005685,S0104,1,0.0839,0,0,1,0,0.4577,59,0
E005686,S2101,1,0.179,0,0,1,0,0.0886,67,0
E005687,S1104,1,0.1105,0,0,1,0,0.0524,100,0
E005688,S3559,0,0.0361,0,1,1,0,0.0527,51,0
E005689,S1080,0,0.2434,0,1,1,1,0.2877,75,0
E005690,S0274,1,0.2709,1,0,0,6,0.2072,53,1
E005691,S3691,0,0.8086,0,1,1,0,0.6415,23,1
E005692,S2629,1,0.0927,0,0,0,0,0.1129,100,0
E005693,S0229,1,0.0752,1,0,1,0,0.043,69,0
E005694,S0281,0,0.0449,0,0,1,0,0.1996,73,0
E005695,S0785,0,0.0527,0,0,1,0,0.0351,83,0
E005696,S0132,0,0.3042,0,0,0,0,0.2108,20,1
E005697,S0739,1,0.0962,0,0,1,1,0.5479,62,0
E005698,S0479,0,0.3552,1,0,0,2,0.282,63,0
E005699,S1504,1,0.121,0,0,1,0,0.0585,69,0
E005700,S3006,0,0.3043,0,0,1,0,0.7876,100,1
E005701,S3863,1,0.0643,0,0,1,0,0.0657,86,0
E005702,S1460,1,0.0855,0,0,1,0,0.0446,85,0
E005703,S2930,1,0.0612,0,0,1,1,0.0088,70,0
E005704,S4174,0,0.0586,0,0,1,0,0.0955,77,0
E005705,S0055,0,0.5786,0,0,1,4,0.5226,48,1
E005706,S0248,1,0.2339,0,0,1,0,0.2984,84,0
E005707,S0856,1,0.1833,1,0,1,1,0.458,67,0
E005708,S0031,1,0.1183,0,0,1,0,0.1767,91,0
E005709,S0793,0,0.6349,1,0,1,0,0.7611,35,1
E005710,S3426,1,0.0785,0,0,1,0,0.1267,66,0
E005711,S0040,0,0.7066,5,0,1,1,0.7176,27,1
E005712,S2165,0,0.677,2,1,0,0,0.3907,24,1
E005713,S0674,1,0.0703,0,0,1,0,0.4453,79,0
E005714,S3100,1,0.1501,0,1,1,0,0.1818,54,0
E005715,S0198,0,0.6281,1,0,0,0,0.6827,39,1
E005716,S3421,0,0.386,0,1,1,0,0.0425,59,0
E005717,S3248,1,0.0892,0,1,1,0,0.0976,92,0
E005718,S3220,1,0.1309,0,0,1,0,0.0702,80,0
E005719,S0459,1,0.0488,0,1,1,0,0.4326,68,0
E005720,S0064,0,0.79,6,0,0,6,0.8127,22,1
E005721,S2461,1,0.058,0,0,0,0,0.0832,85,0
E005722,S1442,1,0.0433,0,0,1,0,0.3336,72,0
E005723,S3540,1,0.1504,0,1,1,0,0.1873,51,0
E005724,S2589,1,0.1005,0,0,1,0,0.043,58,0
E005725,S0478,1,0.0963,0,0,1,0,0.0525,80,0
E005726,S2084,0,0.0974,0,0,1,0,0.1207,71,0
E005727,S0859,0,0.0742,0,1,1,0,0.1146,64,0
E005728,S4096,1,0.166,1,0,1,0,0.0251,81,0
E005729,S3854,1,0.372,0,1,1,1,0.0291,33,0
E005730,S0631,0,0.5695,1,0,1,0,0.7628,34,1
E005731,S0602,1,0.0758,0,0,1,0,0.1039,80,0
E005732,S1040,1,0.2488,2,0,1,1,0.8454,49,0
E005733,S1870,1,0.3997,2,0,1,1,0.4742,96,1
E005734,S0154,1,0.5127,1,0,1,3,0.5704,67,1
E005735,S3127,1,0.129,0,0,1,0,0.3144,58,1
E005736,S0757,1,0.057,0,0,1,1,0.0421,88,0
E005737,S1196,1,0.1848,0,0,1,0,0.1605,84,0
E005738,S2856,0,0.1141,0,0,1,0,0.4979,77,1
E005739,S3457,0,0.1131,0,0,1,0,0.2489,74,0
E005740,S0194,1,0.1263,0,0,1,1,0.1476,100,0
E005741,S2515,1,0.0449,1,0,1,0,0.0506,91,0
E005742,S2437,1,0.1123,0,0,1,0,0.0408,65,0
E005743,S0663,1,0.0633,0,1,1,1,0.1319,67,0
E005744,S0050,0,0.8007,2,1,0,5,0.7402,34,1
E005745,S0023,0,0.7917,5,1,1,3,0.6602,44,1
E005746,S1039,1,0.1652,0,0,1,0,0.1867,74,0
E005747,S0040,0,0.76,0,0,1,5,0.4707,44,1
E005748,S0037,1,0.2285,0,1,1,5,0.3718,50,1
E005749,S0004,1,0.2795,1,0,1,1,0.2043,32,1
E005750,S1507,0,0.0764,0,0,1,0,0.0433,71,0
E005751,S0199,0,0.6633,0,1,0,5,0.7602,21,1
E005752,S0631,1,0.047,0,0,1,0,0.0801,85,0
E005753,S1079,1,0.1026,1,1,1,0,0.1327,85,0
E005754,S1374,1,0.0872,0,1,1,0,0.2825,92,0
E005755,S0373,1,0.1504,0,0,1,0,0.0851,77,0
E005756,S4137,0,0.114,1,0,1,0,0.1098,65,0
E005757,S0994,1,0.0526,0,0,1,0,0.0215,76,0
E005758,S2249,1,0.0397,0,1,1,0,0.0443,85,0
E005759,S0208,1,0.3732,1,0,1,1,0.2015,49,1
E005760,S0844,1,0.1402,0,0,1,0,0.3541,69,0
E005761,S0128,1,0.0384,0,0,1,0,0.0254,68,0
E005762,S0185,0,0.1783,3,1,1,0,0.4265,41,1
E005763,S0135,0,0.3697,1,0,0,2,0.6099,68,1
E005764,S1753,1,0.1024,0,0,1,0,0.0279,91,0
E005765,S0118,0,0.2232,0,1,1,0,0.0982,65,0
E005766,S0256,0,0.8621,3,1,0,3,0.6533,23,1
E005767,S0356,1,0.0716,0,0,1,0,0.4314,94,0
E005768,S0816,1,0.2606,0,0,1,0,0.7851,16,0
E005769,S4081,1,0.0827,0,0,1,0,0.1313,66,0
E005770,S1084,1,0.1755,0,1,1,0,0.2914,62,0
E005771,S0572,1,0.1114,0,0,1,0,0.1156,82,0
E005772,S1934,1,0.0246,0,0,1,0,0.3884,93,0
E005773,S4170,0,0.6133,2,0,1,0,0.3816,28,0
E005774,S0129,1,0.3622,1,0,1,3,0.3176,43,1
E005775,S0223,1,0.3263,1,0,1,7,0.4297,41,1
E005776,S2697,1,0.1248,0,0,1,0,0.1265,81,0
E005777,S0193,0,0.3966,2,0,1,3,0.407,47,1
E005778,S2542,1,0.1519,0,0,1,0,0.1095,83,0
E005779,S0013,0,0.3211,0,0,1,5,0.4075,61,1
E005780,S1951,0,0.2101,0,0,1,0,0.0599,46,0
E005781,S0915,1,0.041,0,0,1,1,0.0095,69,0
E005782,S0663,0,0.0868,0,0,0,1,0.2227,76,0
E005783,S0060,0,0.6181,2,1,0,5,0.8697,26,1
E005784,S1660,1,0.2286,0,0,1,0,0.0879,84,0
E005785,S0404,1,0.0804,0,0,1,0,0.0002,71,0
E005786,S3949,1,0.0165,0,0,1,0,0.0178,38,0
E005787,S2951,1,0.0217,0,1,1,0,0.1541,85,0
E005788,S0383,1,0.1364,0,1,1,0,0.0632,77,0
E005789,S4136,1,0.3463,0,0,1,1,0.6798,63,0
E005790,S2255,1,0.0504,0,0,1,0,0.1651,76,0
E005791,S3563,1,0.0218,0,1,1,0,0.2769,82,0
E005792,S2573,1,0.0513,1,1,1,1,0.108,69,1
E005793,S3141,1,0.0587,0,0,1,0,0.1681,68,0
E005794,S1847,1,0.0579,0,0,1,0,0.1202,77,0
E005795,S0586,0,0.1442,0,0,1,0,0.074,40,0
E005796,S2058,1,0.2043,0,1,1,1,0.0595,69,0
E005797,S1830,0,0.0228,0,0,1,0,0.1665,61,0
E005798,S3446,0,0.3936,1,1,1,0,0.0199,64,0
E005799,S3382,1,0.2761,0,0,1,0,0.1771,89,0
E005800,S1724,1,0.0585,0,1,0,0,0.0293,59,0
E005801,S1946,1,0.1937,0,0,1,0,0.2896,73,0
E005802,S0219,1,0.085,0,0,1,0,0.0858,84,0
E005803,S0238,0,0.842,4,0,0,4,0.7891,6,1
E005804,S3280,1,0.0613,0,0,1,0,0.6213,80,0
E005805,S2360,1,0.2124,0,0,1,1,0.1246,92,0
E005806,S0220,0,0.1906,1,0,1,0,0.584,75,0
E005807,S2377,1,0.0902,0,0,1,0,0.051,92,0
E005808,S2096,0,0.6427,1,0,0,0,0.724,51,0
E005809,S1144,0,0.527,2,0,1,1,0.6646,22,1
E005810,S0240,0,0.371,5,1,0,2,0.7497,22,1
E005811,S3970,1,0.1851,0,0,1,0,0.1984,76,0
E005812,S0078,1,0.0873,0,0,1,0,0.083,63,0
E005813,S3403,1,0.044,1,0,1,0,0.2714,70,0
E005814,S0580,0,0.1999,1,0,1,0,0.096,61,0
E005815,S2779,1,0.0442,0,0,1,0,0.0405,100,0
E005816,S1048,1,0.1514,1,1,1,0,0.0925,81,0
E005817,S3486,1,0.0096,1,1,1,1,0.0503,71,0
E005818,S4194,1,0.095,0,0,0,0,0.1833,66,0
E005819,S3654,0,0.3305,1,0,0,0,0.3295,72,1
E005820,S0653,1,0.067,0,0,1,1,0.3856,69,0
E005821,S4108,1,0.1928,0,0,1,0,0.2581,53,1
E005822,S3761,1,0.1214,0,0,1,0,0.0385,84,0
E005823,S1713,1,0.4201,0,1,1,2,0.1431,53,0
E005824,S3786,1,0.2976,2,1,1,0,0.2299,56,0
E005825,S2463,1,0.3807,1,1,1,0,0.0453,71,0
E005826,S3752,1,0.075,0,1,0,1,0.1559,63,0
E005827,S4039,1,0.1751,0,0,1,0,0.0384,92,0
E005828,S1793,1,0.0834,0,0,1,0,0.6161,78,0
E005829,S3378,0,0.6129,4,1,1,0,0.6391,37,1
E005830,S1243,1,0.2003,0,0,1,0,0.0429,82,0
E005831,S3775,0,0.6625,1,1,1,0,0.4689,36,0
E005832,S2473,1,0.1208,0,0,1,0,0.0877,96,0
E005833,S0439,1,0.381,0,1,1,1,0.4171,67,0
E005834,S3554,0,0.2062,0,0,0,1,0.5658,76,0
E005835,S1867,1,0.7159,1,1,1,2,0.6082,50,1
E005836,S3795,1,0.0726,0,0,1,0,0.4132,66,1
E005837,S0182,0,0.295,0,0,0,4,0.2017,61,1
E005838,S2221,0,0.6871,0,0,1,1,0.4688,40,0
E005839,S1173,0,0.2582,1,1,1,0,0.8097,40,1
E005840,S3026,1,0.1075,1,0,1,1,0.1209,78,0
E005841,S2427,0,0.1146,0,0,1,0,0.0879,63,0
E005842,S3711,1,0.2037,0,0,0,0,0.4039,97,1
E005843,S0068,0,0.7393,3,1,0,1,0.9688,20,1
E005844,S2689,1,0.2608,0,0,1,0,0.1047,89,0
E005845,S1651,0,0.2485,0,0,0,1,0.5286,65,0
E005846,S2117,1,0.1038,0,0,1,0,0.0744,78,0
E005847,S1390,0,0.2379,1,0,1,0,0.7252,96,0
E005848,S0921,1,0.1893,0,0,1,0,0.0245,78,0
E005849,S3385,0,0.1363,0,1,1,1,0.564,63,1
E005850,S3323,1,0.4553,2,0,0,1,0.628,16,0
E005851,S3876,1,0.0581,0,0,1,0,0.0602,72,1
E005852,S4145,0,0.6721,1,0,1,0,0.5757,48,0
E005853,S0754,1,0.1332,0,0,1,0,0.4238,78,0
E005854,S4006,1,0.154,0,0,1,0,0.1184,97,0
E005855,S3762,0,0.6089,2,1,1,2,0.2862,37,1
E005856,S0842,1,0.0736,0,0,1,0,0.518,71,0
E005857,S4162,1,0.0495,0,0,1,0,0.0039,76,0
E005858,S0036,0,0.6792,3,1,0,2,0.5944,30,1
E005859,S0199,0,0.3621,1,0,0,2,0.5003,45,1
E005860,S0143,1,0.302,1,0,1,3,0.2547,28,0
E005861,S2932,1,0.5202,2,1,1,0,0.2679,61,0
E005862,S3662,0,0.5601,0,0,0,1,0.4575,42,0
E005863,S0307,1,0.0671,1,0,1,0,0.1489,89,0
E005864,S3295,0,0.0236,0,0,1,0,0.1052,92,0
E005865,S0107,0,0.8177,5,0,0,6,0.9279,37,1
E005866,S3747,1,0.156,0,0,1,0,0.0415,89,0
E005867,S0239,1,0.1947,1,0,0,2,0.4928,50,1
E005868,S0003,1,0.042,0,0,1,0,0.015,81,0
E005869,S1507,0,0.3031,0,0,1,0,0.0931,81,0
E005870,S1263,0,0.5432,0,0,1,0,0.5503,53,1
E005871,S1708,1,0.0072,1,0,1,0,0.0814,68,0
E005872,S3762,1,0.1978,0,0,1,0,0.109,80,0
E005873,S3305,1,0.175,0,0,1,0,0.0365,79,0
E005874,S1100,1,0.0393,0,0,1,0,0.0645,73,0
E005875,S2793,1,0.2049,1,0,0,0,0.425,78,0
E005876,S1273,0,0.9343,3,0,0,1,0.6495,55,1
E005877,S2972,1,0.1206,0,0,1,0,0.0172,81,0
E005878,S1002,1,0.5751,0,1,1,1,0.496,71,0
E005879,S1019,1,0.3668,0,0,0,0,0.7699,63,0
E005880,S1397,1,0.0212,0,0,1,0,0.0913,84,0
E005881,S0574,0,0.0935,1,0,1,0,0.1007,66,0
E005882,S2904,1,0.1821,1,0,1,0,0.0955,87,0
E005883,S3380,0,0.4324,0,1,1,0,0.1807,69,1
E005884,S3385,0,0.2034,0,1,1,0,0.0424,92,0
E005885,S0594,0,0.4782,1,0,0,0,0.6386,38,1
E005886,S2799,0,0.4963,0,0,1,0,0.4591,70,1
E005887,S0459,1,0.1379,0,0,1,0,0.0206,78,0
E005888,S3270,1,0.067,0,1,1,0,0.1016,72,0
E005889,S0464,1,0.2217,0,0,1,0,0.0104,94,0
E005890,S0734,0,0.1523,0,0,1,0,0.0915,75,0
E005891,S4130,1,0.1833,0,0,1,0,0.0646,78,0
E005892,S2861,1,0.2027,0,0,1,0,0.2602,91,0
E005893,S3321,1,0.3741,0,1,1,0,0.0407,85,0
E005894,S1682,0,0.1453,0,0,1,0,0.1359,63,0
E005895,S2572,1,0.1427,0,0,1,0,0.0146,74,0
E005896,S1061,1,0.0737,0,0,1,1,0.0524,53,0
E005897,S3302,1,0.0802,0,0,1,0,0.7243,60,1
E005898,S3200,1,0.1489,1,0,1,0,0.3731,79,0
E005899,S3566,0,0.2657,0,0,1,0,0.2557,66,1
E005900,S1744,0,0.312,0,0,0,0,0.4694,45,0
E005901,S3258,1,0.0472,0,0,1,0,0.0133,77,0
E005902,S2789,0,0.6928,1,0,1,0,0.8585,38,0
E005903,S0258,1,0.0427,1,1,1,0,0.1141,89,0
E005904,S0088,0,0.6321,4,1,0,3,0.5383,11,0
E005905,S3190,0,0.3326,0,0,1,0,0.2494,56,1
E005906,S3059,1,0.145,0,0,1,0,0.0941,86,0
E005907,S0164,0,0.3184,2,0,1,4,0.3418,20,1
E005908,S2348,1,0.8677,1,1,1,0,0.5571,62,1
E005909,S1675,0,0.154,2,1,1,0,0.0473,60,0
E005910,S1644,1,0.1215,0,0,1,0,0.0896,83,0
E005911,S3383,1,0.09,0,0,1,0,0.0024,71,0
E005912,S0099,1,0.5762,0,0,0,4,0.0549,46,1
E005913,S3561,0,0.1773,3,0,0,0,0.5225,39,0
E005914,S2881,1,0.1451,0,0,1,0,0.2942,64,0
E005915,S0236,0,0.3898,0,0,0,2,0.5142,33,1
E005916,S0045,0,0.818,4,1,0,4,0.6677,21,1
E005917,S1918,1,0.4692,1,0,1,1,0.2681,74,0
E005918,S2777,0,0.3014,0,0,0,0,0.6592,61,0
E005919,S0613,0,0.4119,2,0,0,0,0.5135,57,1
E005920,S3873,1,0.1186,0,0,1,0,0.0057,72,0
E005921,S0222,0,0.4321,4,1,0,2,0.8447,14,1
E005922,S1025,1,0.0097,0,0,1,0,0.8207,76,0
E005923,S2374,1,0.0966,0,0,1,0,0.0111,87,0
E005924,S3299,1,0.559,3,1,0,0,0.783,20,1
E005925,S2005,0,0.1702,1,0,1,0,0.0783,85,0
E005926,S2468,1,0.0628,0,0,1,0,0.0117,53,0
E005927,S1371,0,0.3777,0,1,1,0,0.4266,66,1
E005928,S2612,0,0.4528,0,0,0,0,0.6341,55,0
E005929,S3550,1,0.0942,0,0,1,0,0.5526,82,0
E005930,S1859,0,0.856,4,0,1,1,0.7011,39,1
E005931,S2946,0,0.7739,1,1,1,0,0.8335,56,1
E005932,S2791,0,0.1503,0,0,1,0,0.3697,70,0
E005933,S0498,1,0.0285,0,0,1,0,0.1953,84,0
E005934,S0100,1,0.2503,1,0,1,4,0.5218,21,1
E005935,S1521,0,0.7268,6,1,1,1,0.4577,32,0
E005936,S2311,1,0.0678,0,0,1,0,0.1134,70,0
E005937,S3534,1,0.1543,0,0,1,0,0.041,75,0
E005938,S0965,0,0.5716,1,1,1,1,0.4474,58,0
E005939,S0044,1,0.0636,0,0,1,0,0.082,65,0
E005940,S1426,1,0.1033,0,0,1,0,0.0148,82,0
E005941,S2056,0,0.6901,0,1,1,0,0.5621,62,1
E005942,S2298,1,0.087,0,0,0,0,0.1337,75,0
E005943,S1278,0,0.2903,1,1,1,1,0.6727,29,1
E005944,S1630,1,0.1772,0,0,1,0,0.1061,73,0
E005945,S1461,0,0.6861,3,1,1,2,0.4372,37,1
E005946,S2325,1,0.6009,2,0,1,1,0.2639,53,0
E005947,S1226,1,0.0675,0,0,1,0,0.5788,67,1
E005948,S0113,1,0.4427,0,0,1,6,0.1995,50,1
E005949,S3058,1,0.0896,0,0,1,0,0.128,93,0
E005950,S0075,0,0.6304,5,1,0,5,0.7791,28,1
E005951,S0298,1,0.5237,0,0,0,6,0.4904,44,1
E005952,S0202,1,0.1799,3,0,1,6,0.4202,34,1
E005953,S3939,1,0.0733,0,1,1,0,0.248,71,0
E005954,S1875,0,0.4532,1,0,1,1,0.3682,82,0
E005955,S3653,0,0.6235,0,1,1,0,0.2792,60,1
E005956,S2420,1,0.0637,0,0,1,0,0.142,80,0
E005957,S0553,1,0.1074,0,1,1,0,0.1154,57,0
E005958,S3158,0,0.1425,0,0,1,0,0.0482,53,0
E005959,S0240,1,0.0197,0,0,1,0,0.0165,69,0
E005960,S4173,0,0.0669,0,0,1,0,0.4553,80,0
E005961,S3682,1,0.0734,0,0,1,0,0.2521,61,0
E005962,S1559,1,0.0565,0,0,1,0,0.0939,71,0
E005963,S2185,0,0.1584,0,0,1,0,0.0871,75,0
E005964,S3995,1,0.1446,0,0,1,0,0.6029,77,0
E005965,S1511,1,0.1075,0,0,1,0,0.0715,75,0
E005966,S4052,1,0.0939,0,0,1,0,0.038,100,0
E005967,S3461,0,0.664,1,0,0,1,0.7116,7,1
E005968,S0231,1,0.485,2,0,1,5,0.5527,34,1
E005969,S3299,1,0.085,0,1,1,0,0.0763,80,0
E005970,S3492,1,0.0568,0,0,1,0,0.0938,76,0
E005971,S2738,0,0.3392,0,0,1,0,0.042,70,0
E005972,S1459,1,0.1249,0,0,1,0,0.0985,69,0
E005973,S3121,1,0.1156,0,0,1,0,0.1373,80,0
E005974,S1826,1,0.1445,0,1,1,1,0.1082,56,0
E005975,S2617,0,0.0754,0,0,1,0,0.0553,56,0
E005976,S1032,1,0.1958,0,0,1,0,0.1027,69,0
E005977,S0211,1,0.0616,0,0,1,0,0.0087,100,0
E005978,S4068,1,0.0293,0,1,1,0,0.1034,74,0
E005979,S2463,1,0.5648,1,0,0,1,0.6655,47,0
E005980,S1908,0,0.3169,0,0,1,0,0.3751,71,1
E005981,S2337,0,0.7184,0,0,1,1,0.9127,38,1
E005982,S3561,1,0.0923,0,0,1,0,0.1489,82,0
E005983,S3155,1,0.3752,1,0,1,0,0.4164,29,0
E005984,S1001,0,0.0222,0,1,1,0,0.1732,87,0
E005985,S3761,0,0.0901,0,0,1,0,0.1185,81,0
E005986,S1497,1,0.1673,0,0,1,0,0.1049,79,0
E005987,S0732,0,0.5492,2,0,0,3,0.3536,42,1
E005988,S2212,1,0.0131,0,0,1,0,0.7713,63,0
E005989,S4015,1,0.0825,1,0,0,0,0.076,87,0
E005990,S3514,0,0.0153,1,0,1,0,0.1185,86,0
E005991,S0900,1,0.0469,0,0,1,0,0.2601,54,0
E005992,S2914,1,0.0612,2,0,1,0,0.0955,87,0
E005993,S3515,1,0.0033,0,0,1,0,0.0245,89,0
E005994,S2909,1,0.093,0,0,1,0,0.7113,79,0
E005995,S3698,1,0.1001,0,1,1,0,0.1106,79,0
E005996,S0756,1,0.0126,0,0,1,0,0.0374,75,0
E005997,S1103,0,0.607,1,0,1,1,0.7186,65,0
E005998,S1322,1,0.5219,1,0,0,0,0.5477,11,0
E005999,S0606,1,0.1273,0,1,1,0,0.1125,94,0
E006000,S1686,0,0.0263,0,0,0,0,0.3551,85,1
E006001,S0785,0,0.1839,0,0,1,0,0.2138,60,0
E006002,S2936,1,0.0658,0,0,1,0,0.5966,97,0
E006003,S2538,1,0.0898,0,0,1,0,0.1758,86,0
E006004,S3272,1,0.0591,0,0,1,0,0.3986,89,0
E006005,S1811,1,0.1256,0,0,1,0,0.3159,72,0
E006006,S0233,0,0.3725,0,0,0,1,0.4409,35,0
E006007,S3861,1,0.0737,0,0,1,0,0.1679,71,0
E006008,S2435,0,0.0207,0,0,1,0,0.0374,73,0
E006009,S2449,1,0.047,0,0,1,0,0.1001,90,0
E006010,S0047,0,0.6775,3,1,0,3,0.8518,21,1
E006011,S0696,0,0.4981,0,1,1,1,0.5599,89,0
E006012,S3461,1,0.008,0,1,1,0,0.0207,48,0
E006013,S2748,1,0.0738,0,0,1,0,0.1108,86,0
E006014,S4004,0,0.0504,0,0,1,0,0.1263,61,0
E006015,S3504,1,0.0421,0,0,1,0,0.5283,63,0
E006016,S2885,1,0.1673,0,0,1,0,0.4598,97,0
E006017,S0444,1,0.2286,0,0,1,0,0.0899,85,0
E006018,S1326,1,0.2333,0,0,0,0,0.7377,84,1
E006019,S0830,0,0.6841,1,1,0,1,0.5304,37,0
E006020,S1895,0,0.0724,0,1,1,0,0.1914,82,0
E006021,S2272,1,0.0565,0,0,1,0,0.0238,79,0
E006022,S3593,1,0.086,0,0,1,0,0.0417,79,0
E006023,S3473,0,0.043,0,0,1,0,0.1426,72,0
E006024,S1246,1,0.0254,0,0,1,0,0.0142,81,0
E006025,S0917,1,0.0581,0,0,1,0,0.1352,60,0
E006026,S2051,0,0.8415,2,1,1,0,0.6458,53,1
E006027,S4142,1,0.0723,0,1,1,0,0.0583,80,0
E006028,S0098,1,0.4233,1,0,1,4,0.6277,54,1
E006029,S1028,0,0.5376,0,1,0,0,0.4873,29,1
E006030,S0881,1,0.0389,0,0,1,0,0.6172,86,0
E006031,S0100,1,0.0999,0,0,1,0,0.051,77,0
E006032,S0005,1,0.404,1,0,0,1,0.6557,57,0
E006033,S1035,1,0.0821,0,0,1,0,0.1226,87,0
E006034,S1429,1,0.0701,0,1,1,0,0.0751,63,0
E006035,S4037,0,0.5178,1,1,0,0,0.8933,47,1
E006036,S3290,0,0.2047,0,0,1,0,0.454,56,1
E006037,S0103,0,0.364,1,0,1,5,0.2771,58,1
E006038,S2888,1,0.1032,0,0,1,0,0.0644,72,0
E006039,S3576,1,0.13,0,1,1,0,0.12,84,0
E006040,S2943,0,0.7945,2,0,1,0,0.5111,41,1
E006041,S3096,0,0.1065,1,0,1,0,0.2691,78,0
E006042,S0186,0,0.4425,1,0,1,0,0.7401,57,0
E006043,S3763,0,0.567,2,0,1,1,0.6576,53,1
E006044,S0036,0,0.757,1,1,0,3,0.3596,28,1
E006045,S3342,1,0.0929,0,0,1,0,0.0853,75,1
E006046,S2097,0,0.0729,0,0,1,2,0.1011,78,0
E006047,S1221,1,0.1156,1,1,1,0,0.1651,69,0
E006048,S0172,0,0.2357,0,0,1,1,0.4008,65,0
E006049,S1025,1,0.5201,1,1,1,0,0.8035,33,1
E006050,S2762,1,0.1614,0,0,1,0,0.1636,74,0
E006051,S0696,1,0.126,0,0,1,0,0.0527,77,0
E006052,S1379,1,0.191,0,0,1,0,0.1116,92,0
E006053,S1922,1,0.0533,0,0,1,0,0.1078,64,0
E006054,S2175,1,0.1121,0,0,1,0,0.0156,80,0
E006055,S1979,0,0.7268,0,1,0,0,0.7242,42,1
E006056,S0275,1,0.1065,0,1,1,0,0.0674,60,0
E006057,S0042,1,0.1123,0,0,1,0,0.038,88,0
E006058,S2725,1,0.0876,0,0,1,0,0.2472,80,0
E006059,S2776,1,0.2825,0,0,0,1,0.122,50,1
E006060,S2312,1,0.0715,1,0,1,1,0.1116,96,0
E006061,S2308,0,0.2358,0,0,1,1,0.6883,38,1
E006062,S3511,1,0.0622,0,0,1,0,0.0675,91,0
E006063,S0162,1,0.0341,0,0,1,0,0.1226,90,0
E006064,S1095,1,0.2325,0,0,1,0,0.0443,83,0
E006065,S3550,0,0.5848,2,1,1,0,0.6488,20,1
E006066,S1197,1,0.0402,0,0,1,0,0.1364,85,0
E006067,S4002,0,0.3543,0,0,0,0,0.7354,51,1
E006068,S3761,1,0.0458,0,0,0,0,0.0687,75,0
E006069,S3873,1,0.0955,0,0,1,0,0.1555,82,0
E006070,S0568,1,0.2101,0,0,1,0,0.783,68,0
E006071,S4005,0,0.3462,3,0,0,0,0.4527,36,1
E006072,S0721,0,0.4378,1,1,0,1,0.2876,43,1
E006073,S4124,1,0.104,0,0,1,0,0.085,80,0
E006074,S0280,0,0.3159,0,0,1,5,0.4714,49,1
E006075,S0111,1,0.5844,2,0,1,5,0.4222,62,0
E006076,S0534,1,0.1214,0,0,1,0,0.2522,83,0
E006077,S0353,1,0.0758,1,1,1,0,0.1403,82,0
E006078,S0013,0,0.7066,1,1,0,1,0.5926,31,1
E006079,S3503,1,0.295,1,1,1,1,0.5627,62,0
E006080,S1738,1,0.0316,0,0,1,0,0.0233,80,0
E006081,S3381,1,0.1157,0,0,1,0,0.0236,81,0
E006082,S2080,1,0.1001,0,0,1,0,0.6014,71,0
E006083,S3937,0,0.3596,0,1,1,2,0.291,45,0
E006084,S0958,0,0.4081,1,0,1,1,0.5545,40,0
E006085,S3324,1,0.1552,0,0,1,0,0.0891,78,0
E006086,S0182,1,0.0967,0,0,1,0,0.1123,81,0
E006087,S1894,0,0.6078,1,1,1,0,0.6642,37,1
E006088,S0907,1,0.0902,0,0,1,0,0.0045,79,0
E006089,S0119,1,0.3966,1,0,1,2,0.4689,48,1
E006090,S1533,1,0.058,0,0,1,0,0.0307,51,0
E006091,S0055,0,0.6241,3,1,0,4,0.5064,14,1
E006092,S3184,1,0.055,0,0,1,0,0.0218,78,0
E006093,S1065,1,0.4578,8,1,1,0,0.4222,33,1
E006094,S0496,0,0.6424,1,0,1,0,0.5261,36,1
E006095,S0212,1,0.0765,0,1,0,2,0.5814,43,1
E006096,S0166,0,0.5175,1,0,1,4,0.3043,18,0
E006097,S2955,0,0.5627,4,0,1,0,0.5181,16,1
E006098,S3903,0,0.4249,0,0,1,0,0.6177,47,1
E006099,S2950,1,0.0373,1,0,1,0,0.16,75,0
E006100,S1061,0,0.5565,1,0,1,1,0.3642,86,1
E006101,S3074,1,0.0403,0,0,1,0,0.0839,80,0
E006102,S2940,1,0.0208,0,0,1,0,0.119,83,0
E006103,S0692,1,0.0517,0,0,1,0,0.2942,71,0
E006104,S1892,0,0.0849,1,0,1,0,0.0601,61,0
E006105,S3618,1,0.1048,0,0,1,0,0.1074,66,0
E006106,S1648,1,0.0676,1,1,1,0,0.0778,55,0
E006107,S0571,0,0.1662,0,0,1,0,0.0903,34,0
E006108,S2061,1,0.0631,0,0,1,0,0.6717,78,0
E006109,S3157,1,0.0527,0,0,1,0,0.1223,94,0
E006110,S0353,0,0.6116,0,0,1,0,0.6014,36,1
E006111,S1872,1,0.0434,0,0,1,0,0.0666,73,0
E006112,S4023,1,0.0385,0,1,1,0,0.1929,62,0
E006113,S2218,0,0.5787,0,1,1,0,0.5023,29,1
E006114,S0220,1,0.4874,0,1,0,2,0.4688,32,1
E006115,S3264,0,0.3114,0,0,1,0,0.4395,77,0
E006116,S1835,1,0.1537,1,0,1,0,0.1758,80,0
E006117,S0147,1,0.0504,0,0,1,0,0.019,85,0
E006118,S0129,0,0.5396,0,0,0,0,0.4437,56,1
E006119,S2093,1,0.094,0,0,0,0,0.1884,80,0
E006120,S3884,0,0.5631,1,1,0,0,0.4551,56,1
E006121,S3954,0,0.4076,4,1,1,1,0.8182,21,1
E006122,S2964,1,0.0222,0,0,1,0,0.0675,92,0
E006123,S3270,0,0.7332,1,0,1,0,0.7967,52,1
E006124,S0097,1,0.0513,0,0,1,0,0.0754,94,0
E006125,S3295,1,0.0913,0,0,1,0,0.3499,78,0
E006126,S2521,0,0.2259,1,0,1,1,0.5244,50,0
E006127,S1051,0,0.1593,0,1,1,0,0.1384,61,0
E006128,S2537,0,0.4408,0,0,1,0,0.2711,70,0
E006129,S1301,0,0.3918,1,1,1,1,0.2932,66,0
E006130,S0019,1,0.629,1,1,0,4,0.221,59,0
E006131,S1709,1,0.0204,0,0,1,0,0.0675,52,0
E006132,S1659,1,0.0493,0,0,1,0,0.6389,81,0
E006133,S2889,1,0.0273,0,0,1,0,0.0474,84,0
E006134,S1250,1,0.1458,0,0,1,0,0.6164,81,0
E006135,S1806,1,0.15,0,0,1,0,0.0718,76,0
E006136,S2853,1,0.0291,0,0,1,0,0.1668,78,0
E006137,S3076,0,0.3927,1,0,1,0,0.2114,58,1
E006138,S2987,0,0.6171,1,0,1,0,0.4668,41,1
E006139,S0150,0,0.6845,3,1,0,3,0.8372,55,1
E006140,S0084,0,0.1062,0,0,1,0,0.2854,69,1
E006141,S0058,1,0.4603,0,0,1,5,0.4385,53,1
E006142,S3356,1,0.5625,0,0,0,2,0.4383,5,0
E006143,S2504,1,0.0382,0,0,1,0,0.1472,100,0
E006144,S2485,1,0.3927,0,0,1,0,0.3235,54,0
E006145,S1712,1,0.0355,0,0,1,0,0.1043,92,0
E006146,S3145,1,0.0311,0,0,1,0,0.0102,97,0
E006147,S0687,1,0.0751,1,0,1,0,0.4287,76,0
E006148,S1602,1,0.0916,0,0,1,0,0.0511,83,0
E006149,S0067,1,0.3479,0,1,0,4,0.1137,63,1
E006150,S2105,1,0.1758,0,0,1,0,0.2281,73,0
E006151,S0283,1,0.047,0,0,1,0,0.0522,100,0
E006152,S1024,1,0.0659,0,0,1,0,0.204,87,0
E006153,S3300,1,0.1711,0,0,1,0,0.135,90,0
E006154,S3184,0,0.1524,0,0,1,0,0.1242,67,0
E006155,S1996,1,0.0317,0,0,1,0,0.0387,82,0
E006156,S1373,0,0.0889,0,0,0,0,0.1462,74,1
E006157,S0697,0,0.1375,0,0,1,0,0.1477,63,1
E006158,S1413,1,0.0236,0,0,1,0,0.0918,90,0
E006159,S4123,1,0.0974,1,0,1,0,0.0499,74,0
E006160,S2754,1,0.054,0,0,1,0,0.11,82,0
E006161,S3962,0,0.2659,1,0,1,0,0.1396,87,0
E006162,S2558,1,0.0207,0,1,1,0,0.1307,67,0
E006163,S0134,1,0.0877,0,0,1,0,0.0342,84,0
E006164,S1820,0,0.4915,3,1,0,0,0.8809,33,1
E006165,S0506,1,0.1012,0,0,1,0,0.1276,83,0
E006166,S3091,0,0.2518,1,1,1,0,0.0513,60,0
E006167,S1045,1,0.0521,0,0,1,0,0.051,76,0
E006168,S3598,0,0.1112,0,0,1,0,0.0747,77,0
E006169,S2470,1,0.1344,0,0,1,0,0.5278,72,0
E006170,S1448,0,0.0956,0,0,1,0,0.2253,59,0
E006171,S3262,0,0.5772,1,0,0,0,0.6585,29,1
E006172,S1149,0,0.4206,0,1,1,0,0.5594,60,0
E006173,S3108,1,0.0235,0,0,1,0,0.1995,78,0
E006174,S1594,0,0.0467,0,1,1,0,0.0895,77,0
E006175,S1687,1,0.0306,0,0,1,0,0.0272,84,0
E006176,S1469,1,0.5061,3,0,1,0,0.5132,30,1
E006177,S3187,1,0.3502,1,0,1,1,0.1314,58,0
E006178,S3192,1,0.0578,0,0,1,2,0.5838,87,0
E006179,S1823,1,0.0257,0,0,1,0,0.0066,83,0
E006180,S1952,1,0.1005,0,0,1,0,0.0575,93,0
E006181,S0161,0,0.3354,1,1,0,1,0.1887,69,1
E006182,S0463,1,0.131,1,0,1,0,0.2022,88,0
E006183,S3878,0,0.0458,0,0,1,0,0.1824,77,0
E006184,S0160,0,0.8247,4,1,0,1,0.5671,11,1
E006185,S3709,0,0.3632,0,1,1,0,0.7974,61,0
E006186,S0623,0,0.5533,3,0,0,0,0.7317,42,1
E006187,S1233,0,0.0293,0,1,1,0,0.1608,85,0
E006188,S1247,1,0.4595,0,0,1,0,0.1341,85,0
E006189,S0045,0,0.5988,2,1,0,3,0.8613,14,1
E006190,S0177,0,0.8284,4,1,0,3,0.6365,33,1
E006191,S0266,0,0.5269,3,1,1,1,0.4309,0,1
E006192,S0273,0,0.2419,1,0,0,5,0.4093,66,1
E006193,S3711,1,0.1286,0,1,1,0,0.009,87,0
E006194,S1731,0,0.554,1,1,1,1,0.5084,19,1
E006195,S1595,1,0.0158,0,0,1,0,0.0587,74,0
E006196,S2535,1,0.0761,0,0,1,0,0.0588,74,0
E006197,S3639,1,0.1149,0,0,1,1,0.0146,78,0
E006198,S2860,0,0.071,0,0,1,0,0.0456,52,1
E006199,S3851,1,0.1504,0,0,1,0,0.0401,76,0
E006200,S2230,0,0.1932,0,0,1,0,0.7236,44,1
E006201,S1441,0,0.0783,0,0,1,0,0.4113,78,0
E006202,S3728,1,0.0595,0,0,1,0,0.091,68,0
E006203,S4037,1,0.0212,0,0,1,0,0.142,90,0
E006204,S1326,0,0.6667,0,0,1,1,0.5759,87,1
E006205,S2390,1,0.0569,0,0,1,0,0.0362,78,0
E006206,S1578,1,0.0324,0,0,1,0,0.1579,59,0
E006207,S3228,0,0.0182,0,0,1,0,0.5755,77,0
E006208,S2275,1,0.1054,0,0,1,0,0.0141,78,1
E006209,S0516,1,0.0096,0,0,1,0,0.129,77,0
E006210,S0909,0,0.5422,2,0,0,1,0.3637,19,1
E006211,S0598,1,0.0842,0,0,1,0,0.1432,69,0
E006212,S2435,1,0.0957,0,0,1,0,0.0355,85,0
E006213,S3977,1,0.0684,0,0,1,0,0.068,93,0
E006214,S0245,0,0.5424,4,1,0,4,0.8272,28,1
E006215,S1285,1,0.1346,0,1,1,0,0.6854,72,1
E006216,S0778,1,0.0293,1,1,1,0,0.1282,68,1
E006217,S0723,1,0.0886,0,0,0,0,0.0715,91,0
E006218,S0164,0,0.083,0,0,1,0,0.0854,92,0
E006219,S3353,0,0.6228,0,1,1,0,0.5252,29,0
E006220,S1110,0,0.1239,0,0,1,0,0.1773,65,0
E006221,S3840,1,0.0495,0,0,1,0,0.245,100,0
E006222,S3934,1,0.2279,0,0,1,0,0.0813,92,0
E006223,S1931,0,0.7925,0,0,1,0,0.8185,34,1
E006224,S0634,1,0.6911,1,1,0,0,0.543,58,0
E006225,S0643,1,0.0196,0,0,1,0,0.3984,98,0
E006226,S0124,1,0.2029,1,1,1,3,0.3127,59,1
E006227,S0892,0,0.4162,2,1,0,0,0.4094,47,1
E006228,S1865,1,0.0551,0,0,1,0,0.1421,78,0
E006229,S0295,1,0.1039,0,0,1,0,0.3731,80,0
E006230,S1223,1,0.3992,1,1,0,0,0.1825,50,0
E006231,S3657,0,0.4663,0,0,1,0,0.2231,48,1
E006232,S3321,1,0.1219,0,0,1,0,0.0279,68,0
E006233,S0468,0,0.2736,0,1,0,1,0.3755,43,1
E006234,S1586,1,0.1005,0,0,1,0,0.0344,82,0
E006235,S0022,1,0.6895,1,0,1,5,0.5688,74,1
E006236,S1934,1,0.0566,1,0,1,0,0.0742,93,0
E006237,S2447,1,0.1267,1,0,1,0,0.5836,78,0
E006238,S3161,0,0.2157,0,0,1,0,0.0089,80,1
E006239,S2584,0,0.687,2,1,1,1,0.6075,57,1
E006240,S3952,1,0.5627,1,1,1,1,0.5192,65,1
E006241,S2501,0,0.0668,0,0,1,0,0.166,86,0
E006242,S1885,0,0.3725,1,0,1,0,0.0387,65,0
E006243,S2975,0,0.1873,2,1,0,0,0.7397,35,1
E006244,S0021,0,0.7209,2,1,0,1,0.5746,20,0
E006245,S1892,0,0.15,0,0,1,0,0.1981,78,0
E006246,S1475,0,0.572,6,1,1,1,0.8557,15,1
E006247,S4170,1,0.1853,0,0,1,0,0.04,96,0
E006248,S0759,1,0.2274,0,0,0,0,0.7093,58,0
E006249,S3142,1,0.1087,0,0,0,0,0.1949,70,0
E006250,S0412,1,0.4193,4,0,0,1,0.6123,29,1
E006251,S0416,1,0.0226,0,0,1,1,0.1504,81,0
E006252,S3209,1,0.0727,0,0,1,0,0.0978,62,0
E006253,S2882,1,0.1282,0,0,1,0,0.0669,79,0
E006254,S3548,0,0.0981,0,0,1,0,0.0269,84,0
E006255,S0164,0,0.7311,8,0,0,4,0.6585,36,1
E006256,S3499,0,0.1178,0,0,1,0,0.1738,49,0
E006257,S0303,0,0.1395,0,0,1,1,0.0876,81,1
E006258,S3418,1,0.6184,1,1,1,0,0.6944,31,1
E006259,S3828,0,0.5461,2,1,0,0,0.6647,44,1
E006260,S0079,0,0.8324,4,1,0,1,0.8113,15,1
E006261,S0443,1,0.1157,0,0,1,0,0.0392,97,0
E006262,S3899,1,0.541,0,0,1,2,0.3404,96,0
E006263,S0543,1,0.0255,0,0,1,0,0.1855,93,0
E006264,S2305,0,0.4479,0,0,1,0,0.7889,81,1
E006265,S3519,1,0.1087,0,0,1,0,0.12,97,0
E006266,S2685,1,0.2301,0,1,0,0,0.6353,33,0
E006267,S2325,1,0.02,0,0,1,0,0.0401,83,0
E006268,S3008,0,0.3334,1,0,0,2,0.3185,20,0
E006269,S2001,1,0.1407,0,0,0,1,0.6964,76,0
E006270,S0169,0,0.8648,2,0,0,4,0.5534,11,1
E006271,S0181,0,0.4859,1,1,1,3,0.2899,21,1
E006272,S1116,1,0.1739,1,1,1,1,0.1633,52,0
E006273,S3768,1,0.0065,0,1,1,0,0.1573,79,0
E006274,S1131,1,0.0448,0,0,1,0,0.7142,78,0
E006275,S1083,1,0.1014,0,0,1,0,0.0963,63,0
E006276,S2458,1,0.0413,0,0,0,0,0.0699,71,0
E006277,S3195,1,0.0395,0,0,1,0,0.1068,79,0
E006278,S2417,1,0.1171,1,0,0,0,0.0231,94,0
E006279,S0061,1,0.5062,1,0,0,2,0.4949,49,1
E006280,S3250,1,0.0721,0,0,1,0,0.0452,92,0
E006281,S0196,0,0.509,4,1,1,3,0.9138,0,1
E006282,S2667,1,0.0351,0,1,0,0,0.0224,73,0
E006283,S2976,1,0.1721,0,1,1,0,0.2094,68,0
E006284,S2858,1,0.029,0,0,1,0,0.1404,66,0
E006285,S3165,1,0.1262,0,1,1,0,0.1353,62,0
E006286,S0020,0,0.4909,4,0,1,1,0.4205,46,1
E006287,S3357,1,0.0585,0,0,1,0,0.0166,77,0
E006288,S1377,1,0.0155,0,0,1,0,0.0408,92,0
E006289,S2834,1,0.1177,0,0,0,0,0.01,75,0
E006290,S0393,0,0.4641,1,0,1,0,0.6486,15,0
E006291,S2597,0,0.1384,0,0,1,0,0.1144,62,0
E006292,S4026,1,0.0539,0,0,1,0,0.2963,81,0
E006293,S0061,1,0.4422,0,0,1,0,0.566,95,0
E006294,S0621,1,0.0285,0,0,1,0,0.005,75,0
E006295,S3374,1,0.1291,0,0,1,0,0.1366,81,0
E006296,S0366,1,0.0427,0,0,1,0,0.4082,84,0
E006297,S1127,1,0.1195,0,0,1,0,0.0587,74,0
E006298,S3580,1,0.0616,0,0,1,0,0.1864,88,0
E006299,S3718,0,0.0963,0,0,1,0,0.1084,53,0
E006300,S0328,0,0.6129,0,0,1,0,0.7194,52,0
E006301,S2766,0,0.341,2,1,1,2,0.4742,80,1
E006302,S3831,0,0.6403,1,1,0,1,0.6131,14,1
E006303,S1987,0,0.0869,0,0,1,0,0.0542,64,0
E006304,S3530,0,0.0572,0,0,1,0,0.0881,64,0
E006305,S0029,0,0.5421,0,0,0,3,0.1641,57,1
E006306,S0437,1,0.0683,0,0,1,0,0.16,78,0
E006307,S3126,0,0.017,0,0,1,0,0.081,67,0
E006308,S1196,1,0.0959,0,0,1,0,0.0525,90,0
E006309,S2605,1,0.2018,0,0,1,0,0.0902,76,0
E006310,S0061,0,0.6784,6,0,0,3,0.4465,10,1
E006311,S0436,0,0.5146,2,0,1,0,0.3381,75,0
E006312,S0471,1,0.0281,0,1,1,1,0.0495,61,0
E006313,S3869,1,0.2011,0,0,1,0,0.0725,87,1
E006314,S0253,1,0.0378,0,0,1,0,0.4484,69,1
E006315,S1300,0,0.0444,1,0,1,0,0.0637,72,0
E006316,S2994,1,0.0576,0,0,1,0,0.0699,78,0
E006317,S0256,1,0.0979,0,0,1,0,0.4105,84,1
E006318,S2706,1,0.5137,2,0,1,0,0.1642,44,0
E006319,S3095,1,0.1107,1,0,1,0,0.0739,88,0
E006320,S1424,1,0.1865,0,0,1,0,0.1168,100,0
E006321,S0401,0,0.4994,0,0,1,0,0.3096,48,0
E006322,S0043,0,0.7909,5,1,1,6,0.9165,43,1
E006323,S0376,0,0.2177,1,0,1,1,0.1882,69,0
E006324,S1270,1,0.0807,0,0,1,0,0.0996,82,0
E006325,S1623,0,0.3119,7,1,1,0,0.6104,41,1
E006326,S0891,0,0.3549,1,1,1,0,0.5793,91,0
E006327,S2494,1,0.2103,0,0,1,0,0.0731,87,0
E006328,S3041,0,0.6111,0,0,0,1,0.2683,95,0
E006329,S1539,1,0.1922,0,0,1,1,0.748,53,0
E006330,S0082,0,0.579,2,1,1,1,0.5422,22,1
E006331,S1006,0,0.2857,0,1,1,0,0.5593,71,0
E006332,S0321,1,0.1598,0,0,1,1,0.0683,71,0
E006333,S0602,1,0.1608,0,0,1,0,0.0908,89,0
E006334,S2032,1,0.6886,3,0,1,4,0.9016,13,1
E006335,S0042,0,0.0434,1,1,1,0,0.1463,73,1
E006336,S1544,1,0.0356,0,0,1,0,0.0281,95,0
E006337,S0296,0,0.4942,0,0,1,1,0.4178,31,1
E006338,S2597,0,0.6752,1,0,1,0,0.7351,28,0
E006339,S2465,1,0.0849,0,0,1,0,0.0405,77,0
E006340,S1156,0,0.325,0,0,1,1,0.3747,35,1
E006341,S1990,1,0.741,1,1,0,1,0.6893,17,1
E006342,S3134,1,0.0519,0,0,1,0,0.1047,88,0
E006343,S0912,1,0.0312,0,0,1,0,0.2548,84,0
E006344,S0292,0,0.229,5,0,1,5,0.6665,52,1
E006345,S2020,1,0.0373,0,0,1,0,0.0774,83,0
E006346,S4012,1,0.042,0,0,1,0,0.1451,62,0
E006347,S0087,0,0.2661,1,1,1,0,0.4475,45,1
E006348,S0234,1,0.0416,0,0,1,1,0.2008,62,1
E006349,S3133,1,0.0398,0,0,1,0,0.2078,71,0
E006350,S0105,1,0.0723,0,0,1,0,0.0404,86,0
E006351,S4081,1,0.2961,0,0,1,0,0.2537,61,1
E006352,S0059,1,0.0915,0,1,0,0,0.4431,40,0
E006353,S3725,1,0.1369,0,0,1,1,0.0728,81,0
E006354,S0484,0,0.7905,0,1,1,0,0.523,61,1
E006355,S0858,1,0.353,1,0,1,0,0.1099,92,0
E006356,S0238,1,0.1672,2,1,1,4,0.1394,100,1
E006357,S1175,1,0.0503,0,0,1,0,0.1059,75,0
E006358,S2125,1,0.0089,1,0,1,0,0.0255,85,0
E006359,S2025,1,0.2514,0,1,1,0,0.2891,92,0
E006360,S0870,1,0.0807,0,0,1,0,0.0661,96,0
E006361,S1031,0,0.3365,0,0,1,0,0.2576,78,0
E006362,S2837,1,0.046,0,0,1,0,0.1973,90,0
E006363,S0284,0,0.7076,6,0,0,8,0.7189,14,1
E006364,S3766,1,0.4136,1,0,1,1,0.6373,100,0
E006365,S1522,0,0.7507,3,0,1,0,0.5093,35,1
E006366,S1558,0,0.0924,0,0,1,0,0.1353,65,0
E006367,S1041,1,0.1221,0,0,1,0,0.1258,70,1
E006368,S0492,0,0.7671,1,1,1,0,0.8427,23,1
E006369,S1130,1,0.0491,0,0,1,0,0.1267,96,0
E006370,S0704,1,0.3945,0,0,0,2,0.6723,56,1
E006371,S4179,1,0.0531,0,0,1,0,0.0899,100,0
E006372,S3816,1,0.0353,0,1,1,0,0.1635,82,1
E006373,S2892,1,0.03,1,0,1,0,0.1841,89,0
E006374,S3058,0,0.159,0,0,0,0,0.2634,57,1
E006375,S0023,1,0.6962,3,0,1,5,0.8124,15,1
E006376,S1923,1,0.5436,0,1,1,1,0.5624,9,0
E006377,S0884,0,0.4966,0,0,1,0,0.6488,70,1
E006378,S0197,1,0.4973,0,0,1,2,0.216,34,1
E006379,S0521,1,0.0366,0,0,0,0,0.0265,94,0
E006380,S2487,1,0.0552,0,1,0,0,0.1418,77,0
E006381,S2435,1,0.0393,0,1,1,0,0.0465,76,0
E006382,S1303,0,0.1216,0,0,1,0,0.0207,77,0
E006383,S0923,0,0.4878,0,1,1,0,0.5607,61,0
E006384,S0471,1,0.1121,1,1,1,0,0.2187,82,0
E006385,S1028,0,0.061,0,0,1,0,0.0448,73,0
E006386,S1171,1,0.1488,0,0,1,0,0.1173,80,0
E006387,S3832,1,0.1,0,0,1,0,0.0438,96,0
E006388,S2536,1,0.6132,3,1,1,0,0.5464,48,0
E006389,S1253,1,0.0187,0,1,1,1,0.0782,76,0
E006390,S2233,0,0.7504,3,1,0,1,0.6622,37,1
E006391,S0894,1,0.0172,0,0,1,0,0.0432,68,0
E006392,S2357,1,0.0963,0,0,1,0,0.3225,75,0
E006393,S2676,1,0.0256,1,0,1,0,0.4765,44,1
E006394,S0573,0,0.1581,0,0,1,0,0.5801,76,0
E006395,S3542,1,0.4503,0,0,1,1,0.2658,70,0
E006396,S1162,0,0.488,4,1,1,0,0.6597,31,1
E006397,S1303,0,0.5422,1,1,1,2,0.4701,45,0
E006398,S1679,1,0.2243,0,0,1,0,0.0889,65,0
E006399,S0421,1,0.153,0,0,1,0,0.0578,82,0
E006400,S0327,1,0.1043,0,0,1,0,0.1218,77,0
E006401,S3372,1,0.7228,3,1,1,1,0.4999,37,1
E006402,S0176,1,0.2225,1,0,1,4,0.6928,60,1
E006403,S0191,1,0.1631,0,0,0,2,0.2511,49,1
E006404,S0051,0,0.627,4,1,0,4,0.7834,32,1
E006405,S2839,0,0.0957,0,0,1,0,0.0531,94,1
E006406,S0580,1,0.1029,0,0,1,0,0.0795,64,0
E006407,S3439,0,0.0628,0,1,0,0,0.0974,88,0
E006408,S2705,1,0.0259,0,1,1,0,0.1707,62,0
E006409,S4119,1,0.1607,0,0,1,0,0.0625,87,0
E006410,S2370,0,0.2778,0,1,1,1,0.3144,43,1
E006411,S0818,0,0.6534,0,0,0,1,0.3912,80,0
E006412,S2214,1,0.0883,0,0,1,0,0.0633,85,0
E006413,S3514,1,0.3857,0,0,0,2,0.3983,98,0
E006414,S2046,1,0.1519,0,0,1,0,0.1315,93,0
E006415,S0130,0,0.6529,0,0,1,3,0.3271,10,1
E006416,S0093,0,0.6698,0,0,0,3,0.2286,32,1
E006417,S0732,1,0.6741,1,0,0,1,0.3664,43,0
E006418,S0160,1,0.0349,0,1,1,0,0.1196,94,0
E006419,S3704,1,0.047,0,0,1,0,0.5134,63,0
E006420,S2822,1,0.4204,2,0,0,0,0.4466,67,1
E006421,S0495,0,0.1159,0,0,1,0,0.2025,66,0
E006422,S2552,1,0.0284,0,0,1,0,0.0374,69,0
E006423,S4083,1,0.0912,0,0,1,0,0.6147,82,0
E006424,S1653,0,0.3924,3,1,1,0,0.4943,41,1
E006425,S0363,0,0.5671,0,0,1,0,0.6037,70,0
E006426,S0558,1,0.7423,0,0,1,0,0.3882,48,1
E006427,S3093,0,0.5577,2,1,0,1,0.5817,40,1
E006428,S0625,0,0.234,0,1,0,0,0.1363,52,0
E006429,S4002,0,0.5491,0,1,0,2,0.5885,15,1
E006430,S0173,0,0.4499,0,1,1,1,0.2148,42,1
E006431,S1837,0,0.391,1,0,0,0,0.7696,50,1
E006432,S2546,1,0.136,0,1,1,0,0.105,59,0
E006433,S0432,1,0.0625,0,0,1,0,0.0282,70,0
E006434,S3018,1,0.2953,0,0,1,0,0.1419,80,0
E006435,S3219,0,0.4237,0,0,0,1,0.7637,32,1
E006436,S1263,1,0.2168,0,0,1,0,0.0388,75,0
E006437,S1035,1,0.1679,0,0,1,0,0.0858,84,0
E006438,S3845,1,0.0438,0,0,1,0,0.2176,76,0
E006439,S1644,1,0.0604,0,0,1,0,0.0305,76,0
E006440,S2371,1,0.0191,1,0,1,0,0.2598,77,0
E006441,S3640,1,0.0469,0,0,1,0,0.2804,79,0
E006442,S3167,0,0.1087,0,0,1,0,0.2855,77,0
E006443,S0179,0,0.3899,2,1,0,1,0.2539,68,1
E006444,S3585,1,0.0158,0,0,1,0,0.0725,77,0
E006445,S3878,1,0.1224,1,1,1,0,0.144,72,0
E006446,S2424,1,0.1401,0,0,1,0,0.026,70,1
E006447,S0305,0,0.6008,3,1,0,1,0.5362,28,1
E006448,S3856,1,0.0687,0,0,1,0,0.0565,71,0
E006449,S1316,1,0.0508,0,0,1,0,0.1081,90,0
E006450,S0450,1,0.1794,0,0,1,0,0.0202,85,0
E006451,S0248,0,0.1448,0,0,1,3,0.1911,49,1
E006452,S2463,1,0.204,2,0,0,0,0.2721,56,0
E006453,S3390,1,0.0366,0,0,1,0,0.0182,84,0
E006454,S4153,1,0.0438,0,0,1,0,0.008,99,0
E006455,S0959,1,0.0799,0,0,1,0,0.0547,77,0
E006456,S0964,0,0.2692,1,0,1,0,0.708,73,0
E006457,S1097,1,0.0472,0,0,1,0,0.0766,71,0
E006458,S0671,0,0.1603,0,0,1,0,0.131,87,1
E006459,S4190,1,0.13,0,0,1,0,0.035,80,0
E006460,S2341,0,0.1014,0,0,1,0,0.5102,80,0
E006461,S3146,1,0.2345,1,1,1,0,0.0662,63,0
E006462,S0114,0,0.8228,6,1,0,1,0.6594,4,1
E006463,S0014,1,0.3083,1,0,1,4,0.3559,4,1
E006464,S0217,1,0.093,0,0,1,1,0.0564,61,0
E006465,S3366,1,0.0527,0,1,1,0,0.1304,78,0
E006466,S1588,0,0.1609,1,1,1,0,0.1426,74,0
E006467,S0400,1,0.1194,0,0,1,0,0.1183,89,0
E006468,S0168,0,0.8596,6,1,0,3,0.8896,39,1
E006469,S3117,1,0.0891,0,0,1,0,0.1069,66,0
E006470,S1362,0,0.3485,1,1,0,0,0.7239,20,1
E006471,S3543,1,0.0479,0,0,1,0,0.0763,67,0
E006472,S3246,1,0.181,0,0,1,0,0.1234,76,0
E006473,S1907,1,0.0508,2,0,1,0,0.0247,87,0
E006474,S3330,0,0.2899,0,0,1,0,0.0528,71,0
E006475,S0130,0,0.6169,4,1,0,2,0.6757,19,1
E006476,S0931,1,0.1083,0,1,1,0,0.4694,81,0
E006477,S3835,1,0.5685,1,0,1,0,0.7315,40,1
E006478,S0452,0,0.1846,0,0,1,0,0.1095,84,0
E006479,S0463,1,0.0188,0,0,1,0,0.0275,84,0
E006480,S1400,1,0.0535,2,0,1,0,0.0374,88,0
E006481,S3334,1,0.0936,0,0,1,0,0.0748,71,0
E006482,S3121,0,0.6399,2,1,1,1,0.8822,41,0
E006483,S2755,1,0.096,0,0,1,0,0.3245,83,0
E006484,S2829,0,0.2321,0,0,1,1,0.1806,32,0
E006485,S3788,1,0.079,0,0,1,0,0.4273,90,0
E006486,S1589,1,0.1687,1,0,1,0,0.0343,100,0
E006487,S0664,0,0.5084,0,1,1,0,0.344,61,0
E006488,S2003,0,0.1375,0,0,1,0,0.239,72,0
E006489,S0934,1,0.0365,0,0,1,0,0.0668,80,0
E006490,S2057,1,0.0188,0,0,1,0,0.094,91,0
E006491,S2483,1,0.0552,0,1,1,0,0.2525,75,0
E006492,S3170,1,0.0607,0,0,1,0,0.3985,88,0
E006493,S1235,1,0.0296,0,1,1,0,0.1506,84,0
E006494,S3628,1,0.0955,0,0,1,0,0.1675,78,0
E006495,S0643,1,0.1489,0,0,1,0,0.1044,67,0
E006496,S0136,0,0.2433,2,1,0,6,0.526,70,1
E006497,S1136,1,0.0389,0,0,1,0,0.0387,91,0
E006498,S2759,0,0.0877,1,0,1,0,0.1094,45,0
E006499,S0900,1,0.3892,0,0,0,2,0.6542,90,0
E006500,S1875,1,0.1664,0,0,1,0,0.7238,71,0
E006501,S1914,0,0.2719,0,1,1,1,0.5207,76,1
E006502,S1835,1,0.1144,0,0,1,0,0.1078,77,0
E006503,S0083,1,0.13,0,0,1,0,0.4553,76,0
E006504,S2917,1,0.0397,0,0,1,0,0.1169,78,0
E006505,S0195,1,0.3566,0,0,0,4,0.3955,40,1
E006506,S0464,1,0.4828,1,1,1,0,0.5867,32,1
E006507,S4019,0,0.5407,2,0,0,0,0.4727,36,1
E006508,S0664,1,0.0237,0,0,1,0,0.0722,69,1
E006509,S0359,1,0.1839,0,0,1,0,0.0436,63,0
E006510,S3567,1,0.0763,0,0,1,0,0.4179,78,0
E006511,S3588,0,0.2355,0,0,1,0,0.2794,84,1
E006512,S3463,1,0.0188,0,1,0,0,0.0926,72,0
E006513,S3844,1,0.0381,0,0,1,0,0.1398,77,0
E006514,S0286,0,0.4798,3,0,0,5,0.3736,30,1
E006515,S0740,1,0.076,0,0,1,0,0.1746,90,0
E006516,S0013,1,0.2713,3,1,0,3,0.1491,64,0
E006517,S1330,1,0.055,0,0,1,0,0.1284,81,0
E006518,S0042,0,0.4379,1,1,0,3,0.2988,28,1
E006519,S2965,1,0.0777,0,1,1,0,0.131,64,0
E006520,S2119,1,0.0315,0,0,1,0,0.2085,77,0
E006521,S3124,0,0.0818,0,0,1,0,0.0226,65,0
E006522,S1597,1,0.2523,1,1,0,1,0.4202,61,0
E006523,S0923,1,0.136,0,0,1,0,0.0406,73,0
E006524,S0798,0,0.5388,2,1,1,1,0.513,21,1
E006525,S0086,0,0.6013,4,1,0,1,0.9658,20,1
E006526,S0294,0,0.7323,5,1,0,2,0.7644,35,1
E006527,S0122,1,0.6379,1,0,1,3,0.2288,51,1
E006528,S3792,0,0.2827,1,1,1,1,0.3126,66,0
E006529,S2189,0,0.6628,3,0,0,2,0.4421,42,1
E006530,S1215,0,0.483,2,1,1,0,0.4871,14,1
E006531,S0208,1,0.5558,1,1,1,0,0.5073,61,1
E006532,S0037,1,0.0876,0,0,1,0,0.2196,97,0
E006533,S0230,0,0.5501,1,1,1,0,0.629,42,1
E006534,S2544,1,0.0569,0,0,1,0,0.0622,81,0
E006535,S0285,0,0.1325,1,1,1,0,0.0509,67,0
E006536,S3004,0,0.1915,0,1,1,0,0.4446,82,0
E006537,S0877,1,0.0804,0,0,1,0,0.0248,98,0
E006538,S2720,1,0.6424,0,0,1,1,0.2263,80,0
E006539,S0647,0,0.324,1,1,1,0,0.3729,66,0
E006540,S0658,1,0.0997,0,0,1,0,0.1919,82,0
E006541,S1479,0,0.2404,1,0,1,0,0.2351,65,1
E006542,S2046,0,0.0357,0,0,0,0,0.0877,70,0
E006543,S1118,1,0.0901,0,0,1,0,0.2206,97,0
E006544,S1424,1,0.1185,0,0,1,0,0.0223,83,0
E006545,S0003,0,0.3217,1,0,0,4,0.552,22,1
E006546,S4156,1,0.022,0,0,1,1,0.1362,71,0
E006547,S1644,1,0.251,1,1,1,0,0.1874,83,0
E006548,S2646,0,0.6289,0,0,1,0,0.6406,24,1
E006549,S0021,1,0.3011,1,1,1,0,0.5247,98,1
E006550,S2460,1,0.09,0,0,1,0,0.0774,94,0
E006551,S2824,1,0.0392,0,0,1,0,0.7098,91,0
E006552,S4142,0,0.0974,2,0,1,0,0.0973,90,0
E006553,S0331,0,0.0622,0,0,1,0,0.2114,86,0
E006554,S2289,1,0.0527,1,0,1,0,0.0339,66,0
E006555,S3528,1,0.046,1,1,1,0,0.1558,70,0
E006556,S0151,1,0.0265,0,0,1,0,0.2263,76,0
E006557,S3691,1,0.6224,0,0,0,4,0.6467,52,0
E006558,S1598,1,0.1889,0,0,1,0,0.4656,38,0
E006559,S0583,1,0.2329,0,0,1,0,0.0903,84,0
E006560,S0247,0,0.8476,2,1,0,5,0.5584,3,1
E006561,S3624,1,0.0723,0,0,1,0,0.0549,74,0
E006562,S3606,1,0.1473,0,0,1,0,0.1105,94,0
E006563,S2551,0,0.4706,0,0,1,0,0.2206,60,0
E006564,S1040,0,0.3711,1,0,1,0,0.3382,49,1
E006565,S2787,0,0.102,0,0,1,0,0.0174,82,0
E006566,S1022,1,0.0664,0,0,0,0,0.1048,76,0
E006567,S0756,0,0.8551,3,0,1,1,0.7914,23,0
E006568,S3391,0,0.2182,0,0,1,0,0.362,72,0
E006569,S1335,0,0.5617,0,0,1,0,0.4556,49,1
E006570,S2365,1,0.5723,1,0,0,0,0.1346,45,0
E006571,S2510,0,0.6149,0,0,1,0,0.4694,72,0
E006572,S0451,0,0.1318,0,0,0,0,0.2475,85,0
E006573,S3306,1,0.0682,0,0,1,0,0.087,79,0
E006574,S0609,1,0.1152,0,0,1,0,0.0517,73,0
E006575,S0050,1,0.3111,0,0,0,3,0.1529,55,1
E006576,S0299,1,0.3517,0,0,0,4,0.7385,49,1
E006577,S3869,0,0.3793,2,1,1,0,0.5678,100,1
E006578,S0202,0,0.5598,1,0,0,2,0.352,62,1
E006579,S3916,0,0.2109,2,0,1,1,0.3852,48,1
E006580,S1820,1,0.2757,1,1,1,0,0.4182,76,0
E006581,S3672,1,0.0272,0,0,0,0,0.051,86,0
E006582,S3914,1,0.0075,0,1,1,0,0.2279,70,0
E006583,S0445,1,0.0838,0,0,1,0,0.11,100,1
E006584,S4099,1,0.1438,0,0,1,0,0.3326,97,0
E006585,S0840,1,0.198,0,1,1,0,0.182,59,0
E006586,S1612,1,0.2266,0,0,1,0,0.2522,96,0
E006587,S0198,0,0.7849,2,1,1,2,0.7249,29,1
E006588,S3757,0,0.3714,0,0,1,1,0.6635,64,1
E006589,S3826,1,0.244,0,0,0,0,0.2249,45,1
E006590,S0576,0,0.5914,0,1,1,0,0.567,38,1
E006591,S1169,0,0.6155,0,0,1,0,0.4737,61,0
E006592,S2643,1,0.4526,1,0,0,0,0.1468,76,0
E006593,S3302,0,0.2688,0,0,1,0,0.3341,76,0
E006594,S0654,0,0.0394,1,0,1,0,0.068,65,0
E006595,S2348,1,0.0498,0,0,1,0,0.2039,76,0
E006596,S3024,1,0.0217,0,1,1,0,0.0361,88,0
E006597,S2557,0,0.0649,1,0,1,0,0.1356,98,0
E006598,S1262,1,0.053,0,1,1,0,0.3009,67,0
E006599,S2836,1,0.1053,0,0,1,0,0.0559,73,0
E006600,S3231,1,0.0706,0,1,1,0,0.1375,67,0
E006601,S3841,1,0.0812,0,0,1,0,0.0512,77,0
E006602,S4132,1,0.1787,0,1,1,0,0.3387,50,0
E006603,S2549,0,0.1255,1,0,1,0,0.2238,69,0
E006604,S2022,1,0.0549,0,0,1,0,0.2136,75,0
E006605,S3626,0,0.1462,0,0,1,0,0.029,66,0
E006606,S3670,0,0.1438,0,0,1,0,0.0536,73,0
E006607,S1442,0,0.0137,0,0,1,0,0.0403,73,0
E006608,S0541,1,0.4694,0,1,1,1,0.3903,90,0
E006609,S1181,1,0.0128,0,0,1,0,0.0968,82,0
E006610,S1192,1,0.0961,0,0,1,1,0.122,67,0
E006611,S4106,1,0.2098,0,0,1,1,0.188,90,0
E006612,S3962,0,0.1748,0,0,1,0,0.1206,59,0
E006613,S2563,1,0.1162,1,0,1,0,0.092,72,0
E006614,S0051,1,0.0566,0,0,1,0,0.0809,56,0
E006615,S1190,1,0.0778,0,0,0,0,0.1104,79,0
E006616,S2309,1,0.1412,0,1,1,0,0.1204,75,0
E006617,S3832,1,0.1368,0,0,1,0,0.6666,66,0
E006618,S0254,0,0.423,1,0,1,0,0.534,45,0
E006619,S0210,1,0.3036,0,0,1,1,0.1761,29,1
E006620,S3778,0,0.1027,0,0,1,0,0.3833,79,0
E006621,S4040,1,0.064,0,0,1,0,0.1237,81,0
E006622,S0573,1,0.0576,0,0,1,0,0.0187,86,0
E006623,S2948,1,0.1845,0,0,1,1,0.2208,87,0
E006624,S2642,1,0.1734,0,0,1,0,0.0686,82,0
E006625,S1067,1,0.0678,0,0,1,0,0.368,80,0
E006626,S0176,0,0.2581,1,1,1,3,0.419,42,1
E006627,S0583,1,0.0458,0,0,1,0,0.0738,94,0
E006628,S0168,1,0.3771,0,0,1,5,0.6277,40,1
E006629,S0005,1,0.0977,0,0,1,0,0.8091,87,0
E006630,S1098,1,0.1423,0,0,1,0,0.1043,71,0
E006631,S2733,0,0.5397,2,1,0,1,0.527,81,1
E006632,S2009,1,0.01,0,0,1,0,0.2308,77,0
E006633,S3387,1,0.0678,0,1,1,1,0.5516,76,0
E006634,S3170,0,0.0618,0,0,0,0,0.0949,57,1
E006635,S3433,1,0.6268,0,0,0,1,0.4669,61,1
E006636,S0181,1,0.1455,0,0,1,0,0.1368,89,0
E006637,S0095,1,0.0557,1,0,1,0,0.0442,89,0
E006638,S3654,1,0.097,0,0,1,0,0.1342,93,0
E006639,S1911,0,0.144,0,0,1,1,0.1411,78,0
E006640,S1159,1,0.3862,0,0,1,0,0.092,81,0
E006641,S2408,1,0.1067,0,0,1,0,0.4824,76,0
E006642,S2133,1,0.0139,1,0,1,0,0.0864,85,0
E006643,S3296,1,0.1152,1,0,1,0,0.0392,83,0
E006644,S2571,1,0.1338,0,0,1,0,0.3839,74,0
E006645,S1992,1,0.1226,0,0,1,0,0.5649,88,0
E006646,S0951,1,0.0926,0,1,1,0,0.0365,67,0
E006647,S3537,1,0.1214,0,0,1,0,0.2152,71,0
E006648,S0024,1,0.2463,0,1,1,2,0.6152,50,1
E006649,S3296,1,0.054,0,0,1,0,0.0635,81,0
E006650,S1810,0,0.0948,0,1,1,0,0.0556,75,0
E006651,S4105,0,0.7359,1,0,0,0,0.537,48,0
E006652,S3848,0,0.0926,0,0,1,0,0.1231,92,0
E006653,S0561,1,0.0874,1,0,1,0,0.317,79,0
E006654,S1697,0,0.5455,0,1,1,1,0.4317,45,0
E006655,S1505,1,0.0501,0,0,1,0,0.2742,77,0
E006656,S3023,1,0.2212,0,0,1,0,0.7243,52,1
E006657,S3530,1,0.0531,0,0,1,0,0.501,67,0
E006658,S0028,1,0.3883,0,0,1,2,0.219,63,0
E006659,S4097,0,0.376,2,0,1,1,0.7562,83,1
E006660,S3781,1,0.1045,0,0,1,0,0.0544,85,0
E006661,S3942,1,0.0563,0,0,1,0,0.006,72,0
E006662,S3427,1,0.1212,0,0,1,0,0.4397,69,0
E006663,S0151,1,0.3297,4,1,1,3,0.3472,38,1
E006664,S1870,1,0.0766,0,0,1,0,0.0204,65,0
E006665,S0037,0,0.2403,2,0,0,1,0.3457,32,1
E006666,S1466,1,0.0199,1,0,1,0,0.0499,75,0
E006667,S2130,1,0.105,0,0,1,0,0.0109,82,0
E006668,S3262,0,0.2275,0,0,1,0,0.0535,82,0
E006669,S0558,0,0.9135,2,1,0,1,0.442,37,1
E006670,S1049,1,0.157,1,0,1,0,0.0302,79,0
E006671,S0280,1,0.0443,0,0,1,0,0.0937,63,0
E006672,S0129,1,0.6576,0,0,1,0,0.4441,30,1
E006673,S4052,1,0.0338,0,0,1,0,0.0445,75,0
E006674,S0232,0,0.1661,0,0,0,1,0.1129,16,1
E006675,S2143,1,0.0425,0,0,1,0,0.2079,78,0
E006676,S0791,0,0.0129,0,0,1,0,0.0139,72,0
E006677,S1712,1,0.1259,0,0,1,0,0.0219,66,0
E006678,S1348,1,0.0552,0,0,1,0,0.0271,88,0
E006679,S3123,1,0.1435,0,0,1,0,0.0435,90,0
E006680,S3482,1,0.1846,1,1,1,0,0.1285,66,0
E006681,S0507,1,0.1494,0,0,1,0,0.0389,75,0
E006682,S0149,1,0.0185,0,0,1,0,0.4508,78,0
E006683,S1755,1,0.0753,1,0,1,0,0.027,90,0
E006684,S1517,1,0.1247,1,1,1,0,0.2351,65,0
E006685,S1518,0,0.7156,1,1,0,0,0.7165,31,1
E006686,S0298,0,0.7055,6,0,0,3,0.7222,19,1
E006687,S1763,1,0.052,0,0,1,0,0.1274,74,0
E006688,S4089,0,0.1734,0,1,1,1,0.4842,59,0
E006689,S3365,1,0.0816,0,0,1,0,0.0374,83,0
E006690,S2106,1,0.5359,0,1,1,0,0.4355,72,0
E006691,S2495,1,0.0671,0,0,1,0,0.0428,88,0
E006692,S1883,0,0.3089,1,0,0,0,0.6264,48,0
E006693,S2889,1,0.0707,0,0,1,1,0.0165,79,0
E006694,S1004,1,0.0874,1,0,1,0,0.484,86,0
E006695,S0154,1,0.4063,1,1,1,3,0.2274,39,0
E006696,S0113,1,0.2585,1,0,1,3,0.14,31,1
E006697,S2014,0,0.1839,0,0,1,0,0.3676,73,1
E006698,S1454,1,0.1091,0,0,1,1,0.0176,68,0
E006699,S2873,0,0.0855,0,1,0,0,0.1437,69,0
E006700,S4022,1,0.0031,0,0,1,0,0.0434,71,0
E006701,S4020,0,0.5538,0,1,0,0,0.7059,47,0
E006702,S0813,0,0.6265,2,1,1,1,0.7638,51,1
E006703,S1475,1,0.0728,0,0,1,0,0.1434,72,0
E006704,S2602,1,0.0395,0,0,1,0,0.0192,73,0
E006705,S2239,1,0.0444,0,0,1,0,0.074,86,0
E006706,S0652,1,0.199,0,0,1,0,0.0345,77,0
E006707,S4002,0,0.1156,0,0,1,0,0.0865,88,0
E006708,S1026,1,0.0632,1,1,1,1,0.0825,84,0
E006709,S3360,1,0.0701,0,0,1,0,0.0623,65,0
E006710,S4178,1,0.2354,1,1,1,0,0.228,67,0
E006711,S1406,1,0.0426,0,0,1,0,0.205,79,0
E006712,S0198,0,0.8338,8,1,1,0,0.8782,48,1
E006713,S0550,0,0.8473,0,0,0,0,0.2598,78,1
E006714,S2357,1,0.0217,0,0,1,0,0.0292,78,0
E006715,S3401,0,0.7935,2,1,0,0,0.7253,49,1
E006716,S1208,1,0.4165,1,0,1,1,0.4424,50,1
E006717,S1250,0,0.6349,2,1,1,0,0.6664,39,1
E006718,S0130,1,0.3893,1,0,1,3,0.3242,45,1
E006719,S1085,1,0.2802,0,0,1,0,0.5561,67,0
E006720,S2750,1,0.0471,0,1,1,0,0.0925,62,0
E006721,S2907,1,0.1824,0,0,1,0,0.0658,82,0
E006722,S3288,1,0.0461,0,1,1,0,0.1449,71,0
E006723,S1693,0,0.321,1,1,0,0,0.5505,20,1
E006724,S2594,1,0.3904,0,0,1,0,0.5118,83,0
E006725,S4125,1,0.2344,0,0,1,1,0.5321,59,0
E006726,S2717,1,0.19,0,1,1,0,0.0935,98,0
E006727,S2850,0,0.2139,0,0,1,0,0.1848,74,0
E006728,S1932,0,0.7655,0,0,0,2,0.715,47,1
E006729,S3102,0,0.1133,0,0,1,0,0.1741,67,0
E006730,S0429,1,0.0458,0,0,1,0,0.1409,80,0
E006731,S1458,1,0.0052,0,0,1,0,0.0783,94,0
E006732,S3154,1,0.0583,0,0,1,0,0.0115,77,0
E006733,S3470,1,0.0498,0,0,1,0,0.0355,77,0
E006734,S2307,1,0.435,0,0,1,2,0.4421,29,0
E006735,S0050,0,0.1683,0,0,1,1,0.0922,49,0
E006736,S0624,0,0.0589,0,0,1,0,0.043,89,0
E006737,S2254,1,0.0702,0,0,1,0,0.1019,84,0
E006738,S3445,1,0.1474,0,0,1,0,0.0881,97,0
E006739,S2774,1,0.1019,0,0,1,0,0.421,84,0
E006740,S2216,1,0.0058,0,1,1,0,0.1839,79,1
E006741,S0075,0,0.1454,0,1,1,0,0.4238,72,0
E006742,S2411,0,0.473,4,1,0,0,0.8265,58,1
E006743,S0352,0,0.5919,0,1,1,0,0.7165,46,0
E006744,S3654,1,0.1148,0,1,1,0,0.0949,90,0
E006745,S0051,0,0.8112,1,1,0,4,0.8807,5,1
E006746,S2282,0,0.5915,2,0,1,0,0.731,15,1
E006747,S0267,0,0.859,3,1,1,3,0.506,22,1
E006748,S0109,0,0.0399,0,0,1,1,0.3736,74,0
E006749,S0554,1,0.0648,1,0,1,1,0.0504,72,0
E006750,S1553,1,0.225,0,1,1,0,0.0983,78,0
E006751,S2381,1,0.566,0,0,1,0,0.1874,53,0
E006752,S1712,1,0.1003,0,0,1,0,0.0389,82,0
E006753,S0035,1,0.1038,0,0,1,0,0.0583,72,0
E006754,S3098,0,0.0355,0,0,1,0,0.1748,73,0
E006755,S1359,0,0.1757,1,0,1,0,0.1924,94,0
E006756,S3978,0,0.1323,2,0,0,2,0.4779,70,1
E006757,S3393,1,0.0398,0,0,1,0,0.0328,90,0
E006758,S0426,1,0.0991,0,0,1,0,0.0422,62,1
E006759,S1990,1,0.0539,0,0,1,0,0.1248,77,0
E006760,S3927,1,0.0572,0,0,1,0,0.0565,74,0
E006761,S0489,0,0.2113,0,0,1,0,0.1181,68,0
E006762,S1618,0,0.1006,0,0,0,0,0.394,60,0
E006763,S1829,0,0.6204,0,0,1,1,0.6097,53,1
E006764,S1294,1,0.4962,0,0,1,1,0.3485,64,0
E006765,S3121,0,0.6078,1,0,1,0,0.4304,57,0
E006766,S0644,1,0.1396,0,0,1,0,0.6361,78,0
E006767,S0089,0,0.0759,0,1,1,0,0.3361,96,0
E006768,S3476,0,0.1102,0,0,1,0,0.1469,81,0
E006769,S2027,0,0.0882,0,0,0,0,0.0513,51,0
E006770,S1692,1,0.1475,0,0,1,0,0.1404,96,0
E006771,S0266,1,0.1527,0,0,1,0,0.3479,52,0
E006772,S0207,1,0.4586,0,1,0,1,0.4622,32,1
E006773,S4142,1,0.0701,0,0,1,0,0.0631,83,0
E006774,S0229,1,0.1947,0,0,0,5,0.2349,31,0
E006775,S1452,1,0.0769,0,0,1,0,0.0472,71,0
E006776,S1717,0,0.2174,0,0,0,1,0.4566,64,1
E006777,S3749,1,0.1457,0,0,1,0,0.0378,78,0
E006778,S2896,0,0.7538,0,1,1,0,0.6611,64,0
E006779,S0401,1,0.1444,0,0,1,0,0.0388,94,0
E006780,S4187,1,0.0965,0,0,1,0,0.1877,74,0
E006781,S1496,1,0.1751,0,1,0,1,0.5765,80,0
E006782,S0137,0,0.2578,0,1,1,1,0.354,45,0
E006783,S2325,1,0.0216,0,0,1,0,0.0949,92,0
E006784,S0370,1,0.0173,1,0,1,0,0.1098,79,0
E006785,S3589,0,0.4342,2,1,0,0,0.4622,53,1
E006786,S0214,0,0.5364,0,1,0,6,0.7522,41,1
E006787,S2315,1,0.2001,0,0,1,0,0.1328,61,0
E006788,S3935,0,0.5834,0,0,0,1,0.6561,48,1
E006789,S0255,0,0.2539,0,1,1,0,0.5985,73,0
E006790,S3719,0,0.3564,0,1,1,1,0.224,62,1
E006791,S1728,1,0.0652,0,0,1,0,0.0344,69,0
E006792,S1121,1,0.0926,0,0,0,0,0.5878,78,0
E006793,S0009,1,0.4782,0,1,1,6,0.3853,39,1
E006794,S0270,0,0.742,6,1,0,1,0.668,34,0
E006795,S0254,1,0.277,0,0,0,2,0.3492,64,1
E006796,S0924,0,0.3305,0,0,1,0,0.46,67,0
E006797,S1910,1,0.0992,0,1,1,0,0.3868,71,0
E006798,S4082,1,0.0817,0,0,1,1,0.0372,77,0
E006799,S4172,1,0.0692,0,0,1,0,0.5212,59,0
E006800,S4005,0,0.1246,0,0,1,0,0.1025,82,0
E006801,S1923,0,0.0719,0,0,1,0,0.0665,87,0
E006802,S4107,1,0.0475,0,0,1,0,0.0356,79,0
E006803,S0229,1,0.1888,0,0,0,3,0.4792,24,1
E006804,S2259,1,0.2072,0,0,1,0,0.7462,54,1
E006805,S0452,1,0.1462,0,1,1,0,0.0853,58,1
E006806,S2265,0,0.1899,0,0,1,0,0.0764,74,0
E006807,S0448,1,0.038,1,0,1,0,0.108,90,0
E006808,S0250,0,0.7443,3,1,0,1,0.7554,45,1
E006809,S0296,0,0.9181,3,1,0,3,0.6718,10,1
E006810,S2236,1,0.2436,1,1,0,0,0.6575,36,1
E006811,S0200,0,0.2881,1,1,1,1,0.4279,39,1
E006812,S1369,0,0.1361,1,1,1,2,0.7226,47,1
E006813,S4011,1,0.1336,0,0,1,0,0.3493,81,0
E006814,S0462,1,0.386,0,1,0,1,0.2698,48,1
E006815,S1878,1,0.1661,0,0,1,0,0.3337,72,0
E006816,S3294,0,0.0265,0,0,1,0,0.0182,91,0
E006817,S1832,1,0.1635,0,0,1,0,0.0455,90,0
E006818,S2199,0,0.5712,4,1,0,0,0.3762,46,1
E006819,S0051,1,0.6444,1,0,1,3,0.0661,61,1
E006820,S0231,1,0.7541,3,1,0,1,0.9107,7,1
E006821,S3860,1,0.0246,1,0,1,0,0.0626,76,0
E006822,S3128,0,0.5035,0,1,1,0,0.1613,76,1
E006823,S1498,1,0.1174,0,0,1,0,0.155,68,0
E006824,S0112,0,0.5551,4,1,0,3,0.6319,9,1
E006825,S0113,1,0.1799,0,0,1,0,0.2462,58,1
E006826,S4185,0,0.5875,1,1,1,0,0.8043,54,1
E006827,S3626,0,0.6446,4,1,1,0,0.582,33,1
E006828,S0154,0,0.641,5,1,1,4,0.6514,31,1
E006829,S1533,1,0.0261,0,0,1,0,0.108,74,0
E006830,S2870,1,0.264,1,1,0,0,0.3733,59,0
E006831,S2658,1,0.1503,0,1,1,1,0.1664,57,0
E006832,S3288,0,0.0801,0,0,1,0,0.1426,84,0
E006833,S0396,0,0.1757,0,0,1,0,0.0531,89,0
E006834,S2313,0,0.4499,1,0,1,2,0.3239,74,0
E006835,S3376,1,0.0443,0,0,1,0,0.0938,80,0
E006836,S1292,1,0.0813,0,1,1,0,0.0644,81,0
E006837,S0546,1,0.0738,2,1,1,1,0.3815,66,0
E006838,S0044,1,0.2305,0,0,1,2,0.3155,52,1
E006839,S3344,0,0.1732,0,1,1,0,0.1631,73,0
E006840,S2408,0,0.1502,0,0,1,0,0.0814,63,0
E006841,S1507,1,0.1331,0,0,1,0,0.0811,83,0
E006842,S4101,1,0.0961,0,0,1,1,0.1848,76,0
E006843,S0252,1,0.3055,1,1,0,2,0.3952,19,1
E006844,S4176,0,0.1786,0,0,1,0,0.17,79,0
E006845,S2249,0,0.0688,1,0,1,0,0.2582,72,0
E006846,S2371,0,0.2929,1,0,1,0,0.2162,73,0
E006847,S0208,1,0.4587,0,0,1,0,0.6406,62,0
E006848,S0856,0,0.7155,0,1,1,2,0.299,45,1
E006849,S3244,1,0.1094,0,0,0,0,0.0278,98,0
E006850,S2871,1,0.0697,0,0,1,0,0.7039,95,0
E006851,S2677,1,0.1028,0,1,1,0,0.0836,78,0
E006852,S1184,1,0.1682,1,0,1,0,0.098,76,0
E006853,S0006,0,0.8538,3,0,0,4,0.4091,30,1
E006854,S0083,0,0.4131,1,0,0,8,0.4499,18,1
E006855,S1894,1,0.1309,1,0,1,0,0.0802,100,0
E006856,S2663,1,0.05,1,0,1,0,0.1671,65,0
E006857,S2967,0,0.0122,0,0,1,0,0.0658,77,0
E006858,S0438,0,0.6469,1,0,1,0,0.6776,100,0
E006859,S4041,1,0.0545,0,0,1,0,0.0264,94,0
E006860,S0554,1,0.101,0,0,1,0,0.0898,79,0
E006861,S1560,1,0.076,0,0,1,0,0.0154,75,0
E006862,S2944,0,0.374,0,0,1,0,0.2997,65,1
E006863,S0032,1,0.5546,1,0,1,3,0.2285,53,0
E006864,S2959,1,0.0561,0,0,1,0,0.0513,85,0
E006865,S1170,1,0.0398,0,0,1,0,0.0053,94,0
E006866,S2252,1,0.0568,0,0,1,0,0.1242,74,0
E006867,S1763,0,0.0744,0,1,1,0,0.2863,79,0
E006868,S2201,1,0.1611,0,0,1,0,0.0386,79,0
E006869,S2416,0,0.2254,0,0,0,0,0.6494,57,0
E006870,S2616,0,0.5661,5,1,1,0,0.7677,44,0
E006871,S2901,1,0.1205,0,0,1,0,0.1039,82,0
E006872,S2871,1,0.135,0,0,1,0,0.4678,89,0
E006873,S2892,0,0.2694,0,0,1,0,0.1167,60,0
E006874,S3369,1,0.0462,0,0,1,0,0.1625,83,0
E006875,S2854,1,0.0356,0,0,1,0,0.0565,89,0
E006876,S1624,1,0.3532,1,1,1,0,0.5224,81,0
E006877,S2274,1,0.1277,0,1,1,0,0.1512,72,0
E006878,S1045,0,0.1002,1,0,1,0,0.0741,67,0
E006879,S1058,1,0.1587,1,1,1,0,0.2899,57,0
E006880,S3855,0,0.2736,0,0,1,0,0.2595,61,0
E006881,S1898,1,0.1091,0,0,1,0,0.1156,85,0
E006882,S0082,0,0.8097,4,0,0,8,0.8297,13,1
E006883,S0437,0,0.099,1,1,1,0,0.2422,82,0
E006884,S1324,1,0.1148,0,1,1,0,0.2525,39,1
E006885,S0255,0,0.7907,3,1,0,0,0.7288,58,1
E006886,S0174,1,0.3366,1,0,1,4,0.1822,58,1
E006887,S1985,0,0.0625,0,0,1,0,0.0525,58,0
E006888,S1099,0,0.4354,0,0,0,0,0.2356,63,1
E006889,S3230,0,0.5605,3,1,1,0,0.4598,61,1
E006890,S2653,1,0.207,0,0,1,0,0.0531,69,0
E006891,S1037,0,0.2402,0,1,1,0,0.3455,61,0
E006892,S0359,1,0.0693,0,0,1,0,0.1622,91,0
E006893,S3713,0,0.5531,0,1,0,0,0.6496,40,1
E006894,S0808,1,0.0823,0,0,1,0,0.2159,92,0
E006895,S2964,1,0.4644,2,1,0,0,0.3246,49,0
E006896,S0029,0,0.1904,0,0,1,3,0.4725,64,1
E006897,S1836,1,0.1592,1,0,1,0,0.0152,82,0
E006898,S2362,1,0.0534,0,0,1,0,0.1958,83,0
E006899,S3315,1,0.0713,0,0,1,0,0.133,78,0
E006900,S2438,1,0.1073,0,0,1,0,0.0838,73,0
E006901,S0032,0,0.8675,1,1,0,3,0.8324,36,1
E006902,S4035,0,0.4651,1,0,0,3,0.7447,50,1
E006903,S2759,0,0.2001,0,0,1,0,0.5848,70,0
E006904,S0718,1,0.045,0,0,1,0,0.0443,64,0
E006905,S0410,1,0.0181,0,0,1,0,0.033,86,0
E006906,S0297,1,0.0574,0,0,1,0,0.002,83,0
E006907,S0273,0,0.8099,8,1,1,3,0.7937,30,0
E006908,S2093,0,0.2518,0,0,1,0,0.426,42,0
E006909,S0065,1,0.3753,1,1,0,1,0.4275,39,1
E006910,S1702,1,0.1201,0,1,1,0,0.0908,65,0
E006911,S3055,1,0.2407,0,1,1,0,0.339,68,0
E006912,S0012,0,0.8976,3,0,0,7,0.5223,17,1
E006913,S3607,0,0.6377,2,1,1,0,0.3566,65,0
E006914,S0015,0,0.5219,0,1,1,3,0.4315,77,0
E006915,S2066,0,0.0673,1,0,1,0,0.0166,67,0
E006916,S0576,0,0.5958,1,1,0,1,0.655,27,1
E006917,S0097,1,0.4024,1,0,1,4,0.2699,38,1
E006918,S3121,1,0.1196,0,0,1,0,0.0881,86,0
E006919,S2612,1,0.3092,0,0,1,0,0.3427,82,0
E006920,S1909,0,0.0759,0,0,1,1,0.1094,73,0
E006921,S2319,0,0.6785,5,0,1,2,0.6442,38,0
E006922,S3306,1,0.1025,0,0,1,0,0.125,83,0
E006923,S2204,1,0.0212,1,1,1,0,0.0718,69,0
E006924,S2885,1,0.0807,0,0,1,0,0.44,85,1
E006925,S0165,1,0.0407,1,0,1,0,0.0683,67,0
E006926,S0833,0,0.0307,0,0,1,0,0.1845,64,0
E006927,S3199,1,0.0625,0,0,1,0,0.0633,87,0
E006928,S0904,1,0.0589,0,1,1,0,0.0369,91,0
E006929,S0206,0,0.2954,0,0,0,3,0.4831,44,1
E006930,S0132,0,0.7956,0,1,1,3,0.7268,7,1
E006931,S0965,1,0.1545,0,0,1,0,0.0558,85,0
E006932,S3965,1,0.0342,0,0,1,0,0.6146,67,0
E006933,S2602,0,0.201,0,0,0,1,0.7162,86,0
E006934,S0151,1,0.3251,0,1,0,4,0.295,50,1
E006935,S1840,0,0.2382,0,0,1,0,0.3878,65,0
E006936,S0807,1,0.1013,1,0,1,0,0.0234,83,0
E006937,S0217,0,0.7204,5,1,0,3,0.7019,16,1
E006938,S0153,0,0.6819,2,1,0,4,0.7085,29,1
E006939,S4165,1,0.1318,0,0,1,0,0.0274,89,0
E006940,S4132,1,0.1905,0,0,1,0,0.0124,95,0
E006941,S2175,0,0.0727,0,0,1,0,0.0627,69,0
E006942,S3940,1,0.2123,0,0,1,0,0.6167,59,0
E006943,S1895,1,0.1224,0,0,1,0,0.0464,72,0
E006944,S3364,0,0.4534,7,0,1,1,0.4081,21,1
E006945,S2805,1,0.02,0,0,1,0,0.0576,82,0
E006946,S4108,1,0.2332,0,0,1,0,0.2193,64,0
E006947,S0015,1,0.937,3,1,0,2,0.5852,33,1
E006948,S3862,0,0.7466,1,1,1,2,0.4852,7,1
E006949,S2237,1,0.0368,0,0,1,0,0.0614,70,0
E006950,S0699,0,0.0291,1,0,1,0,0.0539,84,0
E006951,S2720,1,0.1066,1,0,1,0,0.084,75,0
E006952,S1495,0,0.0225,0,0,1,0,0.0282,98,0
E006953,S1310,0,0.101,0,0,1,0,0.1228,77,0
E006954,S1112,1,0.1709,0,1,1,0,0.3553,66,0
E006955,S0258,0,0.9393,5,1,0,6,0.8772,1,1
E006956,S1164,0,0.7461,0,1,1,1,0.6139,22,1
E006957,S0053,0,0.3116,0,0,0,6,0.1482,31,1
E006958,S1673,1,0.0738,1,0,1,0,0.1514,65,0
E006959,S1625,1,0.0674,0,0,1,0,0.1867,79,1
E006960,S2859,1,0.0302,0,1,1,0,0.0372,90,0
E006961,S0897,1,0.5882,1,0,1,0,0.7956,75,0
E006962,S3211,1,0.0848,0,1,1,0,0.1474,65,0
E006963,S3149,1,0.0689,0,1,1,0,0.197,61,0
E006964,S3104,0,0.7682,2,1,0,0,0.5096,37,1
E006965,S1845,0,0.2652,1,0,1,2,0.5113,44,0
E006966,S2640,1,0.0295,0,0,1,0,0.0155,71,0
E006967,S2268,1,0.0589,0,0,1,0,0.1554,77,0
E006968,S2240,0,0.5643,1,1,0,0,0.5985,53,0
E006969,S1946,1,0.0835,1,0,1,0,0.435,79,0
E006970,S2038,0,0.4228,2,0,1,0,0.5372,47,0
E006971,S0253,1,0.7926,1,1,0,4,0.7456,19,1
E006972,S1677,0,0.7616,1,0,1,1,0.5883,50,0
E006973,S1053,0,0.5168,1,1,1,0,0.6197,11,1
E006974,S3935,1,0.1213,0,1,1,1,0.0466,80,0
E006975,S3568,0,0.2237,0,0,1,1,0.2337,85,0
E006976,S3796,0,0.1918,1,1,1,0,0.4605,94,0
E006977,S0125,0,0.349,4,0,0,3,0.7343,29,1
E006978,S4059,1,0.0788,0,0,1,0,0.4503,84,0
E006979,S1852,1,0.2479,0,0,1,0,0.1052,69,0
E006980,S2048,1,0.0974,0,0,0,0,0.1442,93,1
E006981,S4127,0,0.0259,0,0,1,0,0.0581,53,0
E006982,S0927,1,0.0457,0,0,1,0,0.3431,73,0
E006983,S0454,0,0.2839,0,1,1,1,0.513,88,1
E006984,S0796,0,0.7863,2,1,1,0,0.6377,40,1
E006985,S3534,0,0.4509,0,1,1,0,0.1363,56,1
E006986,S1520,1,0.1374,0,0,1,0,0.2111,86,0
E006987,S0316,0,0.3519,0,0,1,0,0.4868,72,1
E006988,S2425,0,0.0765,1,1,0,2,0.3367,33,1
E006989,S3298,1,0.0468,0,0,1,0,0.0432,69,0
E006990,S2418,0,0.0368,0,0,1,0,0.154,75,0
E006991,S4060,0,0.0437,0,1,1,0,0.0546,62,1
E006992,S0144,0,0.2061,0,0,1,0,0.3292,75,1
E006993,S1845,1,0.0227,0,0,1,0,0.1852,50,0
E006994,S4149,1,0.4274,3,1,0,0,0.8162,48,1
E006995,S4178,0,0.433,0,0,1,0,0.6037,36,0
E006996,S0115,0,0.6786,4,0,0,3,0.9273,15,1
E006997,S2207,0,0.3329,0,0,0,0,0.4915,60,0
E006998,S4009,1,0.1795,0,0,1,0,0.079,71,0
E006999,S2540,1,0.0267,0,0,1,0,0.1419,76,0
E007000,S2120,1,0.1014,0,0,1,0,0.0853,74,0
E007001,S0505,0,0.2435,1,0,1,0,0.2281,82,0
E007002,S3798,1,0.0258,0,0,1,0,0.0394,88,0
E007003,S1295,0,0.1215,0,0,1,0,0.1026,61,0
E007004,S2088,1,0.1022,0,0,1,0,0.026,100,0
E007005,S0057,0,0.6684,2,0,0,1,0.6623,22,1
E007006,S1789,0,0.7851,0,1,0,1,0.5813,43,1
E007007,S0041,0,0.2024,0,0,1,0,0.7071,80,0
E007008,S3761,1,0.1074,0,0,1,0,0.0867,82,0
E007009,S1743,1,0.5322,0,0,1,0,0.2424,85,0
E007010,S0128,1,0.2774,0,0,0,3,0.3395,9,1
E007011,S1195,0,0.7337,0,0,1,0,0.4224,93,1
E007012,S0075,0,0.576,1,0,1,1,0.8074,18,1
E007013,S2276,0,0.0933,0,0,1,0,0.0488,79,0
E007014,S2000,0,0.2733,0,0,1,0,0.3866,73,1
E007015,S1284,0,0.6773,3,0,0,0,0.3909,41,1
E007016,S2826,0,0.4021,1,1,1,0,0.465,46,1
E007017,S4078,1,0.0331,0,0,1,0,0.0561,83,0
E007018,S2949,1,0.135,0,0,1,0,0.0737,86,0
E007019,S1280,1,0.2122,0,0,1,0,0.0452,74,0
E007020,S0258,0,0.7695,0,1,0,1,0.6246,15,1
E007021,S2429,0,0.0991,0,0,1,0,0.124,91,0
E007022,S0442,0,0.1209,0,0,1,0,0.0866,78,0
E007023,S0248,0,0.593,5,1,1,1,0.7652,8,1
E007024,S3462,1,0.0199,0,0,1,0,0.0512,82,0
E007025,S0369,1,0.1169,0,1,1,0,0.0314,73,0
E007026,S2105,1,0.2769,0,0,0,1,0.3896,41,0
E007027,S3210,1,0.0936,0,0,1,0,0.1063,75,0
E007028,S1166,1,0.0324,0,0,1,0,0.1973,84,0
E007029,S1729,1,0.1107,0,0,1,0,0.0624,84,0
E007030,S0503,1,0.1655,1,0,1,0,0.4003,60,1
E007031,S1690,1,0.6105,3,1,1,0,0.8071,26,1
E007032,S3062,1,0.3596,1,0,0,0,0.683,62,1
E007033,S3295,1,0.0971,0,1,1,1,0.1204,83,1
E007034,S0694,1,0.0262,1,0,1,1,0.0452,74,0
E007035,S0321,0,0.1086,0,0,1,0,0.1492,67,0
E007036,S2354,0,0.0945,0,0,1,0,0.0499,75,0
E007037,S3182,0,0.1531,1,1,1,0,0.2325,62,0
E007038,S0356,1,0.1675,0,0,1,0,0.0786,71,0
E007039,S0798,0,0.1569,0,0,1,0,0.4966,75,0
E007040,S3052,1,0.0896,0,1,0,0,0.3327,38,1
E007041,S3574,1,0.0411,0,0,1,0,0.1411,66,0
E007042,S0710,1,0.0841,0,0,1,0,0.0271,76,0
E007043,S1655,0,0.6092,1,0,1,0,0.5281,56,1
E007044,S2481,1,0.0968,0,0,1,0,0.4848,94,0
E007045,S3368,1,0.0476,0,0,1,0,0.0445,73,0
E007046,S0898,0,0.3128,0,0,1,0,0.0254,62,0
E007047,S4030,1,0.0999,0,0,1,0,0.7154,74,0
E007048,S3743,1,0.1326,0,0,1,0,0.0756,92,0
E007049,S3245,1,0.0789,0,0,1,0,0.1822,92,1
E007050,S3984,1,0.0322,0,0,1,0,0.0604,84,0
E007051,S0291,0,0.6837,5,1,0,7,0.7499,14,1
E007052,S4195,1,0.1546,0,1,0,0,0.1374,72,0
E007053,S0052,1,0.3,1,0,1,5,0.3066,28,1
E007054,S2409,1,0.2884,0,1,0,0,0.439,58,0
E007055,S3867,1,0.0525,0,0,1,0,0.1529,72,0
E007056,S1184,0,0.1558,0,0,1,0,0.3976,76,0
E007057,S3190,0,0.0153,0,0,1,0,0.0713,78,0
E007058,S1369,1,0.1386,0,0,1,0,0.0305,92,0
E007059,S3369,1,0.0393,0,0,1,0,0.2825,62,0
E007060,S3967,0,0.1572,0,0,1,1,0.0591,53,0
E007061,S2838,1,0.3398,0,0,1,0,0.0843,89,0
E007062,S0261,0,0.7198,6,1,1,6,0.6755,21,1
E007063,S1054,1,0.2873,0,0,1,0,0.4912,43,0
E007064,S1946,0,0.3248,1,1,0,0,0.4013,81,1
E007065,S0229,1,0.3614,2,0,1,7,0.3215,55,1
E007066,S3155,1,0.1461,1,0,1,0,0.0493,61,0
E007067,S2191,1,0.2995,0,1,1,1,0.1191,87,0
E007068,S1322,0,0.7681,0,0,1,0,0.8087,53,0
E007069,S2656,0,0.0397,0,0,1,0,0.1883,77,0
E007070,S2607,1,0.0774,1,0,1,0,0.0396,92,0
E007071,S0920,0,0.2905,1,0,0,0,0.0505,40,1
E007072,S0439,1,0.0212,0,0,0,0,0.4101,86,0
E007073,S2240,1,0.1072,0,1,0,0,0.1204,84,0
E007074,S0724,0,0.1974,1,0,1,0,0.0502,72,0
E007075,S2963,0,0.0611,0,0,1,0,0.06,74,0
E007076,S3093,0,0.1336,0,0,1,0,0.1145,77,0
E007077,S1505,1,0.0006,0,0,1,0,0.0396,84,0
E007078,S0244,0,0.7297,3,0,0,3,0.7815,26,1
E007079,S2172,1,0.1467,0,0,0,0,0.3944,80,1
E007080,S1908,1,0.1101,0,0,0,0,0.7005,69,0
E007081,S0567,1,0.1993,1,1,1,0,0.185,56,0
E007082,S0130,0,0.8468,2,1,1,7,0.8296,22,1
E007083,S1000,1,0.0381,0,0,1,0,0.0703,90,0
E007084,S1176,1,0.0549,0,0,1,0,0.0337,81,0
E007085,S1511,1,0.0184,1,0,1,0,0.0425,80,0
E007086,S0964,1,0.0124,0,0,1,0,0.0517,69,0
E007087,S0751,0,0.3799,1,0,1,0,0.072,31,0
E007088,S1397,0,0.7262,1,1,1,0,0.4258,40,1
E007089,S1897,1,0.1803,0,0,1,0,0.1341,88,1
E007090,S4040,0,0.4376,1,1,1,1,0.362,63,1
E007091,S0194,1,0.5885,2,0,1,6,0.331,29,1
E007092,S0226,1,0.132,0,0,1,0,0.0978,83,0
E007093,S2793,1,0.1595,0,1,1,1,0.1354,57,1
E007094,S3313,0,0.1461,0,1,0,1,0.3908,69,1
E007095,S1915,1,0.0906,0,1,1,0,0.1378,76,0
E007096,S3595,1,0.0558,1,0,1,0,0.1689,90,0
E007097,S2744,1,0.0939,0,0,1,0,0.0863,96,0
E007098,S2783,1,0.0212,2,1,1,0,0.1726,73,0
E007099,S3684,1,0.0966,0,0,0,0,0.0708,88,0
E007100,S1154,1,0.0987,0,0,1,0,0.5249,64,0
E007101,S3144,1,0.0241,0,0,1,0,0.1702,83,0
E007102,S1242,0,0.5605,3,1,0,0,0.6795,40,1
E007103,S1322,1,0.0533,0,0,1,0,0.5834,60,0
E007104,S0523,1,0.182,0,0,1,0,0.7791,84,1
E007105,S3588,0,0.216,1,0,1,0,0.362,57,0
E007106,S2978,1,0.1881,0,0,1,0,0.0351,83,0
E007107,S1668,1,0.1153,0,0,1,0,0.1502,82,0
E007108,S1397,1,0.0538,0,0,1,0,0.0051,85,0
E007109,S0126,1,0.505,1,0,1,1,0.2486,40,1
E007110,S3598,1,0.0531,0,0,1,0,0.0743,91,0
E007111,S1309,0,0.1781,0,0,1,0,0.5384,77,0
E007112,S3502,1,0.0553,0,0,1,0,0.0122,81,0
E007113,S0277,0,0.6073,3,1,0,2,0.7463,47,1
E007114,S0226,0,0.7276,5,1,1,4,0.8156,27,1
E007115,S1183,1,0.0275,0,0,1,0,0.0675,76,0
E007116,S1968,0,0.2838,3,0,1,0,0.8466,17,1
E007117,S3146,1,0.1767,0,0,1,0,0.0116,58,0
E007118,S1197,1,0.1182,0,1,1,0,0.0781,58,0
E007119,S1872,1,0.064,0,0,1,0,0.136,72,0
E007120,S3048,1,0.1252,0,1,1,0,0.2464,77,0
E007121,S1591,1,0.1186,0,0,1,0,0.0933,55,0
E007122,S3977,0,0.1215,0,0,0,0,0.0931,74,0
E007123,S1232,1,0.1015,0,0,0,0,0.1511,81,0
E007124,S3137,1,0.0222,0,0,1,0,0.056,81,0
E007125,S2793,1,0.1577,0,0,1,0,0.0702,58,0
E007126,S2464,0,0.0467,0,0,1,0,0.0779,58,0
E007127,S1347,0,0.6135,0,0,0,0,0.0922,63,0
E007128,S0890,1,0.3676,1,0,0,1,0.7068,63,1
E007129,S0725,1,0.0572,2,1,1,1,0.0468,82,0
E007130,S3543,1,0.1759,0,0,1,0,0.0573,86,0
E007131,S2826,0,0.1024,0,0,1,0,0.0723,83,0
E007132,S0269,0,0.7588,3,1,1,5,0.5514,34,1
E007133,S0777,1,0.0687,0,0,1,0,0.0399,93,0
E007134,S3063,1,0.0697,0,0,1,0,0.1751,73,0
E007135,S1554,1,0.0196,0,0,1,0,0.5715,92,0
E007136,S0174,0,0.7377,3,0,0,4,0.9036,8,1
E007137,S2743,1,0.2347,0,0,1,0,0.2394,80,0
E007138,S1731,0,0.0416,4,0,1,0,0.0773,89,0
E007139,S1398,1,0.2607,1,1,1,0,0.3364,90,1
E007140,S0359,0,0.0811,0,0,1,0,0.4634,77,0
E007141,S2424,0,0.0706,0,0,1,1,0.0579,86,0
E007142,S0836,1,0.0442,0,1,1,0,0.1352,80,0
E007143,S1966,1,0.0705,0,0,1,0,0.0966,91,0
E007144,S0677,0,0.1498,0,0,0,1,0.5165,54,1
E007145,S0125,0,0.728,4,1,0,3,0.6324,17,1
E007146,S0473,0,0.0203,0,0,1,0,0.1477,48,1
E007147,S2823,1,0.1124,0,1,1,1,0.1994,92,0
E007148,S4159,1,0.0861,1,0,1,0,0.1871,85,0
E007149,S0227,0,0.4569,0,1,0,2,0.4963,59,0
E007150,S1233,1,0.1561,0,0,1,0,0.0442,78,0
E007151,S0287,1,0.0127,0,0,1,0,0.0291,80,0
E007152,S0263,0,0.6166,0,0,0,7,0.5352,45,1
E007153,S3985,1,0.1976,1,0,1,1,0.0242,90,0
E007154,S3268,0,0.2555,1,0,1,0,0.5439,86,1
E007155,S0693,0,0.468,1,1,1,0,0.2281,55,0
E007156,S2563,1,0.5082,0,1,1,0,0.5178,44,0
E007157,S1484,0,0.1793,0,0,1,0,0.0679,77,0
E007158,S2831,1,0.2152,0,0,1,0,0.0278,59,0
E007159,S1191,1,0.1087,0,0,1,0,0.0736,79,0
E007160,S1086,1,0.0752,0,0,1,0,0.0397,71,0
E007161,S2863,0,0.3223,1,1,1,0,0.165,57,0
E007162,S0546,0,0.2535,0,0,1,0,0.0935,71,0
E007163,S0277,1,0.4208,1,0,1,5,0.6772,73,1
E007164,S3074,0,0.3118,1,0,1,0,0.0458,79,0
E007165,S1596,1,0.0564,0,0,1,0,0.1276,86,0
E007166,S1501,0,0.4804,0,0,1,0,0.1465,59,1
E007167,S3570,1,0.0925,0,0,1,0,0.1511,89,0
E007168,S4122,0,0.3478,3,1,0,0,0.5608,35,1
E007169,S4139,1,0.1568,0,0,1,0,0.0303,84,0
E007170,S2184,0,0.0552,0,1,1,0,0.2096,61,0
E007171,S2033,0,0.0366,0,0,1,1,0.3976,72,0
E007172,S0491,1,0.0063,0,1,1,0,0.1292,69,0
E007173,S1665,0,0.6901,2,0,0,0,0.2511,24,0
E007174,S2347,1,0.5241,2,0,0,1,0.5676,71,0
E007175,S3568,0,0.2644,1,1,1,1,0.4428,64,1
E007176,S4077,1,0.0978,0,0,1,0,0.1627,84,0
E007177,S3337,1,0.1106,2,1,1,0,0.2136,83,0
E007178,S2078,1,0.0485,0,0,1,0,0.0824,82,0
E007179,S0834,0,0.5946,1,1,1,0,0.2461,19,1
E007180,S1578,0,0.4514,1,1,0,0,0.2714,79,0
E007181,S1619,0,0.0565,2,0,0,0,0.0208,46,1
E007182,S0168,0,0.2513,1,0,0,0,0.2552,33,0
E007183,S0018,1,0.0435,1,0,1,0,0.0147,78,0
E007184,S1617,1,0.0834,0,0,1,0,0.0772,84,0
E007185,S1941,1,0.0201,0,0,1,0,0.0981,74,0
E007186,S1601,1,0.1142,0,0,1,0,0.6844,80,0
E007187,S3549,0,0.5514,2,0,0,0,0.832,46,1
E007188,S0164,0,0.5109,2,1,0,6,0.4269,41,1
E007189,S4141,1,0.0776,0,0,1,0,0.0186,84,0
E007190,S0189,1,0.6012,0,0,1,6,0.3513,42,1
E007191,S1067,0,0.3626,0,0,1,0,0.4425,78,0
E007192,S0262,1,0.0906,0,0,1,0,0.1279,86,0
E007193,S2364,0,0.2125,1,1,1,0,0.3538,40,1
E007194,S0634,1,0.0689,0,0,1,0,0.0221,84,0
E007195,S2164,0,0.6896,4,1,1,0,0.633,28,1
E007196,S0474,1,0.1072,0,0,1,1,0.0523,66,0
E007197,S2283,1,0.0398,0,1,1,0,0.0594,98,0
E007198,S1477,0,0.1055,0,0,1,0,0.0153,54,0
E007199,S0152,1,0.2416,0,0,0,5,0.6856,10,1
E007200,S1023,0,0.7651,1,1,0,1,0.2927,59,0
E007201,S3501,1,0.1109,0,0,1,0,0.033,76,0
E007202,S3335,1,0.0509,0,0,1,0,0.057,69,0
E007203,S0291,0,0.369,2,0,1,1,0.0815,42,1
E007204,S2312,1,0.1921,0,0,1,0,0.2228,73,0
E007205,S0213,1,0.4022,0,0,0,4,0.3316,62,1
E007206,S0346,1,0.2185,0,0,1,0,0.6941,59,1
E007207,S2235,1,0.5286,1,0,1,1,0.5145,73,0
E007208,S3230,0,0.7423,4,1,0,1,0.3517,25,1
E007209,S3850,1,0.0187,0,0,1,1,0.0166,90,0
E007210,S0017,0,0.1327,1,0,0,3,0.3185,39,1
E007211,S1997,1,0.0252,0,0,1,0,0.0328,82,0
E007212,S2202,0,0.5778,0,1,1,1,0.3124,29,1
E007213,S0113,1,0.3712,1,0,1,3,0.2615,56,1
E007214,S0239,0,0.6265,3,1,0,5,0.6422,36,1
E007215,S3547,0,0.177,0,1,1,0,0.5599,31,1
E007216,S3145,1,0.175,0,0,1,0,0.0711,70,0
E007217,S0883,0,0.0949,2,0,1,0,0.3986,67,0
E007218,S0702,0,0.4412,1,0,1,0,0.2542,40,0
E007219,S1808,1,0.0794,0,0,1,0,0.1319,74,0
E007220,S3953,1,0.137,0,0,1,0,0.1684,100,0
E007221,S0846,0,0.0717,0,0,1,1,0.0491,58,0
E007222,S0340,1,0.053,0,0,1,0,0.2983,79,0
E007223,S4114,1,0.0465,0,0,1,0,0.0403,83,0
E007224,S3937,0,0.0661,0,0,1,0,0.0943,74,0
E007225,S2383,1,0.0557,0,0,1,0,0.1611,73,0
E007226,S1283,1,0.1249,0,0,1,0,0.0723,86,0
E007227,S0512,1,0.1557,0,0,1,0,0.462,78,0
E007228,S2711,1,0.0856,0,0,1,0,0.1043,94,0
E007229,S3248,1,0.5429,0,1,0,1,0.2767,74,0
E007230,S2728,1,0.0627,0,0,1,0,0.1876,68,0
E007231,S3667,1,0.0572,0,0,0,0,0.3912,83,0
E007232,S1229,1,0.0895,0,0,1,0,0.0651,79,0
E007233,S1261,1,0.5048,1,0,1,1,0.7992,49,0
E007234,S3192,1,0.0884,0,0,1,0,0.26,100,0
E007235,S0148,0,0.059,0,0,1,0,0.0478,90,0
E007236,S0264,1,0.2558,0,1,1,3,0.1987,24,1
E007237,S2359,1,0.1198,0,0,1,1,0.0642,86,0
E007238,S0112,0,0.7151,2,1,0,5,0.607,18,1
E007239,S3003,0,0.3277,1,0,0,1,0.4806,24,1
E007240,S0274,0,0.8542,4,1,1,3,0.707,0,1
E007241,S1723,1,0.0621,0,0,1,0,0.0411,77,0
E007242,S2590,1,0.1958,0,0,1,0,0.0322,86,0
E007243,S2912,0,0.1513,0,1,1,0,0.1072,91,0
E007244,S0227,0,0.8918,4,1,1,4,0.7688,35,1
E007245,S4043,1,0.2558,1,0,0,0,0.3702,51,0
E007246,S4133,1,0.2628,1,0,1,0,0.1612,76,0
E007247,S0024,1,0.3832,0,1,1,2,0.4175,80,1
E007248,S2068,0,0.0897,0,0,1,0,0.0238,56,0
E007249,S0138,1,0.1679,0,0,1,0,0.0051,57,0
E007250,S2642,1,0.1538,0,0,1,0,0.5367,80,0
E007251,S2186,0,0.583,2,0,0,0,0.6381,24,1
E007252,S0124,1,0.1583,1,1,1,0,0.2441,56,0
E007253,S2721,0,0.0256,0,1,1,0,0.1447,64,0
E007254,S3035,1,0.4027,0,0,1,0,0.3032,66,0
E007255,S2344,1,0.1346,0,0,1,0,0.7049,69,0
E007256,S3545,1,0.1178,0,0,1,0,0.038,80,0
E007257,S1075,1,0.2935,0,1,0,1,0.5159,72,0
E007258,S1176,1,0.2124,0,0,0,0,0.5086,62,0
E007259,S2423,0,0.0527,1,0,1,0,0.1321,83,1
E007260,S0189,0,0.0401,1,0,1,0,0.1094,69,0
E007261,S1936,0,0.0405,0,0,1,0,0.1788,74,0
E007262,S0962,1,0.8785,3,0,1,1,0.7041,2,1
E007263,S1697,1,0.0762,1,1,1,0,0.1177,91,0
E007264,S0573,1,0.1168,0,0,1,0,0.0155,74,0
E007265,S0544,1,0.0971,0,0,1,0,0.0951,90,0
E007266,S3317,1,0.0804,0,0,1,1,0.1423,75,0
E007267,S0569,1,0.0888,0,0,1,0,0.1216,87,0
E007268,S2332,1,0.1033,0,0,1,0,0.0901,81,0
E007269,S3175,0,0.2387,0,1,1,0,0.1697,70,0
E007270,S0795,1,0.1833,1,1,0,0,0.5509,63,0
E007271,S1308,0,0.0968,0,0,1,0,0.0749,98,0
E007272,S0811,0,0.0698,0,1,1,0,0.121,66,0
E007273,S0256,0,0.818,5,1,1,4,0.6057,0,0
E007274,S1351,0,0.0769,0,0,1,0,0.5197,83,0
E007275,S1902,1,0.0804,0,0,0,0,0.1066,76,0
E007276,S1742,1,0.0296,1,0,1,1,0.1056,73,0
E007277,S0120,0,0.8349,2,1,1,2,0.6991,31,1
E007278,S1967,1,0.1254,0,0,1,0,0.5312,60,1
E007279,S2129,0,0.3398,0,1,1,0,0.5339,95,0
E007280,S0160,1,0.1168,2,0,0,0,0.1367,64,0
E007281,S3136,0,0.4474,3,1,0,1,0.7401,33,1
E007282,S2278,1,0.0818,0,0,1,0,0.0876,97,0
E007283,S3483,0,0.745,3,0,1,2,0.7756,4,1
E007284,S0004,0,0.5875,2,0,0,4,0.6825,43,1
E007285,S0148,1,0.1246,0,0,1,0,0.1614,80,0
E007286,S0794,1,0.0538,0,0,1,0,0.0961,85,0
E007287,S3644,0,0.4979,0,0,1,0,0.3412,51,0
E007288,S1713,1,0.1034,0,1,1,0,0.2845,75,0
E007289,S0109,1,0.1397,0,0,1,0,0.0799,91,0
E007290,S0016,1,0.5866,0,0,1,2,0.5225,41,1
E007291,S1626,1,0.0759,0,0,1,0,0.0934,81,0
E007292,S3113,1,0.0165,0,0,1,1,0.2569,96,0
E007293,S3701,1,0.1212,0,0,1,0,0.7497,76,0
E007294,S2879,1,0.0122,0,0,1,0,0.0358,75,0
E007295,S0189,0,0.6441,3,1,0,3,0.7186,30,1
E007296,S3370,1,0.0555,0,0,1,0,0.0663,90,0
E007297,S2174,1,0.0267,1,0,1,0,0.0628,81,0
E007298,S1576,0,0.789,1,0,0,0,0.6942,38,1
E007299,S1482,1,0.1279,0,1,1,0,0.1694,63,0
E007300,S0592,1,0.1207,0,0,1,0,0.5909,75,0
E007301,S1955,0,0.5519,0,1,1,0,0.6523,62,1
E007302,S1331,1,0.571,1,0,1,1,0.3866,25,1
E007303,S0239,1,0.0818,1,1,1,0,0.0444,77,0
E007304,S1179,1,0.0177,0,1,1,0,0.1455,77,0
E007305,S4149,0,0.1024,2,0,1,0,0.1328,93,1
E007306,S1149,0,0.0708,0,0,1,0,0.1865,81,0
E007307,S2427,1,0.1307,0,0,1,0,0.5984,82,0
E007308,S1551,0,0.1275,0,1,1,1,0.4916,34,1
E007309,S2264,0,0.8422,3,0,0,0,0.6746,50,1
E007310,S0250,1,0.0727,1,0,1,0,0.0341,87,0
E007311,S1876,1,0.0409,1,0,1,0,0.0565,100,0
E007312,S1334,0,0.2047,0,0,1,0,0.0529,46,0
E007313,S1179,1,0.0602,1,0,1,0,0.1088,81,0
E007314,S0326,0,0.0946,0,0,1,0,0.0061,69,0
E007315,S2564,1,0.1619,0,0,1,0,0.0298,95,0
E007316,S4053,1,0.0493,0,1,0,0,0.2652,78,0
E007317,S3025,1,0.0336,0,0,0,0,0.0921,65,0
E007318,S2502,1,0.0049,0,1,1,0,0.1672,78,0
E007319,S0739,1,0.0145,0,1,1,0,0.2702,77,0
E007320,S0517,0,0.3436,1,0,1,1,0.4217,40,1
E007321,S2541,0,0.6245,3,0,1,2,0.574,29,1
E007322,S1106,1,0.058,0,0,1,0,0.7714,60,0
E007323,S1948,1,0.0598,0,0,1,0,0.0635,97,0
E007324,S2620,0,0.4952,4,1,0,0,0.7422,55,1
E007325,S4180,1,0.0674,0,1,1,0,0.1729,74,0
E007326,S2003,1,0.0441,0,0,1,0,0.0194,76,1
E007327,S1123,0,0.1729,1,0,0,0,0.6489,72,0
E007328,S1537,1,0.3063,3,0,0,1,0.7564,41,1
E007329,S2149,1,0.0703,0,1,1,0,0.117,63,0
E007330,S3649,1,0.1092,0,0,1,0,0.332,67,0
E007331,S0783,1,0.1211,0,0,1,0,0.0889,80,0
E007332,S0868,1,0.1265,0,0,1,0,0.0658,67,0
E007333,S3675,1,0.1169,0,1,1,0,0.1524,68,0
E007334,S2475,0,0.267,0,0,1,0,0.3999,69,0
E007335,S0163,0,0.3353,0,0,1,2,0.3659,29,1
E007336,S2883,0,0.8141,2,0,1,2,0.8305,22,1
E007337,S2565,0,0.0984,1,0,0,0,0.0242,69,0
E007338,S4178,0,0.2389,0,0,0,0,0.0804,72,0
E007339,S3599,0,0.7005,1,0,1,0,0.6082,23,1
E007340,S0152,1,0.0236,0,0,1,0,0.0574,91,0
E007341,S0006,1,0.0904,0,1,1,1,0.1766,75,0
E007342,S2373,1,0.1317,0,1,1,0,0.1322,86,0
E007343,S0943,1,0.1276,0,0,1,0,0.0434,90,0
E007344,S0182,1,0.0751,0,0,1,0,0.1576,81,0
E007345,S1819,1,0.0055,0,1,1,0,0.3966,76,0
E007346,S0413,1,0.0735,0,0,1,0,0.0827,83,0
E007347,S1083,0,0.7998,1,1,1,1,0.5896,31,1
E007348,S1622,0,0.7178,0,1,1,1,0.2944,38,0
E007349,S0798,0,0.4796,1,0,1,0,0.504,43,0
E007350,S3282,1,0.1842,0,0,1,0,0.0193,76,0
E007351,S0630,1,0.1422,0,0,1,0,0.0793,52,0
E007352,S0132,0,0.9756,2,1,0,3,0.8447,8,1
E007353,S1971,0,0.0673,0,0,1,0,0.0745,72,0
E007354,S2166,1,0.1236,0,0,1,0,0.4281,75,1
E007355,S3370,0,0.0091,0,0,1,1,0.0888,68,0
E007356,S0028,1,0.4988,2,0,1,5,0.2478,43,1
E007357,S0006,1,0.0164,0,0,1,0,0.0349,80,1
E007358,S3520,0,0.191,0,0,1,0,0.662,63,0
E007359,S0885,1,0.0513,0,1,1,1,0.11,90,1
E007360,S0940,1,0.1179,0,0,1,0,0.0319,83,0
E007361,S1027,1,0.0461,0,1,1,0,0.0713,78,0
E007362,S0328,1,0.1464,0,0,1,0,0.1476,68,0
E007363,S0231,0,0.6272,0,1,1,4,0.3237,35,1
E007364,S3301,0,0.0643,0,0,1,0,0.122,86,0
E007365,S3367,1,0.4592,0,0,0,0,0.1394,56,0
E007366,S2835,1,0.0147,0,0,1,0,0.2261,83,0
E007367,S0053,1,0.505,0,0,1,5,0.3959,63,1
E007368,S2075,0,0.3892,0,0,1,0,0.679,42,0
E007369,S0875,1,0.0457,0,0,1,0,0.0832,88,0
E007370,S2624,0,0.1557,0,0,1,0,0.4023,66,0
E007371,S1240,0,0.0267,0,0,1,0,0.0308,84,0
E007372,S3603,1,0.1047,0,0,1,0,0.0137,80,0
E007373,S1561,1,0.0336,0,0,1,0,0.7216,82,0
E007374,S0207,0,0.4232,1,1,0,2,0.4294,72,1
E007375,S1164,0,0.5649,7,1,1,1,0.5319,29,1
E007376,S0911,0,0.2332,0,0,1,0,0.0643,66,0
E007377,S3490,1,0.234,0,0,1,0,0.0725,77,0
E007378,S0016,0,0.8423,5,1,0,4,0.7153,6,1
E007379,S1780,1,0.1183,0,0,1,0,0.0744,79,0
E007380,S3823,1,0.0556,0,1,1,0,0.1677,81,0
E007381,S3772,1,0.0616,0,0,1,0,0.161,84,0
E007382,S1172,0,0.4686,0,0,1,1,0.413,58,1
E007383,S3680,1,0.0904,0,0,1,0,0.1158,72,0
E007384,S0139,0,0.8596,1,1,0,4,0.5093,26,1
E007385,S0684,0,0.465,0,1,0,0,0.8458,49,1
E007386,S3970,1,0.0184,0,0,1,0,0.0374,84,0
E007387,S3295,1,0.1215,0,0,1,0,0.1802,84,0
E007388,S4143,1,0.0059,0,1,1,0,0.0337,80,0
E007389,S1082,1,0.1276,0,0,1,0,0.0766,79,0
E007390,S2083,1,0.0413,1,0,1,0,0.2776,100,1
E007391,S2301,1,0.1121,0,0,1,1,0.068,77,0
E007392,S0891,1,0.8093,1,1,1,0,0.2618,57,1
E007393,S1854,1,0.1068,0,0,1,0,0.1356,66,0
E007394,S2087,1,0.0336,0,0,1,0,0.3452,82,0
E007395,S1173,1,0.0617,0,0,1,1,0.1495,90,0
E007396,S3752,0,0.8186,5,1,0,0,0.6868,40,1
E007397,S2829,1,0.0914,0,0,1,0,0.2998,62,1
E007398,S1712,1,0.1097,3,0,1,0,0.4677,48,1
E007399,S0974,0,0.2362,1,0,1,1,0.1063,80,0
E007400,S0809,0,0.5063,2,0,0,1,0.7199,26,1
E007401,S2827,1,0.2147,0,0,1,0,0.4558,63,0
E007402,S0171,1,0.3536,0,0,1,3,0.2584,57,1
E007403,S3431,1,0.0219,0,1,1,0,0.1248,56,0
E007404,S2209,0,0.6466,1,0,0,0,0.2262,55,1
E007405,S0102,1,0.3281,0,0,1,1,0.3526,63,0
E007406,S0187,0,0.3618,1,1,1,0,0.3152,62,0
E007407,S3180,1,0.4768,1,1,1,2,0.5911,56,1
E007408,S1066,1,0.0635,0,0,1,0,0.2915,71,0
E007409,S3979,1,0.0386,0,0,0,0,0.1071,78,0
E007410,S1306,0,0.5423,1,1,1,1,0.3792,48,1
E007411,S0281,1,0.0744,2,0,1,0,0.6633,79,0
E007412,S3643,1,0.0299,0,0,1,0,0.0509,86,0
E007413,S2601,0,0.0665,1,0,0,0,0.0885,76,0
E007414,S0700,1,0.1185,0,0,1,0,0.049,61,0
E007415,S2092,1,0.088,0,1,1,0,0.03,88,0
E007416,S2820,1,0.1313,0,0,1,0,0.0698,89,0
E007417,S0733,1,0.0247,0,0,1,1,0.6522,78,0
E007418,S1181,1,0.0846,0,0,1,0,0.2299,70,0
E007419,S3320,0,0.5848,1,1,1,0,0.7355,10,1
E007420,S1534,1,0.0938,1,1,1,0,0.0317,87,0
E007421,S0255,1,0.3686,0,0,1,5,0.3635,43,0
E007422,S0785,1,0.0179,0,0,1,0,0.0466,56,0
E007423,S1335,1,0.1556,0,0,0,0,0.1052,86,0
E007424,S3623,0,0.1086,0,0,1,0,0.068,71,0
E007425,S0091,1,0.1782,0,0,1,0,0.0343,79,0
E007426,S1310,1,0.0518,0,0,1,1,0.0634,90,0
E007427,S0005,0,0.6994,2,1,0,4,0.5424,20,1
E007428,S3750,1,0.0624,0,0,1,0,0.1626,78,0
E007429,S2221,0,0.1725,0,1,1,1,0.404,63,1
E007430,S0089,0,0.9138,2,1,0,3,0.8715,22,1
E007431,S0197,1,0.0995,0,0,1,0,0.0986,62,0
E007432,S2417,1,0.0588,0,0,1,0,0.056,100,0
E007433,S0098,0,0.6413,3,0,0,3,0.8034,12,1
E007434,S2231,1,0.0495,1,0,1,0,0.0737,77,0
E007435,S2245,1,0.1093,0,0,1,0,0.0499,87,0
E007436,S1312,1,0.1546,0,0,0,0,0.613,100,0
E007437,S0097,1,0.3689,0,0,0,5,0.6107,42,0
E007438,S0196,1,0.8434,6,1,0,4,0.7533,0,1
E007439,S3233,1,0.0843,0,0,1,0,0.0551,62,0
E007440,S0032,0,0.6702,2,1,0,1,0.5605,12,1
E007441,S2017,1,0.1508,0,0,1,0,0.5926,69,0
E007442,S0233,0,0.733,3,1,0,4,0.6048,0,1
E007443,S2778,0,0.7172,0,0,1,0,0.2233,54,0
E007444,S0179,1,0.218,0,0,1,2,0.3308,48,0
E007445,S2928,1,0.0453,0,1,0,0,0.1171,73,1
E007446,S2368,1,0.1917,0,0,1,0,0.5933,76,0
E007447,S2051,1,0.0493,0,0,1,0,0.0379,89,1
E007448,S3105,1,0.5791,1,1,0,0,0.3921,41,0
E007449,S0673,1,0.1906,0,0,1,0,0.0585,80,0
E007450,S3242,0,0.2056,0,0,0,1,0.3889,55,0
E007451,S0457,1,0.0345,0,0,1,0,0.0322,78,0
E007452,S0165,0,0.1056,1,0,1,0,0.1943,68,1
E007453,S0198,0,0.2804,2,0,0,5,0.5958,54,1
E007454,S2204,0,0.066,1,0,1,0,0.2757,76,0
E007455,S2546,0,0.1235,0,0,1,0,0.2135,59,0
E007456,S3615,0,0.5535,2,1,0,0,0.5889,30,1
E007457,S1534,1,0.0572,0,0,1,0,0.1189,85,0
E007458,S3961,1,0.0891,0,0,1,0,0.2336,80,0
E007459,S3110,0,0.5599,2,1,0,0,0.4946,74,0
E007460,S0008,0,0.7262,6,1,0,6,0.8855,4,1
E007461,S0762,1,0.1223,0,0,1,0,0.3557,77,0
E007462,S2396,1,0.1757,0,0,1,0,0.3719,59,0
E007463,S2350,1,0.0675,0,0,1,0,0.1046,96,0
E007464,S0142,1,0.495,0,1,0,0,0.5138,79,0
E007465,S0513,0,0.0908,0,0,1,0,0.439,72,1
E007466,S0128,0,0.8634,3,1,0,4,0.8022,15,1
E007467,S1761,1,0.0673,0,0,1,0,0.4994,65,0
E007468,S1521,0,0.1163,1,0,0,0,0.1155,66,0
E007469,S1891,1,0.1022,0,1,1,0,0.3716,69,0
E007470,S3169,1,0.0291,0,1,1,0,0.0334,75,0
E007471,S2367,1,0.0581,0,0,1,0,0.1536,76,0
E007472,S1357,1,0.1282,0,1,1,0,0.0262,75,0
E007473,S2140,0,0.1442,0,0,1,0,0.2762,66,0
E007474,S2860,1,0.1153,0,0,1,1,0.0167,88,0
E007475,S0484,1,0.1833,0,0,1,0,0.1188,70,0
E007476,S3389,1,0.0621,0,0,1,0,0.1227,77,0
E007477,S1758,0,0.567,1,1,1,0,0.7814,27,1
E007478,S0300,0,0.484,0,1,1,2,0.4076,39,1
E007479,S1985,1,0.0219,0,0,1,0,0.1756,82,0
E007480,S0858,0,0.3193,0,0,1,0,0.1498,55,1
E007481,S1474,1,0.0341,0,1,1,0,0.1259,68,0
E007482,S1327,1,0.0357,1,0,1,0,0.3045,75,0
E007483,S3126,1,0.1356,0,1,1,0,0.1494,80,0
E007484,S3636,1,0.0141,0,0,1,0,0.0647,79,0
E007485,S0645,1,0.1018,0,1,1,0,0.1775,75,0
E007486,S2027,0,0.3331,1,1,1,1,0.5797,43,0
E007487,S3160,1,0.044,0,0,1,0,0.106,70,0
E007488,S0642,1,0.1053,0,0,1,0,0.6677,78,0
E007489,S2087,1,0.1387,0,0,1,0,0.1692,78,0
E007490,S0694,1,0.335,0,0,1,1,0.4093,39,0
E007491,S1419,0,0.8403,1,1,0,1,0.3068,55,1
E007492,S1405,1,0.1083,0,0,1,0,0.1247,80,0
E007493,S1581,0,0.2996,0,0,1,0,0.375,67,0
E007494,S2741,0,0.1454,0,0,1,2,0.0152,74,0
E007495,S3671,1,0.0487,0,1,1,0,0.1955,84,0
E007496,S3768,0,0.166,0,1,1,2,0.1732,61,1
E007497,S1715,0,0.7737,3,1,1,0,0.5432,38,1
E007498,S0801,0,0.1448,0,0,1,0,0.0933,79,0
E007499,S1736,0,0.5393,1,1,0,1,0.5717,49,1
E007500,S3566,0,0.0889,0,1,1,0,0.2432,79,0
E007501,S2975,1,0.1719,0,0,1,0,0.0859,100,0
E007502,S1193,1,0.0675,0,0,1,0,0.0601,73,0
E007503,S3197,1,0.3548,0,0,1,0,0.3579,71,1
E007504,S2892,1,0.119,0,0,1,0,0.0968,58,0
E007505,S3740,1,0.0657,0,0,1,0,0.1541,74,0
E007506,S3691,1,0.0746,1,0,1,0,0.0423,89,1
E007507,S3937,0,0.4243,1,1,0,0,0.2579,67,0
E007508,S2065,0,0.6051,1,1,0,0,0.8485,38,1
E007509,S1067,1,0.2125,0,0,1,0,0.0511,70,0
E007510,S2773,1,0.0216,0,0,1,0,0.0748,75,0
E007511,S2424,1,0.4182,0,0,0,0,0.3754,62,0
E007512,S1629,0,0.5668,1,1,1,0,0.4005,63,1
E007513,S0175,0,0.228,0,1,0,4,0.3309,36,1
E007514,S3409,0,0.0152,0,0,1,0,0.4757,86,0
E007515,S2282,1,0.1508,0,0,1,0,0.3678,71,1
E007516,S3014,1,0.0691,0,0,1,0,0.3701,83,0
E007517,S0095,0,0.2896,0,0,1,1,0.5631,60,1
E007518,S3461,1,0.4755,0,1,1,0,0.5185,21,1
E007519,S0291,0,0.7697,1,0,0,0,0.3313,70,1
E007520,S3393,1,0.1707,0,0,1,0,0.1118,86,0
E007521,S0689,1,0.0756,0,0,1,0,0.1543,87,0
E007522,S2599,1,0.1015,0,1,1,0,0.1652,83,0
E007523,S0081,1,0.0675,1,1,1,0,0.2172,85,0
E007524,S2773,1,0.0171,0,0,1,0,0.0804,82,1
E007525,S0277,0,0.6962,5,1,0,0,0.6668,27,1
E007526,S4041,1,0.263,0,1,1,0,0.0615,94,0
E007527,S2401,1,0.0094,0,0,1,0,0.3586,81,0
E007528,S2733,0,0.0455,0,0,1,0,0.3819,85,0
E007529,S2832,1,0.055,0,0,1,0,0.0887,99,0
E007530,S4070,0,0.4074,3,1,0,0,0.4111,45,1
E007531,S3222,0,0.0069,0,0,1,0,0.2076,83,0
E007532,S0115,0,0.7605,3,0,0,5,0.8601,21,1
E007533,S0014,0,0.7733,4,1,0,4,0.4704,25,1
E007534,S0055,0,0.6386,3,1,1,1,0.778,19,1
E007535,S1195,0,0.1328,0,0,1,0,0.0766,62,0
E007536,S2483,0,0.4739,2,0,0,2,0.5426,27,1
E007537,S3738,1,0.1186,1,1,1,0,0.1825,62,0
E007538,S0101,0,0.7726,1,1,1,4,0.6903,15,1
E007539,S0422,1,0.181,0,0,1,0,0.0663,81,0
E007540,S1165,1,0.0646,0,1,1,0,0.1477,76,0
E007541,S3679,1,0.1814,0,0,1,0,0.047,85,0
E007542,S1023,1,0.0214,0,0,1,0,0.0921,75,0
E007543,S0111,1,0.0855,1,0,1,0,0.082,63,0
E007544,S3714,0,0.0289,0,0,1,0,0.1299,87,0
E007545,S2189,1,0.2197,1,0,1,0,0.3844,70,0
E007546,S0519,1,0.0768,0,0,1,0,0.0903,81,0
E007547,S0394,1,0.1051,1,0,1,0,0.4572,88,0
E007548,S0353,1,0.036,0,0,1,1,0.2222,68,0
E007549,S3571,1,0.0827,0,0,1,0,0.1007,70,0
E007550,S0060,0,0.8771,3,1,1,2,0.5043,24,1
E007551,S0257,1,0.1546,0,1,1,0,0.2657,67,1
E007552,S3768,1,0.1056,0,0,1,0,0.0761,69,0
E007553,S0146,0,0.367,0,0,1,1,0.5882,28,1
E007554,S3728,1,0.0934,0,0,1,0,0.3193,71,0
E007555,S2222,0,0.4251,1,0,1,0,0.6053,28,1
E007556,S2963,1,0.1205,0,0,1,0,0.1295,86,0
E007557,S4051,1,0.0219,0,0,1,0,0.1429,64,0
E007558,S3281,0,0.3878,0,0,0,2,0.3715,47,1
E007559,S3387,0,0.7082,1,1,1,0,0.7855,40,1
E007560,S0166,0,0.9884,2,1,1,2,0.8325,14,1
E007561,S3446,1,0.4481,1,1,1,0,0.4974,49,0
E007562,S1719,1,0.0993,0,0,1,0,0.014,75,0
E007563,S0926,0,0.1834,1,0,1,0,0.1063,58,0
E007564,S1786,1,0.0304,0,0,1,0,0.0955,79,0
E007565,S1696,1,0.1427,0,0,1,0,0.0859,84,0
E007566,S0220,1,0.2361,1,1,0,5,0.4809,41,1
E007567,S1116,0,0.1906,0,0,1,0,0.1178,79,0
E007568,S1072,1,0.2397,0,0,1,0,0.0233,84,0
E007569,S2602,1,0.0784,0,0,1,0,0.0818,69,0
E007570,S0611,1,0.0498,1,0,1,0,0.0546,78,0
E007571,S0109,1,0.4945,1,1,1,3,0.3544,58,0
E007572,S3639,0,0.3214,0,0,1,1,0.0741,85,0
E007573,S1940,1,0.0859,0,0,1,0,0.0794,80,0
E007574,S3690,1,0.0653,1,0,1,0,0.0454,80,0
E007575,S3847,1,0.0596,0,1,0,0,0.1324,94,0
E007576,S1131,0,0.2752,0,0,1,0,0.0813,81,0
E007577,S0251,0,0.5872,4,1,0,5,0.5657,23,1
E007578,S1636,1,0.2019,0,0,1,0,0.3332,66,0
E007579,S0258,1,0.1901,0,0,1,1,0.0489,77,0
E007580,S2929,0,0.805,3,1,0,1,0.7206,17,1
E007581,S4164,1,0.0624,0,0,1,0,0.0536,84,0
E007582,S0101,1,0.0408,1,1,1,0,0.1328,75,0
E007583,S0184,0,0.7735,3,1,0,2,0.3435,0,1
E007584,S0142,1,0.23,1,1,0,4,0.4912,44,1
E007585,S4022,1,0.0417,0,0,1,0,0.148,80,0
E007586,S0270,0,0.4596,1,1,0,2,0.6936,13,1
E007587,S1675,0,0.2504,0,0,0,0,0.4007,75,0
E007588,S1360,1,0.0862,0,0,1,0,0.1198,82,0
E007589,S2782,0,0.4105,0,1,1,0,0.6203,53,0
E007590,S0877,0,0.4186,1,0,1,0,0.3742,32,1
E007591,S1726,1,0.0799,0,0,1,0,0.0454,85,1
E007592,S3739,1,0.173,1,1,1,0,0.1352,69,0
E007593,S0268,0,0.2103,0,0,1,0,0.0709,52,0
E007594,S1397,0,0.2342,0,0,1,0,0.4378,69,0
E007595,S3463,1,0.1383,0,0,1,0,0.0982,98,0
E007596,S0027,0,0.5587,3,1,1,0,0.6931,39,1
E007597,S1488,0,0.0808,2,0,1,0,0.1604,69,0
E007598,S2877,1,0.1167,0,0,1,0,0.0658,74,0
E007599,S1047,1,0.0462,1,1,1,0,0.1967,86,0
E007600,S1457,1,0.0172,0,0,1,0,0.0678,85,0
E007601,S0703,0,0.654,3,1,0,1,0.815,31,1
E007602,S3716,1,0.0967,0,0,1,0,0.0839,84,0
E007603,S0262,0,0.1303,0,0,1,0,0.0591,66,0
E007604,S2563,1,0.1497,0,1,1,0,0.144,71,0
E007605,S3667,1,0.0204,0,1,1,0,0.116,80,0
E007606,S0804,1,0.0405,1,0,1,0,0.0837,73,0
E007607,S0658,1,0.2857,0,0,1,0,0.2236,74,0
E007608,S1062,1,0.3652,1,1,1,0,0.3171,68,1
E007609,S1539,0,0.6592,3,0,0,0,0.662,62,1
E007610,S0922,1,0.063,0,0,1,0,0.0277,72,0
E007611,S3211,1,0.0876,1,0,1,0,0.0589,79,1
E007612,S3847,1,0.1874,0,1,1,0,0.1024,89,0
E007613,S0274,0,0.5188,1,1,0,0,0.3677,3,1
E007614,S0519,1,0.2444,0,1,1,0,0.0593,76,0
E007615,S0980,1,0.1197,2,1,1,0,0.1987,61,0
E007616,S3436,0,0.0817,1,0,1,0,0.0796,84,0
E007617,S0234,0,0.1184,0,0,1,0,0.0353,55,0
E007618,S0790,1,0.0486,0,1,1,0,0.1055,60,0
E007619,S4118,0,0.0504,1,0,1,0,0.162,90,1
E007620,S1226,0,0.7444,0,0,0,0,0.5579,71,0
E007621,S1104,0,0.3923,0,0,1,0,0.7461,36,1
E007622,S0215,1,0.544,0,1,1,3,0.6473,49,1
E007623,S0149,0,0.6414,1,1,0,1,0.5935,57,1
E007624,S0965,0,0.8672,1,0,1,0,0.3843,62,1
E007625,S2839,1,0.1345,0,0,1,0,0.1505,87,0
E007626,S2342,0,0.0544,0,0,1,0,0.0225,83,0
E007627,S1655,1,0.0218,0,1,1,0,0.1266,73,0
E007628,S0777,0,0.0243,1,1,1,0,0.0899,87,1
E007629,S3285,1,0.0936,0,1,1,0,0.3465,73,0
E007630,S0498,0,0.3848,2,1,0,0,0.7551,47,1
E007631,S0835,0,0.3625,0,0,1,0,0.8089,55,0
E007632,S3045,0,0.3334,0,0,1,0,0.042,63,0
E007633,S0256,0,0.3537,2,0,1,3,0.455,43,1
E007634,S1026,1,0.0203,1,0,1,0,0.1872,67,0
E007635,S2381,1,0.0607,0,1,1,0,0.3622,51,0
E007636,S0144,0,0.8098,5,1,0,3,0.7758,7,1
E007637,S0578,1,0.0856,0,0,1,0,0.394,72,0
E007638,S1827,0,0.0934,0,0,1,0,0.0896,67,1
E007639,S2940,0,0.4105,1,1,1,0,0.8337,37,1
E007640,S1559,0,0.1224,0,0,1,0,0.2096,89,0
E007641,S0057,0,0.8917,1,0,1,1,0.5256,0,1
E007642,S0099,1,0.5013,1,1,0,3,0.3015,53,1
E007643,S2790,1,0.1026,1,0,1,0,0.0464,76,0
E007644,S1205,1,0.0966,2,0,0,0,0.126,100,0
E007645,S2644,0,0.1092,0,0,1,0,0.1205,70,0
E007646,S0889,1,0.1227,0,0,1,0,0.2717,86,0
E007647,S2171,1,0.041,0,0,1,0,0.008,80,1
E007648,S1896,1,0.1367,0,0,1,1,0.3142,60,0
E007649,S0555,0,0.6997,2,1,1,0,0.4877,28,1
E007650,S0121,0,0.636,3,1,0,2,0.6021,11,1
E007651,S0173,1,0.1128,0,0,1,0,0.0471,75,0
E007652,S0177,0,0.1328,0,1,1,0,0.132,75,0
E007653,S0695,1,0.0653,0,0,1,0,0.045,95,0
E007654,S2928,0,0.1175,1,0,1,0,0.6613,66,0
E007655,S0511,1,0.0901,0,1,1,0,0.1067,65,0
E007656,S2580,1,0.0276,0,0,1,0,0.0656,89,0
E007657,S2776,1,0.1689,0,0,1,0,0.0186,81,0
E007658,S1974,1,0.2749,0,1,1,0,0.1699,79,0
E007659,S0278,1,0.5892,2,0,1,4,0.7189,34,1
E007660,S2875,1,0.0135,0,0,1,0,0.0339,83,0
E007661,S1026,0,0.1803,0,0,1,2,0.4767,58,1
E007662,S0175,1,0.093,1,1,1,0,0.1098,78,0
E007663,S1156,1,0.1274,0,0,1,0,0.1513,76,0
E007664,S0121,1,0.8029,2,0,0,5,0.4518,29,1
E007665,S0503,1,0.1521,0,1,1,0,0.1157,76,1
E007666,S0294,1,0.0965,0,0,1,0,0.1185,68,0
E007667,S3145,1,0.1684,0,0,1,1,0.0411,80,0
E007668,S3188,1,0.0968,0,0,1,0,0.1517,69,0
E007669,S0600,1,0.1725,2,0,1,0,0.1263,31,1
E007670,S1616,0,0.0732,1,0,1,1,0.1102,73,0
E007671,S3289,1,0.1858,2,0,1,0,0.0309,70,0
E007672,S0056,1,0.1113,0,0,1,0,0.0671,74,0
E007673,S1904,1,0.0948,0,0,1,0,0.0363,76,0
E007674,S1990,0,0.2628,0,0,1,0,0.0911,78,0
E007675,S0049,1,0.152,0,0,1,0,0.0825,85,0
E007676,S3233,1,0.0474,0,1,1,0,0.1957,85,0
E007677,S3777,1,0.426,2,0,1,1,0.3197,58,0
E007678,S0140,0,0.4958,0,0,0,2,0.2243,61,0
E007679,S1015,1,0.0553,0,0,1,0,0.4051,73,0
E007680,S0186,1,0.3142,0,0,0,6,0.5163,35,1
E007681,S2258,0,0.5636,1,1,0,1,0.4998,42,1
E007682,S0001,0,0.4274,0,0,1,0,0.5228,35,0
E007683,S0126,0,0.6373,4,0,1,0,0.1816,53,0
E007684,S2661,1,0.0434,0,0,1,0,0.0993,75,0
E007685,S3370,0,0.3159,0,0,1,1,0.2528,84,1
E007686,S2101,0,0.0217,0,0,1,0,0.669,97,0
E007687,S2749,0,0.0841,0,0,1,0,0.1749,66,0
E007688,S0352,1,0.2082,1,0,1,0,0.0987,56,0
E007689,S1112,1,0.1567,0,1,0,0,0.5132,73,1
E007690,S0790,0,0.5411,0,0,1,0,0.4604,54,1
E007691,S1357,1,0.1646,1,0,1,0,0.0489,68,0
E007692,S2536,0,0.0659,2,0,1,0,0.0723,61,0
E007693,S2180,1,0.1894,0,0,1,0,0.027,100,0
E007694,S0654,0,0.5419,0,0,1,0,0.3388,72,1
E007695,S3014,1,0.0064,0,0,1,0,0.0486,68,0
E007696,S2204,1,0.0746,1,0,1,0,0.052,83,0
E007697,S3152,1,0.1186,0,0,1,0,0.0555,83,0
E007698,S1839,1,0.1696,1,1,1,0,0.2237,56,0
E007699,S0178,0,0.4906,1,0,0,3,0.4011,47,1
E007700,S0927,1,0.5434,1,1,1,1,0.5819,36,0
E007701,S0064,1,0.3231,0,0,1,1,0.3411,46,1
E007702,S0093,0,0.8415,1,0,0,4,0.4355,6,1
E007703,S3485,1,0.6109,4,0,0,1,0.5307,48,1
E007704,S0266,0,0.6819,0,0,0,6,0.9112,20,1
E007705,S2168,1,0.0426,0,0,1,0,0.0838,81,0
E007706,S0278,1,0.4348,1,0,1,2,0.414,29,0
E007707,S1132,0,0.0336,0,0,0,0,0.1141,76,0
E007708,S0505,1,0.014,0,0,1,0,0.4624,89,0
E007709,S1232,0,0.1626,0,0,1,0,0.1195,68,0
E007710,S0017,0,0.2274,0,1,1,1,0.8777,71,0
E007711,S2727,1,0.0628,0,1,1,0,0.0795,77,0
E007712,S3646,1,0.0307,1,1,1,0,0.0922,79,0
E007713,S1893,1,0.1195,0,1,1,0,0.0694,81,0
E007714,S2121,0,0.1124,0,0,0,0,0.0435,80,0
E007715,S0717,1,0.1043,0,1,1,0,0.0617,54,0
E007716,S0050,0,0.5149,5,1,0,5,0.8343,2,1
E007717,S2838,1,0.1818,0,0,1,0,0.1597,78,0
E007718,S0639,1,0.079,0,1,1,0,0.165,91,0
E007719,S2014,1,0.1423,0,0,1,0,0.0628,73,0
E007720,S2238,1,0.2296,0,0,1,0,0.0114,71,0
E007721,S0174,0,0.8811,3,1,0,2,0.8524,32,1
E007722,S2404,1,0.1299,0,0,1,0,0.0513,83,0
E007723,S1005,0,0.237,1,1,0,0,0.5198,30,1
E007724,S3610,0,0.909,1,1,1,0,0.3573,55,1
E007725,S3537,1,0.1288,0,0,1,0,0.1023,63,0
E007726,S3008,1,0.075,0,0,1,0,0.1492,100,0
E007727,S1261,1,0.0761,1,0,1,0,0.4612,72,0
E007728,S0747,1,0.8447,3,1,0,0,0.4311,38,1
E007729,S1584,1,0.044,0,0,1,0,0.0389,65,0
E007730,S0091,1,0.4314,1,0,1,2,0.5684,50,1
E007731,S1061,1,0.0344,0,0,1,0,0.058,72,0
E007732,S3291,0,0.1736,1,0,1,0,0.0716,70,0
E007733,S2333,1,0.1816,0,0,1,0,0.0647,90,0
E007734,S3119,1,0.1046,0,0,1,0,0.055,85,0
E007735,S2757,0,0.0683,0,0,1,0,0.3632,74,0
E007736,S0167,0,0.7025,3,1,0,5,0.49,30,1
E007737,S3994,1,0.1637,0,0,1,0,0.1969,68,0
E007738,S3164,0,0.1181,0,1,1,0,0.1942,97,0
E007739,S0320,1,0.0931,0,1,1,0,0.4749,88,0
E007740,S0324,1,0.1161,0,0,1,0,0.0629,68,0
E007741,S3586,1,0.0382,0,0,1,0,0.3876,89,0
E007742,S0551,0,0.134,0,0,1,0,0.0685,62,0
E007743,S3390,0,0.1897,1,0,1,1,0.3767,64,0
E007744,S3823,1,0.1032,0,0,1,0,0.0409,81,0
E007745,S2491,0,0.2014,0,0,1,0,0.2224,58,0
E007746,S2530,1,0.1177,1,0,1,0,0.0953,88,0
E007747,S0046,1,0.0321,0,0,1,0,0.7711,80,0
E007748,S0216,0,0.152,1,0,1,5,0.354,45,1
E007749,S2020,1,0.0315,0,0,1,0,0.1206,80,0
E007750,S1784,1,0.1017,0,1,1,0,0.1033,67,0
E007751,S3334,1,0.3117,0,0,1,0,0.5982,34,1
E007752,S0379,1,0.0476,0,0,1,0,0.5242,83,0
E007753,S0953,1,0.0088,0,0,1,0,0.0751,84,0
E007754,S3902,1,0.0438,0,1,1,1,0.2279,55,0
E007755,S3203,1,0.0557,0,0,1,0,0.2247,72,0
E007756,S2208,0,0.2233,1,0,0,0,0.4558,42,1
E007757,S0172,0,0.7096,3,1,0,0,0.3317,41,0
E007758,S1215,0,0.7477,2,0,1,0,0.516,24,1
E007759,S0289,0,0.4086,0,0,0,1,0.5772,19,1
E007760,S1189,0,0.047,0,0,1,0,0.0843,59,0
E007761,S1340,1,0.1754,1,0,1,0,0.717,54,1
E007762,S4001,1,0.0729,0,0,1,0,0.7187,84,0
E007763,S0292,1,0.044,0,0,1,0,0.1045,71,0
E007764,S3194,1,0.1595,0,0,1,0,0.1428,76,0
E007765,S3909,1,0.1339,0,0,1,0,0.0699,84,0
E007766,S3696,1,0.0454,0,0,1,0,0.0252,92,0
E007767,S1091,1,0.1204,1,0,1,0,0.0486,84,0
E007768,S0954,1,0.2152,0,0,1,0,0.0478,70,0
E007769,S0628,0,0.2688,1,0,0,0,0.7896,25,1
E007770,S3557,1,0.1043,0,1,1,0,0.2603,65,0
E007771,S4079,1,0.176,0,0,1,0,0.1596,53,0
E007772,S3147,0,0.2904,0,0,0,1,0.2673,53,0
E007773,S3303,0,0.3865,1,0,0,0,0.8834,31,1
E007774,S2197,0,0.6274,1,1,0,0,0.7801,45,0
E007775,S3360,0,0.7382,1,1,1,1,0.4762,43,1
E007776,S4125,1,0.0383,0,0,1,0,0.0217,67,0
E007777,S1238,1,0.2134,1,0,1,0,0.1763,68,0
E007778,S2909,0,0.8497,5,1,0,2,0.607,50,1
E007779,S0285,0,0.7714,0,1,0,3,0.1981,49,1
E007780,S1848,0,0.3563,0,0,1,1,0.3194,52,1
E007781,S1852,0,0.4813,1,1,0,0,0.5784,60,0
E007782,S2149,0,0.1527,0,0,1,0,0.1698,71,0
E007783,S2544,1,0.0225,0,0,1,0,0.0314,95,0
E007784,S1136,0,0.6025,0,0,1,1,0.3292,47,1
E007785,S0011,1,0.1934,1,0,1,4,0.3117,53,0
E007786,S3891,1,0.0568,0,0,1,0,0.0816,85,0
E007787,S3118,0,0.8331,2,1,1,0,0.381,30,1
E007788,S0183,0,0.5142,1,0,1,0,0.4512,58,1
E007789,S2049,1,0.2332,0,0,1,0,0.1551,79,0
E007790,S3441,1,0.0237,0,0,1,0,0.3305,72,0
E007791,S2831,1,0.1969,0,0,0,1,0.1963,63,1
E007792,S4044,0,0.7169,6,1,1,0,0.6567,40,0
E007793,S2643,1,0.5101,0,1,1,1,0.5238,60,0
E007794,S2066,1,0.3223,1,0,0,1,0.2983,64,1
E007795,S4047,0,0.6412,1,0,1,0,0.6178,40,0
E007796,S1297,1,0.2244,0,1,1,0,0.0736,89,0
E007797,S3578,1,0.1227,0,0,1,0,0.1045,82,0
E007798,S2613,0,0.0866,0,0,1,0,0.1724,66,0
E007799,S0114,1,0.592,0,0,1,2,0.429,51,1
E007800,S3609,0,0.0924,0,0,1,0,0.0109,66,0
E007801,S3512,1,0.1095,0,0,1,0,0.0272,80,0
E007802,S0059,1,0.2169,0,0,0,2,0.3876,49,1
E007803,S1918,1,0.0961,0,0,1,0,0.0817,78,0
E007804,S0113,0,0.4372,0,0,1,3,0.3308,49,1
E007805,S0379,1,0.1215,0,0,1,0,0.0275,90,0
E007806,S1553,1,0.0472,0,0,1,0,0.4803,92,0
E007807,S3321,1,0.155,0,0,1,0,0.0635,89,0
E007808,S0825,1,0.0398,0,0,1,0,0.0615,86,0
E007809,S1357,0,0.2841,1,0,0,0,0.5318,37,1
E007810,S2534,1,0.1364,1,0,1,0,0.2325,70,0
E007811,S1065,1,0.1011,0,0,1,0,0.5032,97,0
E007812,S3047,1,0.1384,0,0,1,0,0.0558,66,0
E007813,S3131,1,0.0269,1,0,1,0,0.1051,77,0
E007814,S3932,1,0.0303,0,0,1,0,0.1734,95,0
E007815,S0583,0,0.6017,2,1,0,0,0.6276,67,1
E007816,S0133,0,0.5217,0,0,1,6,0.5181,39,1
E007817,S2366,0,0.0973,0,0,1,1,0.1591,72,0
E007818,S0917,0,0.5721,2,1,0,1,0.4678,14,1
E007819,S4135,1,0.122,0,0,1,0,0.1575,71,0
E007820,S1708,0,0.1826,0,0,1,0,0.3371,88,0
E007821,S3793,1,0.0618,0,0,1,0,0.1199,77,0
E007822,S2137,1,0.0921,0,0,1,0,0.0878,65,0
E007823,S0158,0,0.0916,1,0,1,0,0.4509,83,0
E007824,S0190,0,0.6764,3,0,0,4,0.8582,22,1
E007825,S3577,1,0.2394,0,0,1,0,0.0377,80,1
E007826,S1272,0,0.3356,5,0,1,0,0.6834,38,1
E007827,S2931,0,0.7031,2,0,1,2,0.8974,41,1
E007828,S0648,0,0.2835,0,0,1,2,0.5607,66,0
E007829,S0776,0,0.2242,1,0,1,0,0.1269,80,0
E007830,S4101,0,0.0082,0,0,1,1,0.0652,69,0
E007831,S3265,1,0.1334,0,0,1,0,0.1087,69,1
E007832,S1639,1,0.0733,1,0,1,0,0.4219,75,0
E007833,S0379,1,0.306,0,1,1,0,0.3709,90,0
E007834,S0690,1,0.0367,0,0,1,0,0.4498,87,0
E007835,S2829,0,0.2887,0,1,1,0,0.6942,59,1
E007836,S4041,1,0.0838,0,0,1,0,0.1199,85,0
E007837,S2771,0,0.3369,0,0,0,0,0.0477,82,0
E007838,S1033,1,0.0774,0,0,0,1,0.1479,83,0
E007839,S1592,1,0.3556,1,1,1,0,0.4964,54,1
E007840,S1436,0,0.7088,0,1,0,0,0.5627,12,1
E007841,S3742,0,0.0867,1,1,0,0,0.3122,67,0
E007842,S1170,1,0.195,0,1,1,0,0.1705,88,0
E007843,S2873,1,0.1389,0,0,1,0,0.121,91,0
E007844,S2938,1,0.0723,0,0,1,0,0.7605,85,0
E007845,S0254,1,0.2326,0,0,1,0,0.1451,85,0
E007846,S1250,1,0.0681,0,0,1,0,0.1215,79,0
E007847,S3997,0,0.6928,2,1,1,0,0.8056,28,0
E007848,S1122,1,0.0402,0,0,1,0,0.1169,75,0
E007849,S3425,0,0.3109,2,1,0,0,0.667,38,1
E007850,S1081,1,0.077,0,0,1,0,0.0866,53,0
E007851,S2923,0,0.1534,0,0,1,0,0.7638,70,0
E007852,S3439,0,0.0983,0,0,1,0,0.1199,80,0
E007853,S1656,0,0.1805,0,0,0,0,0.5796,68,0
E007854,S2626,1,0.0675,0,0,1,0,0.0044,70,0
E007855,S0510,1,0.182,0,0,1,0,0.0269,90,0
E007856,S3268,0,0.3313,4,1,1,0,0.6232,41,1
E007857,S0210,0,0.388,3,1,0,3,0.7326,26,1
E007858,S1506,1,0.0843,0,0,1,0,0.1809,72,0
E007859,S1973,1,0.0722,0,0,1,0,0.0905,78,0
E007860,S0282,1,0.1208,0,1,1,0,0.1749,92,0
E007861,S3437,0,0.1085,0,1,1,1,0.4601,89,0
E007862,S2000,1,0.1704,0,0,1,0,0.0657,79,0
E007863,S0495,1,0.0422,0,0,1,0,0.2755,76,1
E007864,S3766,0,0.5598,1,0,1,0,0.3615,48,1
E007865,S2825,1,0.2345,0,0,1,0,0.0514,80,0
E007866,S0228,0,0.4375,6,1,1,1,0.3948,3,1
E007867,S0139,0,0.6295,4,1,0,2,0.4675,8,1
E007868,S1600,1,0.0162,0,0,1,0,0.4943,77,0
E007869,S1719,1,0.1835,0,0,1,2,0.3686,51,0
E007870,S0296,1,0.4645,0,1,1,6,0.6676,48,0
E007871,S2046,1,0.066,0,0,1,0,0.0374,57,0
E007872,S0006,0,0.5342,1,0,0,2,0.3525,24,1
E007873,S1410,0,0.6048,4,1,0,0,0.6772,26,1
E007874,S0032,0,0.3545,0,1,0,2,0.3254,61,1
E007875,S2487,1,0.0978,0,0,1,0,0.0944,87,0
E007876,S3986,1,0.0374,0,0,1,0,0.0389,83,0
E007877,S2903,1,0.0468,0,0,1,0,0.0518,88,0
E007878,S1228,1,0.0666,0,0,1,0,0.1168,71,0
E007879,S0752,0,0.0822,0,0,1,0,0.0765,75,0
E007880,S3085,1,0.1934,0,0,1,0,0.0827,80,0
E007881,S2088,1,0.2247,0,1,1,0,0.2908,61,1
E007882,S0645,0,0.5998,2,1,0,0,0.7182,8,1
E007883,S3410,1,0.1253,0,0,1,0,0.1508,75,0
E007884,S3128,0,0.197,0,0,1,0,0.0782,52,0
E007885,S1189,1,0.0693,0,0,1,0,0.1155,81,0
E007886,S0068,1,0.1112,0,0,1,0,0.3535,76,0
E007887,S2217,1,0.0464,0,0,1,0,0.6719,72,0
E007888,S0890,0,0.1899,0,1,1,0,0.6859,49,0
E007889,S3051,0,0.1321,1,1,1,0,0.063,65,0
E007890,S2580,0,0.3868,0,0,1,2,0.247,50,0
E007891,S2993,1,0.3578,0,0,0,0,0.668,56,0
E007892,S1413,0,0.1531,0,0,1,0,0.1278,42,0
E007893,S1660,1,0.3256,1,0,1,1,0.3304,50,1
E007894,S0653,1,0.1454,0,0,1,0,0.135,62,0
E007895,S1558,1,0.1277,0,0,1,0,0.0044,78,0
E007896,S0809,1,0.4598,0,1,1,1,0.201,57,0
E007897,S0299,1,0.4844,3,0,1,4,0.1336,22,1
E007898,S3273,0,0.233,0,0,1,0,0.4359,68,1
E007899,S2503,1,0.1442,0,0,1,0,0.1499,93,0
E007900,S3942,1,0.2152,0,0,1,0,0.0004,74,1
E007901,S0428,1,0.4622,0,1,0,0,0.5706,74,1
E007902,S0039,1,0.5211,1,0,0,1,0.496,43,1
E007903,S1174,1,0.2958,0,0,1,0,0.0977,75,0
E007904,S0637,0,0.0445,0,0,1,0,0.0585,75,0
E007905,S2166,0,0.1543,1,1,1,0,0.0105,64,1
E007906,S0911,1,0.2281,0,1,1,0,0.0786,84,0
E007907,S3155,1,0.2575,1,0,1,0,0.106,85,0
E007908,S2413,1,0.0301,0,0,1,0,0.0748,68,0
E007909,S0248,0,0.389,4,0,0,1,0.2373,44,0
E007910,S2014,0,0.1723,0,0,1,0,0.0639,62,0
E007911,S3781,0,0.2394,0,0,1,0,0.5597,84,0
E007912,S2078,1,0.1918,0,1,1,1,0.3474,66,0
E007913,S2013,1,0.0811,0,1,1,0,0.1694,74,1
E007914,S2001,0,0.9095,2,1,0,0,0.6112,50,1
E007915,S0008,0,0.2887,1,1,0,2,0.4351,44,1
E007916,S0166,0,0.5078,5,0,0,1,0.7566,22,1
E007917,S0892,1,0.0576,0,0,1,0,0.6738,99,0
E007918,S0374,1,0.0299,0,0,1,0,0.1948,87,0
E007919,S3357,1,0.0102,1,1,1,0,0.0665,77,0
E007920,S2102,1,0.0385,0,0,1,0,0.1463,69,0
E007921,S0686,1,0.0266,0,0,1,0,0.1271,74,0
E007922,S3894,0,0.1212,0,0,1,0,0.067,64,0
E007923,S2280,0,0.2616,0,0,1,0,0.0782,72,0
E007924,S2632,1,0.1021,0,0,1,0,0.1721,66,0
E007925,S1260,1,0.123,0,0,1,0,0.2839,89,0
E007926,S2536,1,0.0114,1,0,1,0,0.1056,79,1
E007927,S0490,1,0.3776,0,0,0,0,0.2403,58,0
E007928,S3389,1,0.0951,0,0,1,0,0.1233,100,0
E007929,S3511,0,0.7373,2,0,0,0,0.6034,26,1
E007930,S3449,1,0.0445,0,0,1,0,0.036,91,0
E007931,S2536,0,0.2598,0,0,1,1,0.4218,41,0
E007932,S1232,0,0.7632,0,0,0,0,0.1666,42,0
E007933,S3764,0,0.3244,0,0,1,2,0.8055,44,0
E007934,S3354,1,0.0843,0,0,1,0,0.0376,87,0
E007935,S2791,1,0.0426,0,1,1,0,0.2328,52,0
E007936,S3524,0,0.0828,0,1,1,0,0.0347,64,0
E007937,S4198,0,0.5774,1,1,1,1,0.7261,67,1
E007938,S1961,0,0.4137,0,0,1,1,0.5941,46,0
E007939,S0530,0,0.4279,0,0,1,0,0.6158,40,1
E007940,S2319,1,0.0194,0,0,1,0,0.0313,100,0
E007941,S2215,1,0.1138,0,0,1,0,0.0614,72,0
E007942,S2901,1,0.0826,0,0,1,0,0.4787,81,0
E007943,S1637,0,0.1501,0,0,1,0,0.0772,53,1
E007944,S3237,1,0.0975,0,0,1,1,0.0936,86,0
E007945,S2546,1,0.044,1,0,1,0,0.0055,68,0
E007946,S0724,1,0.1003,0,1,1,0,0.3365,57,0
E007947,S0979,1,0.1355,0,1,1,0,0.1378,76,0
E007948,S3238,1,0.0445,0,0,1,0,0.1091,83,0
E007949,S0226,0,0.2107,0,0,1,0,0.0209,68,0
E007950,S0257,0,0.0163,1,1,0,0,0.0303,71,0
E007951,S3690,1,0.4442,2,1,1,1,0.7193,75,0
E007952,S0290,1,0.2442,1,0,0,4,0.5949,20,1
E007953,S1197,0,0.1251,0,0,1,0,0.0397,82,0
E007954,S0645,1,0.0138,0,0,1,0,0.0435,80,0
E007955,S3847,1,0.0771,0,0,1,0,0.1212,91,1
E007956,S1484,1,0.0679,1,0,0,1,0.27,73,0
E007957,S0146,0,0.175,1,1,1,0,0.3706,42,1
E007958,S3122,1,0.1774,1,0,1,0,0.143,70,0
E007959,S3428,0,0.5403,0,1,1,1,0.6039,73,1
E007960,S1570,0,0.6279,0,0,0,1,0.6743,46,0
E007961,S1298,1,0.3305,1,1,1,0,0.6751,66,0
E007962,S0241,0,0.1983,1,1,1,0,0.3767,46,1
E007963,S3652,0,0.032,0,0,1,0,0.0383,60,0
E007964,S0348,1,0.0927,1,1,1,0,0.5297,57,0
E007965,S2015,1,0.1553,1,0,1,0,0.5326,91,0
E007966,S1889,1,0.0424,0,1,0,0,0.0523,77,0
E007967,S0277,0,0.8788,2,1,0,3,0.6493,28,1
E007968,S2514,1,0.0914,0,1,1,1,0.2266,68,0
E007969,S1134,1,0.2461,0,0,1,1,0.598,72,0
E007970,S1544,1,0.0893,0,1,1,0,0.1012,69,0
E007971,S1140,0,0.2876,0,1,1,0,0.1972,61,0
E007972,S3452,1,0.0711,0,0,1,0,0.0758,77,0
E007973,S3841,0,0.4816,0,1,1,0,0.7598,56,1
E007974,S3256,1,0.055,0,0,1,0,0.3769,61,0
E007975,S1445,0,0.2638,0,0,0,0,0.7966,39,1
E007976,S1396,1,0.0172,0,0,1,0,0.2663,79,0
E007977,S1123,1,0.0581,0,0,1,0,0.4618,69,0
E007978,S0194,0,0.2729,2,0,1,1,0.2989,62,0
E007979,S0883,1,0.0034,0,1,1,0,0.0562,52,0
E007980,S2621,1,0.0942,0,0,1,0,0.0069,65,0
E007981,S2105,0,0.061,0,0,1,0,0.2711,62,0
E007982,S1825,1,0.2999,0,1,1,0,0.1765,80,0
E007983,S2155,0,0.6231,3,0,0,1,0.5265,26,0
E007984,S0116,1,0.2232,1,1,1,0,0.1468,78,0
E007985,S3622,0,0.5767,0,1,1,0,0.1907,51,1
E007986,S3087,1,0.2332,0,0,1,0,0.0256,82,0
E007987,S2119,0,0.8149,0,0,1,1,0.7796,76,1
E007988,S2758,0,0.3558,2,1,0,2,0.7384,34,1
E007989,S1374,1,0.1683,0,0,1,0,0.0214,54,0
E007990,S1011,0,0.3735,6,1,0,3,0.5982,43,1
E007991,S0055,0,0.2693,1,1,1,3,0.3832,45,1
E007992,S0186,1,0.2624,0,1,1,2,0.2331,24,1
E007993,S3170,1,0.0592,0,1,1,0,0.1068,89,0
E007994,S3030,0,0.7341,0,1,1,0,0.4995,50,1
E007995,S0793,1,0.0328,1,0,1,0,0.1066,85,0
E007996,S3684,1,0.0548,0,0,1,0,0.1086,81,0
E007997,S3810,1,0.1425,0,0,1,0,0.3345,78,0
E007998,S3457,1,0.1476,0,0,1,0,0.0934,74,0
E007999,S2281,1,0.1286,0,0,1,0,0.2081,95,0
E008000,S2697,1,0.1643,0,0,1,0,0.1279,77,0
E008001,S3202,1,0.0132,0,0,1,0,0.1626,65,0
E008002,S0057,1,0.0347,0,0,1,0,0.5069,64,1
E008003,S3903,1,0.0583,0,0,1,0,0.0752,87,0
E008004,S0008,0,0.7772,5,1,0,4,0.7215,28,1
E008005,S3774,1,0.331,0,0,1,0,0.5618,59,1
E008006,S0630,1,0.1844,0,0,1,0,0.5017,90,0
E008007,S0102,0,0.2311,0,0,1,3,0.4698,37,1
E008008,S3368,1,0.1239,0,1,1,0,0.2101,62,0
E008009,S0695,0,0.1252,0,0,1,0,0.2052,66,0
E008010,S2710,0,0.1797,0,1,1,0,0.0657,83,0
E008011,S2291,0,0.1468,2,1,1,1,0.0322,50,0
E008012,S4038,1,0.1192,0,0,1,0,0.8911,89,0
E008013,S2903,0,0.1213,0,0,1,0,0.1011,66,0
E008014,S2191,0,0.1273,0,0,1,0,0.0809,85,0
E008015,S3383,0,0.1239,0,0,1,0,0.0934,68,0
E008016,S1923,1,0.073,0,0,1,0,0.0641,88,0
E008017,S0551,0,0.7644,1,0,1,1,0.6327,62,0
E008018,S0214,0,0.279,0,1,1,4,0.3421,31,1
E008019,S1700,1,0.0808,0,1,1,0,0.1064,75,0
E008020,S0915,1,0.2725,1,0,1,0,0.1137,84,0
E008021,S4046,0,0.3447,1,1,1,1,0.6787,71,1
E008022,S0239,1,0.0412,1,0,1,0,0.1635,84,0
E008023,S0192,0,0.4021,1,0,0,3,0.704,46,0
E008024,S4035,1,0.0972,0,0,0,0,0.6046,51,1
E008025,S3330,1,0.0878,0,0,1,0,0.1115,88,0
E008026,S0384,1,0.4661,1,1,0,1,0.3202,69,0
E008027,S1658,1,0.0564,0,0,1,0,0.1022,79,0
E008028,S0019,1,0.218,0,0,0,4,0.2553,33,1
E008029,S2668,1,0.0863,0,0,1,0,0.0739,77,0
E008030,S0279,0,0.4123,4,1,0,6,0.4775,14,1
E008031,S2955,1,0.6608,5,1,0,0,0.4335,50,1
E008032,S2815,0,0.5863,1,0,0,3,0.3595,24,0
E008033,S2514,1,0.0233,0,0,1,0,0.0439,93,0
E008034,S0586,0,0.203,0,0,1,0,0.1124,61,0
E008035,S0088,0,0.8318,2,0,0,2,0.448,0,1
E008036,S2871,1,0.1307,0,1,1,0,0.3021,69,0
E008037,S0324,1,0.0657,1,1,1,1,0.0889,63,0
E008038,S3067,1,0.0746,0,0,1,0,0.1352,79,0
E008039,S2298,1,0.27,0,0,1,0,0.2338,78,0
E008040,S2037,1,0.0911,1,0,1,0,0.0824,71,0
E008041,S3711,1,0.3638,0,0,1,0,0.5404,61,0
E008042,S2580,1,0.1022,0,0,1,0,0.0429,89,0
E008043,S4134,0,0.7286,0,1,1,1,0.4159,43,1
E008044,S1965,1,0.0057,0,0,1,0,0.0779,70,0
E008045,S4122,0,0.0546,0,0,1,0,0.1301,77,0
E008046,S0143,1,0.4929,1,0,0,2,0.2447,27,1
E008047,S2151,1,0.3654,2,0,1,0,0.5221,53,0
E008048,S0946,0,0.0497,0,0,1,0,0.1336,53,0
E008049,S2860,1,0.0452,0,0,1,0,0.5775,70,0
E008050,S2346,0,0.1377,0,0,1,0,0.0269,53,0
E008051,S1027,0,0.6459,0,1,1,1,0.3585,41,1
E008052,S0457,1,0.1062,1,0,1,0,0.2358,78,1
E008053,S3202,0,0.0379,0,0,1,0,0.0694,82,0
E008054,S3181,1,0.025,0,0,1,0,0.0611,61,0
E008055,S1303,1,0.045,0,0,1,0,0.1874,91,0
E008056,S0158,1,0.7325,6,1,1,4,0.4787,34,1
E008057,S0790,1,0.1276,1,0,1,0,0.0554,78,0
E008058,S1028,1,0.0991,0,0,1,0,0.0154,84,0
E008059,S0284,0,0.4504,1,0,1,4,0.3379,57,1
E008060,S1147,0,0.2978,0,1,0,0,0.5206,75,1
E008061,S3548,0,0.1396,0,0,1,0,0.3636,94,0
E008062,S1469,0,0.1194,0,0,1,0,0.0801,68,0
E008063,S1579,1,0.0799,0,0,1,0,0.0461,74,0
E008064,S2977,1,0.1367,0,0,1,0,0.2394,76,0
E008065,S1897,1,0.2253,0,1,1,0,0.1115,84,0
E008066,S1335,1,0.1034,0,0,1,0,0.1307,82,0
E008067,S2185,1,0.0549,0,0,1,0,0.6532,81,0
E008068,S0218,0,0.329,0,0,1,2,0.4538,58,0
E008069,S4072,1,0.0489,0,1,1,0,0.0984,69,0
E008070,S1118,0,0.5029,2,1,0,3,0.6164,18,1
E008071,S0370,1,0.0482,0,0,1,0,0.578,67,0
E008072,S0374,1,0.0652,0,0,1,0,0.1484,80,0
E008073,S2614,0,0.6684,1,0,1,0,0.4709,52,1
E008074,S0036,0,0.8028,1,0,1,0,0.6089,23,1
E008075,S4165,0,0.5898,3,0,1,0,0.3143,54,1
E008076,S0522,0,0.0689,0,0,1,0,0.0303,75,1
E008077,S1079,1,0.1474,0,0,1,0,0.0128,82,0
E008078,S1216,1,0.1124,0,1,1,0,0.0389,79,0
E008079,S0041,1,0.3142,1,0,1,2,0.2997,42,1
E008080,S3019,0,0.2744,0,0,0,1,0.7207,77,0
E008081,S1351,0,0.2585,0,0,0,1,0.6011,52,1
E008082,S3058,0,0.0936,0,0,1,0,0.0629,82,0
E008083,S0043,1,0.6142,1,1,0,6,0.4785,45,1
E008084,S2592,0,0.1638,1,1,1,0,0.5085,49,0
E008085,S3263,1,0.0403,0,0,1,0,0.047,78,0
E008086,S2128,1,0.057,0,0,1,0,0.0289,80,0
E008087,S4182,1,0.1718,0,1,1,0,0.1303,70,0
E008088,S0088,0,0.2851,0,1,0,4,0.2148,37,1
E008089,S0511,0,0.0704,0,0,1,1,0.0617,65,0
E008090,S2920,0,0.1381,0,1,1,0,0.0892,100,0
E008091,S0840,1,0.3034,0,0,1,0,0.3769,45,1
E008092,S1762,1,0.0713,0,1,1,0,0.1579,42,1
E008093,S1103,0,0.2443,0,0,1,0,0.4287,51,1
E008094,S1281,0,0.4038,0,1,0,1,0.5384,22,1
E008095,S0849,0,0.0095,0,0,1,0,0.2143,75,0
E008096,S2784,1,0.0639,1,0,1,0,0.1827,82,0
E008097,S0084,1,0.0631,0,1,0,1,0.7986,54,0
E008098,S0605,1,0.1021,0,0,1,0,0.0297,60,0
E008099,S0163,0,0.4556,1,0,1,4,0.5385,30,0
E008100,S3221,1,0.0387,0,0,1,0,0.095,66,0
E008101,S0917,0,0.2727,0,1,1,0,0.4103,90,0
E008102,S2694,1,0.0412,0,1,1,0,0.073,87,0
E008103,S2336,0,0.1188,0,0,1,1,0.6214,77,1
E008104,S1148,1,0.1202,0,1,1,0,0.1615,69,0
E008105,S0055,1,0.6504,0,0,1,0,0.7669,91,0
E008106,S1299,1,0.0715,0,0,1,0,0.1764,64,0
E008107,S1300,1,0.5478,0,0,1,1,0.4761,67,0
E008108,S1938,1,0.0853,0,0,1,0,0.0584,73,0
E008109,S3975,0,0.0632,0,0,1,0,0.1819,55,0
E008110,S0097,0,0.5483,4,1,0,2,0.6857,26,1
E008111,S1567,1,0.0803,0,0,1,0,0.2486,83,0
E008112,S1129,1,0.1125,4,0,0,1,0.0526,52,0
E008113,S1302,0,0.1131,0,1,1,1,0.2435,64,1
E008114,S1849,0,0.6963,2,1,1,0,0.6743,46,1
E008115,S1062,1,0.442,2,0,0,0,0.8985,88,0
E008116,S2036,1,0.08,0,0,1,0,0.1127,94,0
E008117,S0043,0,0.5911,4,0,0,3,0.7521,25,1
E008118,S3011,0,0.6516,0,0,1,0,0.7853,48,1
E008119,S3766,1,0.102,0,0,1,0,0.5058,70,0
E008120,S0012,0,0.6104,3,1,0,5,0.7672,7,1
E008121,S0008,0,0.3077,1,0,1,5,0.4413,84,0
E008122,S4128,1,0.1542,0,0,1,0,0.0582,95,0
E008123,S0151,1,0.2853,0,1,1,1,0.3925,41,1
E008124,S0264,0,0.1567,0,0,1,0,0.597,73,1
E008125,S0156,0,0.4183,2,0,1,4,0.3577,44,1
E008126,S0781,1,0.1396,0,0,1,0,0.02,73,0
E008127,S0197,0,0.7674,0,0,0,5,0.6325,41,1
E008128,S0247,0,0.8483,3,1,1,7,0.7688,25,1
E008129,S1033,0,0.4745,3,0,0,0,0.5179,42,1
E008130,S1992,1,0.0697,0,1,1,0,0.0923,98,0
E008131,S1709,0,0.0043,0,0,1,0,0.0857,68,0
E008132,S1230,1,0.0772,0,0,1,0,0.0487,69,1
E008133,S1140,1,0.109,0,0,0,0,0.7711,75,0
E008134,S2344,0,0.2832,1,0,1,0,0.3629,84,0
E008135,S0527,0,0.2777,0,0,1,0,0.0678,46,0
E008136,S2745,0,0.0811,0,0,1,0,0.0704,63,0
E008137,S1861,1,0.0077,0,0,1,0,0.0589,78,0
E008138,S1082,1,0.438,1,0,1,0,0.7341,54,1
E008139,S0264,0,0.2408,0,0,1,0,0.2692,24,1
E008140,S0703,1,0.0799,0,0,1,0,0.1453,78,0
E008141,S2167,1,0.0898,0,0,1,0,0.0477,82,0
E008142,S0012,1,0.2602,0,0,1,3,0.6198,45,1
E008143,S3119,1,0.03,0,0,1,0,0.0961,87,0
E008144,S0405,1,0.2257,0,0,1,0,0.0579,85,0
E008145,S0208,0,0.8598,4,1,1,3,0.3336,27,1
E008146,S3556,1,0.0936,2,1,1,0,0.1767,57,0
E008147,S3326,1,0.7349,0,1,1,3,0.5509,27,0
E008148,S3835,0,0.265,2,0,0,1,0.62,30,1
E008149,S0266,1,0.1038,1,0,1,0,0.1066,63,1
E008150,S0115,1,0.0117,0,0,1,0,0.1791,78,0
E008151,S2443,1,0.0933,0,0,1,0,0.068,64,0
E008152,S3582,0,0.1921,0,0,1,1,0.0239,84,0
E008153,S1716,1,0.0404,1,0,1,1,0.0802,74,0
E008154,S0132,0,0.5667,2,1,0,0,0.8036,15,1
E008155,S3435,1,0.0791,1,0,1,1,0.0316,90,0
E008156,S3573,1,0.0701,0,1,1,0,0.1663,40,0
E008157,S2003,0,0.4602,0,0,1,2,0.2723,89,0
E008158,S1654,1,0.0901,1,1,1,0,0.1774,72,0
E008159,S1342,1,0.0839,0,0,1,1,0.0466,94,0
E008160,S1396,0,0.1785,1,0,1,0,0.1306,73,0
E008161,S0319,1,0.1321,0,1,1,0,0.2917,89,0
E008162,S1529,0,0.2531,0,0,0,1,0.5171,58,1
E008163,S0080,1,0.2203,1,0,1,0,0.5043,79,1
E008164,S0112,0,0.3952,1,1,1,4,0.2761,50,0
E008165,S0075,0,0.6972,0,0,0,1,0.6629,47,0
E008166,S3441,0,0.4041,0,0,1,0,0.2239,70,0
E008167,S2160,1,0.7113,3,0,1,0,0.6164,65,1
E008168,S1105,1,0.1477,0,0,1,0,0.1094,72,0
E008169,S1579,1,0.3827,0,0,1,0,0.2888,57,0
E008170,S2326,0,0.6998,0,1,0,1,0.7534,53,1
E008171,S0134,1,0.0263,0,0,1,0,0.5273,87,0
E008172,S1238,0,0.3317,3,0,1,1,0.679,53,1
E008173,S0771,1,0.0343,0,1,1,0,0.0524,64,0
E008174,S1906,0,0.1287,0,0,1,0,0.1134,76,1
E008175,S3474,1,0.0837,0,0,1,0,0.0151,78,0
E008176,S2819,0,0.0321,0,0,1,0,0.1008,46,0
E008177,S0107,0,0.1013,0,0,1,0,0.0849,66,0
E008178,S1524,1,0.0499,0,0,1,0,0.1379,87,0
E008179,S3588,0,0.6871,0,1,1,2,0.443,37,0
E008180,S2946,0,0.5643,1,1,0,2,0.5714,21,1
E008181,S2176,1,0.097,0,0,1,0,0.5599,89,0
E008182,S2711,1,0.1831,1,1,1,0,0.2107,83,0
E008183,S1024,0,0.1265,0,0,1,0,0.0395,78,0
E008184,S0415,1,0.102,0,0,1,0,0.018,91,0
E008185,S1585,0,0.4652,0,0,1,1,0.5465,97,1
E008186,S0923,0,0.5725,0,0,1,0,0.5431,73,1
E008187,S3566,0,0.3656,0,0,1,1,0.4966,56,0
E008188,S2194,0,0.7565,0,0,1,1,0.7572,43,1
E008189,S2140,1,0.0587,0,0,1,0,0.1492,90,0
E008190,S0285,0,0.4488,2,1,1,2,0.4456,50,1
E008191,S0715,0,0.5801,0,0,1,0,0.2796,94,0
E008192,S3575,1,0.2499,0,0,1,0,0.3447,69,0
E008193,S0104,0,0.6142,4,0,1,4,0.4176,22,1
E008194,S3258,1,0.0736,0,0,1,0,0.0796,94,0
E008195,S0799,0,0.4406,3,0,0,0,0.6212,17,1
E008196,S3022,1,0.1062,0,0,1,0,0.1137,74,1
E008197,S2832,1,0.0872,0,0,1,0,0.0561,86,0
E008198,S0529,1,0.0033,1,0,1,0,0.0522,80,0
E008199,S3918,0,0.5754,3,1,1,1,0.6628,41,1
E008200,S0283,1,0.1093,1,0,1,0,0.0308,80,0
E008201,S3506,1,0.0982,2,1,1,0,0.1405,83,0
E008202,S0183,0,0.6224,3,1,0,3,0.7905,36,1
E008203,S2307,1,0.0488,0,0,1,0,0.1639,82,0
E008204,S1298,1,0.0556,0,0,1,0,0.0064,74,0
E008205,S0240,0,0.3405,1,0,1,4,0.2318,59,1
E008206,S1162,0,0.0166,0,0,1,0,0.0394,74,0
E008207,S0402,0,0.1461,0,1,1,0,0.2568,75,0
E008208,S0224,0,0.5329,8,1,0,0,0.6632,0,1
E008209,S0483,1,0.3107,0,1,1,1,0.3403,34,1
E008210,S2498,0,0.1293,0,0,0,0,0.1149,60,0
E008211,S0265,0,0.4986,0,0,1,0,0.4198,71,0
E008212,S3226,0,0.0342,0,0,1,0,0.0485,65,0
E008213,S0159,1,0.168,0,0,0,2,0.3414,48,1
E008214,S1110,0,0.0547,4,1,1,0,0.7865,97,1
E008215,S1686,1,0.0738,0,0,1,0,0.2324,70,0
E008216,S1863,1,0.1532,0,0,1,0,0.0823,81,0
E008217,S3810,0,0.2397,0,0,1,0,0.4913,50,0
E008218,S1523,1,0.0742,0,0,1,0,0.3847,73,1
E008219,S1508,1,0.0456,0,0,1,0,0.1402,78,0
E008220,S1066,1,0.0407,0,0,1,1,0.1139,91,0
E008221,S2281,0,0.1625,0,1,1,1,0.3484,47,0
E008222,S2114,1,0.6917,2,1,1,1,0.2672,64,0
E008223,S3674,1,0.0272,0,0,1,0,0.0509,100,0
E008224,S0226,0,0.1029,0,1,1,0,0.172,64,0
E008225,S0888,1,0.0541,0,0,1,0,0.2908,90,0
E008226,S1057,1,0.0525,1,0,0,0,0.7038,73,0
E008227,S2836,1,0.3894,2,0,0,1,0.272,8,0
E008228,S0284,0,0.1169,0,0,1,0,0.1151,58,0
E008229,S3195,1,0.307,0,1,0,1,0.0461,59,0
E008230,S0338,1,0.2181,0,0,1,0,0.1024,75,0
E008231,S0035,1,0.312,0,0,1,3,0.3699,29,1
E008232,S0056,0,0.754,0,0,0,0,0.2126,40,1
E008233,S2893,0,0.1208,0,0,1,0,0.0107,84,0
E008234,S0062,0,0.4746,4,1,0,6,0.1332,55,1
E008235,S1961,0,0.1628,0,0,1,0,0.0431,65,0
E008236,S3225,1,0.0602,0,0,1,0,0.0622,70,0
E008237,S3560,0,0.4967,1,0,0,0,0.4445,40,1
E008238,S1352,1,0.0224,0,0,1,0,0.111,98,0
E008239,S0153,1,0.1619,0,0,1,0,0.0706,69,0
E008240,S0114,0,0.4891,1,0,1,2,0.1961,19,1
E008241,S1514,1,0.0672,1,1,0,0,0.0737,77,1
E008242,S1057,0,0.0881,0,0,1,0,0.1015,75,0
E008243,S3546,1,0.1972,1,1,1,0,0.0767,68,1
E008244,S0011,0,0.7438,4,1,1,3,0.7523,0,1
E008245,S2460,0,0.1585,0,0,1,0,0.0545,60,0
E008246,S1920,0,0.4649,1,0,1,1,0.8027,51,1
E008247,S4191,0,0.1634,0,1,1,0,0.1469,42,0
E008248,S0617,1,0.0801,0,0,1,0,0.0886,74,0
E008249,S3499,1,0.0396,0,1,1,0,0.0711,62,0
E008250,S2106,1,0.1459,0,0,1,0,0.0376,78,0
E008251,S1558,1,0.023,0,0,1,0,0.742,70,0
E008252,S1372,0,0.4301,1,0,0,0,0.7064,9,1
E008253,S3901,1,0.0671,0,0,1,0,0.0676,85,0
E008254,S3002,1,0.1973,0,0,1,0,0.0263,67,0
E008255,S3533,0,0.1084,0,0,1,0,0.0134,60,0
E008256,S2439,1,0.0222,0,0,1,0,0.1799,85,0
E008257,S0353,1,0.0887,0,0,1,0,0.0396,76,0
E008258,S2189,1,0.037,0,0,1,0,0.0286,74,0
E008259,S0168,0,0.8591,1,1,0,3,0.7526,16,1
E008260,S1166,1,0.0976,0,1,1,0,0.3859,51,0
E008261,S2450,1,0.2046,0,0,1,0,0.052,65,0
E008262,S0950,1,0.0878,1,0,1,0,0.0873,80,0
E008263,S0294,0,0.485,3,1,0,6,0.4962,36,1
E008264,S0132,1,0.1423,1,0,0,5,0.2206,82,1
E008265,S1390,0,0.0514,0,0,1,0,0.0372,60,0
E008266,S1477,1,0.0654,0,0,1,0,0.1477,98,0
E008267,S3434,0,0.1,0,0,1,0,0.0302,60,0
E008268,S0555,1,0.0884,0,0,1,0,0.1604,80,0
E008269,S2912,1,0.0483,0,1,1,0,0.0487,77,0
E008270,S0063,1,0.3708,0,0,1,5,0.5442,35,1
E008271,S1807,0,0.6628,3,0,1,0,0.3839,52,1
E008272,S0153,0,0.5792,5,0,0,6,0.3214,0,1
E008273,S0139,1,0.0412,0,0,1,0,0.0397,76,0
E008274,S0221,1,0.0214,1,0,1,0,0.0376,81,0
E008275,S3076,1,0.0235,1,0,1,0,0.5231,80,0
E008276,S1268,1,0.128,0,0,1,0,0.0495,92,0
E008277,S3886,1,0.0714,0,0,1,0,0.1179,93,0
E008278,S3527,1,0.0242,0,1,1,0,0.3572,89,0
E008279,S3050,1,0.0183,0,0,1,0,0.3429,64,0
E008280,S3950,0,0.6336,1,1,1,0,0.7867,28,1
E008281,S0024,0,0.8648,3,1,0,2,0.9058,5,1
E008282,S0290,1,0.5678,0,1,1,1,0.2973,46,1
E008283,S1833,1,0.061,2,1,1,0,0.3024,73,1
E008284,S4141,1,0.2108,0,0,1,0,0.5444,62,0
E008285,S0102,0,0.1171,0,0,1,0,0.1366,82,0
E008286,S0521,1,0.1429,0,0,1,0,0.2762,55,0
E008287,S3876,0,0.0188,0,0,1,0,0.0894,70,0
E008288,S3134,1,0.075,1,0,1,0,0.093,81,0
E008289,S4199,1,0.1976,1,0,1,0,0.1964,69,0
E008290,S3665,1,0.0313,0,0,1,0,0.0744,62,0
E008291,S3664,0,0.1889,0,0,1,1,0.7262,58,1
E008292,S2741,0,0.5292,1,0,1,0,0.151,73,0
E008293,S1964,0,0.1482,0,0,1,0,0.2135,59,0
E008294,S3416,1,0.0925,0,0,1,0,0.0535,87,0
E008295,S1511,1,0.3128,0,0,1,1,0.4719,33,0
E008296,S2846,0,0.5451,0,0,1,0,0.4207,70,0
E008297,S2675,1,0.0192,1,0,1,0,0.4795,92,0
E008298,S2603,1,0.2325,0,0,1,0,0.0148,91,0
E008299,S0583,1,0.2887,0,0,1,0,0.0428,71,0
E008300,S3119,0,0.3498,1,0,0,1,0.2707,78,1
E008301,S2650,0,0.0242,1,0,1,0,0.1259,47,0
E008302,S1799,1,0.0638,0,0,1,0,0.0995,86,0
E008303,S1225,1,0.4714,0,1,1,0,0.6432,45,1
E008304,S1671,0,0.2007,0,0,1,0,0.1167,83,0
E008305,S1616,0,0.5808,3,1,0,0,0.524,28,1
E008306,S0466,1,0.0192,0,0,1,0,0.6907,78,0
E008307,S1118,1,0.0359,0,0,1,0,0.0957,80,0
E008308,S4066,1,0.144,0,0,1,0,0.1014,68,0
E008309,S1092,0,0.8285,2,0,1,1,0.6932,10,1
E008310,S0338,1,0.1197,0,0,1,0,0.0607,97,0
E008311,S0717,0,0.0939,2,0,1,0,0.3778,68,0
E008312,S4159,1,0.1073,0,0,1,0,0.1317,85,0
E008313,S3387,1,0.1022,0,0,1,0,0.1455,73,0
E008314,S0291,1,0.0899,1,1,1,0,0.3683,62,0
E008315,S0114,0,0.6951,4,0,0,3,0.6027,22,0
E008316,S3889,0,0.3301,0,1,1,0,0.3869,82,0
E008317,S0842,0,0.5949,0,0,1,0,0.3546,59,1
E008318,S1629,1,0.5715,0,1,1,0,0.4367,81,0
E008319,S2791,1,0.808,4,0,0,0,0.652,46,1
E008320,S3950,1,0.2072,0,0,1,0,0.2253,81,1
E008321,S3717,0,0.6264,2,0,1,0,0.7748,29,1
E008322,S2464,1,0.1011,0,0,1,0,0.0487,77,0
E008323,S2709,1,0.0456,0,0,1,0,0.0084,100,0
E008324,S0265,0,0.6817,2,1,0,2,0.7302,19,1
E008325,S2458,0,0.7739,0,1,1,1,0.5324,63,1
E008326,S0363,1,0.0238,0,0,1,0,0.0657,82,0
E008327,S4173,0,0.6147,0,0,1,1,0.6636,33,1
E008328,S3073,1,0.0547,0,0,1,0,0.0921,69,0
E008329,S0288,1,0.6277,0,0,0,4,0.4363,62,1
E008330,S2570,1,0.2288,0,0,1,0,0.0982,57,0
E008331,S4076,1,0.2621,0,0,1,0,0.2441,76,0
E008332,S1984,1,0.1073,0,1,1,0,0.1858,61,1
E008333,S2593,1,0.1997,0,1,1,0,0.1445,79,0
E008334,S2365,1,0.6098,0,0,1,0,0.2715,43,1
E008335,S4045,1,0.1515,0,0,1,0,0.0843,92,0
E008336,S0926,0,0.1563,0,0,1,0,0.0151,69,0
E008337,S0912,1,0.5808,1,0,0,0,0.2131,46,1
E008338,S2669,1,0.0837,0,1,1,0,0.1846,67,0
E008339,S1990,0,0.0604,0,0,1,0,0.3325,96,0
E008340,S2223,1,0.1155,0,1,1,0,0.1839,98,0
E008341,S1805,1,0.0376,0,1,1,0,0.0781,100,0
E008342,S0227,0,0.3495,4,1,0,1,0.7911,21,1
E008343,S1167,1,0.5524,0,1,0,0,0.4712,61,1
E008344,S3487,1,0.0796,0,0,1,0,0.1056,74,0
E008345,S2252,1,0.0631,0,0,1,0,0.0213,67,0
E008346,S2338,0,0.3111,0,0,1,0,0.0526,61,0
E008347,S3911,0,0.1081,0,0,1,0,0.0667,92,0
E008348,S3801,1,0.0363,0,0,1,0,0.0491,70,0
E008349,S4154,0,0.1022,1,1,1,0,0.0394,66,0
E008350,S0148,0,0.1032,1,0,0,6,0.6228,46,1
E008351,S1429,0,0.0329,1,0,1,0,0.156,49,0
E008352,S3919,1,0.0279,1,0,1,0,0.0525,92,0
E008353,S1614,1,0.3854,1,1,1,1,0.4071,80,0
E008354,S2821,0,0.4898,4,1,1,1,0.8018,45,1
E008355,S2142,0,0.0672,0,0,1,0,0.4098,69,0
E008356,S0895,0,0.0825,0,0,1,0,0.2407,56,0
E008357,S1003,1,0.2205,1,1,1,0,0.4928,71,1
E008358,S3524,1,0.0232,0,0,1,0,0.1755,78,0
E008359,S2619,0,0.3162,0,1,1,0,0.3269,33,0
E008360,S0675,1,0.3543,0,1,1,0,0.409,7,1
E008361,S1604,1,0.1193,0,0,1,0,0.0761,79,0
E008362,S1684,0,0.4194,3,0,0,1,0.534,41,1
E008363,S0333,1,0.1247,0,0,1,1,0.114,60,0
E008364,S3503,0,0.8704,4,1,1,0,0.7197,42,1
E008365,S0234,0,0.5046,1,1,0,2,0.24,19,1
E008366,S1530,0,0.1022,1,1,1,0,0.5531,58,0
E008367,S1079,1,0.0268,0,0,1,0,0.1189,88,0
E008368,S0057,0,0.0266,1,0,1,0,0.1009,84,0
E008369,S2374,1,0.0203,0,0,1,0,0.4054,78,0
E008370,S0437,1,0.1096,0,0,1,0,0.0619,72,0
E008371,S3565,1,0.428,1,0,0,1,0.4351,67,0
E008372,S0864,0,0.4158,6,1,0,1,0.8077,35,1
E008373,S1999,1,0.0679,0,0,1,0,0.158,75,0
E008374,S0241,1,0.0624,0,0,1,0,0.5281,100,0
E008375,S1464,0,0.3088,2,0,1,0,0.6824,80,0
E008376,S2022,1,0.0659,0,1,1,0,0.0143,86,0
E008377,S1998,1,0.0518,0,0,1,0,0.0762,78,1
E008378,S1642,0,0.1692,0,0,1,0,0.1408,83,0
E008379,S0676,1,0.1219,2,1,1,0,0.1293,100,0
E008380,S1651,1,0.1135,1,0,1,0,0.1839,70,0
E008381,S2084,1,0.0679,0,0,1,0,0.3737,68,0
E008382,S2411,1,0.0178,0,1,0,0,0.1921,86,0
E008383,S2610,0,0.1292,0,0,1,0,0.0853,52,0
E008384,S2027,1,0.1096,0,0,1,0,0.0264,93,0
E008385,S3325,0,0.1184,1,0,1,0,0.1079,80,0
E008386,S3387,0,0.607,1,1,0,1,0.6791,63,0
E008387,S2413,0,0.0834,1,0,1,0,0.0407,70,0
E008388,S1158,0,0.3642,0,0,1,1,0.2153,62,0
E008389,S0997,1,0.1768,0,0,1,0,0.1193,83,0
E008390,S1620,0,0.2593,1,0,0,2,0.5547,43,1
E008391,S0621,1,0.127,0,0,1,0,0.0566,78,0
E008392,S1366,1,0.117,0,0,1,0,0.0525,87,0
E008393,S4069,1,0.1068,1,1,1,0,0.1459,82,1
E008394,S0658,1,0.0247,0,1,1,0,0.0717,84,0
E008395,S3509,1,0.2387,0,1,1,0,0.7052,33,1
E008396,S1978,1,0.4186,2,0,0,1,0.6405,37,1
E008397,S2179,1,0.0808,0,1,1,0,0.1857,83,0
E008398,S0877,1,0.551,0,0,1,0,0.7747,50,0
E008399,S0022,1,0.4408,0,0,1,2,0.744,37,1
E008400,S1696,1,0.1859,0,1,1,0,0.0922,83,0
E008401,S3439,0,0.0349,1,0,0,0,0.0687,88,0
E008402,S1496,0,0.3806,0,0,1,0,0.204,86,1
E008403,S0626,1,0.0737,0,1,1,0,0.2465,68,0
E008404,S4012,1,0.4519,1,0,0,0,0.6814,0,1
E008405,S3778,1,0.1823,1,0,1,0,0.0774,81,0
E008406,S2231,0,0.1458,0,0,1,0,0.5505,75,0
E008407,S4155,0,0.1397,0,0,1,0,0.118,73,0
E008408,S3722,0,0.1302,0,0,1,0,0.2025,71,0
E008409,S3742,1,0.0312,0,0,1,1,0.0284,100,0
E008410,S0856,0,0.1551,1,1,1,0,0.3333,89,1
E008411,S3542,1,0.1402,0,0,1,0,0.0904,81,0
E008412,S0221,0,0.6715,3,1,1,2,0.5584,16,0
E008413,S1606,1,0.0624,0,1,1,0,0.0436,73,0
E008414,S0070,0,0.0112,0,0,1,0,0.1684,53,0
E008415,S0198,0,0.7582,6,1,0,2,0.6784,18,1
E008416,S3372,1,0.0994,0,0,1,0,0.0359,83,0
E008417,S3943,1,0.0707,0,0,1,0,0.0481,76,0
E008418,S0884,1,0.249,0,1,1,0,0.4621,40,1
E008419,S0936,1,0.0422,0,0,1,0,0.4905,86,0
E008420,S3291,1,0.1071,1,0,1,0,0.0233,80,0
E008421,S1957,0,0.067,0,0,1,0,0.0875,75,0
E008422,S0222,1,0.0762,0,0,1,0,0.0938,95,0
E008423,S1606,0,0.2859,0,0,1,1,0.237,78,1
E008424,S0261,0,0.8315,4,1,0,0,0.8217,20,1
E008425,S1943,1,0.0122,0,0,1,0,0.0723,68,0
E008426,S3192,0,0.0941,0,0,1,0,0.3624,72,0
E008427,S3085,1,0.6996,0,0,1,0,0.6402,39,1
E008428,S2845,1,0.1143,1,0,1,1,0.0842,90,0
E008429,S2874,1,0.095,0,0,1,0,0.026,77,0
E008430,S3692,1,0.1714,0,0,1,0,0.3493,83,0
E008431,S0794,0,0.2414,1,0,1,1,0.0702,79,0
E008432,S2382,1,0.4689,1,0,1,0,0.3615,78,1
E008433,S2383,0,0.0379,0,0,1,0,0.0921,80,0
E008434,S0960,1,0.0745,0,0,1,0,0.0337,90,0
E008435,S3466,1,0.4115,0,0,0,1,0.105,38,0
E008436,S3702,0,0.2344,0,1,1,0,0.1579,83,0
E008437,S0843,1,0.1629,0,0,0,0,0.3015,68,0
E008438,S1347,1,0.0459,0,1,1,0,0.1017,78,0
E008439,S0210,0,0.824,2,1,0,1,0.6508,25,1
E008440,S0035,1,0.0571,0,0,1,0,0.1379,69,0
E008441,S3934,0,0.888,0,0,0,0,0.7397,53,1
E008442,S0768,1,0.0402,2,0,0,0,0.0642,76,0
E008443,S2837,1,0.2127,0,1,1,1,0.2202,64,0
E008444,S0212,0,0.2746,0,0,1,5,0.4958,34,1
E008445,S2381,0,0.6819,3,1,0,1,0.618,51,1
E008446,S0519,1,0.0369,0,0,1,0,0.0548,75,0
E008447,S3449,0,0.458,0,0,1,0,0.5734,63,1
E008448,S0469,0,0.1602,1,1,0,0,0.1855,49,0
E008449,S3801,1,0.0151,0,1,1,1,0.1448,58,0
E008450,S0048,0,0.6427,0,1,1,1,0.4452,73,1
E008451,S4083,1,0.0489,0,0,1,1,0.0536,87,0
E008452,S3015,0,0.3428,5,1,0,2,0.4333,40,1
E008453,S0603,0,0.3117,1,1,0,0,0.3957,60,1
E008454,S0936,1,0.1584,0,0,1,0,0.1981,76,0
E008455,S3454,1,0.1804,0,0,1,0,0.0487,84,0
E008456,S1609,1,0.4094,0,0,0,1,0.4071,86,1
E008457,S1489,1,0.0783,0,0,1,0,0.0612,85,0
E008458,S0011,1,0.5942,1,0,1,2,0.596,46,1
E008459,S4060,1,0.0471,0,0,1,0,0.0593,79,0
E008460,S3667,1,0.0803,1,0,1,1,0.0437,68,0
E008461,S2867,0,0.0742,0,0,1,1,0.0502,89,1
E008462,S0428,0,0.0104,0,0,1,0,0.0971,75,0
E008463,S3623,1,0.1115,0,0,1,0,0.0785,74,0
E008464,S2963,1,0.0743,0,0,1,0,0.1145,80,0
E008465,S2977,1,0.0563,0,0,1,0,0.1871,77,0
E008466,S0084,0,0.5069,3,0,1,0,0.7964,31,1
E008467,S1356,0,0.1379,0,0,1,0,0.122,56,0
E008468,S0292,0,0.3226,1,1,1,3,0.1037,47,1
E008469,S2605,0,0.0758,0,0,1,0,0.1478,65,0
E008470,S0884,1,0.0821,0,0,1,0,0.0999,93,0
E008471,S1522,1,0.0786,1,0,1,0,0.0132,79,0
E008472,S0004,1,0.4525,1,0,0,4,0.2881,58,1
E008473,S3584,0,0.1469,0,1,1,0,0.1439,74,0
E008474,S0068,0,0.5182,1,0,1,4,0.2633,29,1
E008475,S2656,1,0.1347,0,0,1,0,0.0872,73,0
E008476,S1784,0,0.5252,4,0,0,2,0.5139,32,1
E008477,S2491,1,0.1317,2,1,1,0,0.1563,77,0
E008478,S0085,0,0.1792,1,0,1,4,0.2441,66,1
E008479,S0698,1,0.0998,0,0,1,0,0.1625,79,0
E008480,S1137,1,0.0603,0,0,1,1,0.482,77,0
E008481,S3376,1,0.0552,0,0,1,0,0.1359,72,0
E008482,S2356,0,0.7391,4,1,1,0,0.5891,31,1
E008483,S3230,1,0.1521,0,0,1,0,0.0962,69,0
E008484,S2637,0,0.0407,0,0,1,0,0.1073,99,0
E008485,S0111,1,0.2158,0,1,1,3,0.1479,42,0
E008486,S3090,0,0.2607,0,1,1,0,0.8426,38,1
E008487,S2329,1,0.067,0,0,1,0,0.7498,78,1
E008488,S0006,0,0.5891,0,0,0,0,0.3612,82,1
E008489,S1791,1,0.0839,0,0,1,0,0.1376,76,0
E008490,S0102,0,0.6388,2,0,0,1,0.3032,61,1
E008491,S0182,1,0.1566,0,0,1,0,0.2692,58,0
E008492,S0063,1,0.0926,0,1,1,0,0.059,59,0
E008493,S1595,1,0.1214,0,0,1,0,0.2967,79,0
E008494,S0208,0,0.3275,2,1,0,0,0.6727,53,1
E008495,S2720,0,0.6953,4,1,1,0,0.8084,48,1
E008496,S0975,0,0.4769,2,0,0,1,0.5274,47,0
E008497,S0002,0,0.1987,0,1,0,1,0.4475,65,0
E008498,S0444,0,0.5891,2,1,0,1,0.5173,35,1
E008499,S3168,1,0.0649,0,1,1,0,0.1459,70,0
E008500,S2372,1,0.1014,0,0,1,0,0.0979,89,0
E008501,S3738,1,0.0547,0,1,1,0,0.2416,67,1
E008502,S2910,0,0.623,4,1,1,0,0.5216,47,1
E008503,S1949,1,0.045,1,0,1,0,0.463,89,1
E008504,S3477,1,0.0741,0,1,1,0,0.4052,60,0
E008505,S2278,1,0.1706,0,0,1,0,0.0918,84,0
E008506,S4031,1,0.0225,0,0,1,0,0.5003,64,0
E008507,S1911,0,0.2767,0,0,1,0,0.1425,88,0
E008508,S2005,0,0.2278,1,0,1,0,0.3866,31,1
E008509,S2103,0,0.6746,3,1,1,0,0.7095,40,1
E008510,S1839,0,0.3867,0,1,0,0,0.267,60,0
E008511,S0918,0,0.7156,0,0,1,0,0.5514,63,1
E008512,S0148,0,0.3565,1,0,1,3,0.3572,45,0
E008513,S3441,1,0.1091,0,0,1,1,0.0659,85,0
E008514,S3274,1,0.1414,0,0,1,0,0.1547,62,0
E008515,S2232,0,0.5228,0,0,1,1,0.5007,48,1
E008516,S1926,0,0.3183,0,0,0,0,0.7243,95,0
E008517,S2744,1,0.0497,0,0,1,0,0.0537,64,0
E008518,S1765,0,0.4955,1,1,0,0,0.8256,47,1
E008519,S4171,1,0.1067,1,0,1,0,0.1003,78,0
E008520,S1328,1,0.0456,0,0,1,0,0.6019,84,0
E008521,S0339,0,0.2017,0,0,0,0,0.1544,94,0
E008522,S1727,0,0.2037,1,0,1,0,0.1648,70,1
E008523,S2039,1,0.0084,0,0,1,0,0.1804,53,0
E008524,S1623,0,0.0545,0,0,1,1,0.0967,60,0
E008525,S4114,0,0.0693,0,0,1,0,0.1743,74,0
E008526,S3104,1,0.1351,0,0,1,0,0.2003,84,0
E008527,S2015,0,0.5143,2,1,0,0,0.4695,53,1
E008528,S3522,1,0.0341,0,0,1,0,0.6656,89,0
E008529,S0109,0,0.3855,4,1,0,3,0.5775,29,1
E008530,S0229,0,0.2752,0,1,0,0,0.6121,56,1
E008531,S2148,1,0.0309,1,1,1,0,0.0278,64,0
E008532,S0592,0,0.1709,0,0,1,0,0.0625,51,0
E008533,S0280,0,0.6635,5,0,0,4,0.9275,0,1
E008534,S0061,1,0.0364,1,0,1,0,0.1932,84,0
E008535,S3327,1,0.0286,0,0,1,0,0.2542,87,0
E008536,S2314,1,0.0145,0,0,1,0,0.0336,84,0
E008537,S0247,1,0.4909,0,0,1,4,0.2263,17,1
E008538,S0937,1,0.5048,0,0,1,1,0.4792,41,0
E008539,S0181,0,0.8552,2,1,0,2,0.7887,37,1
E008540,S1544,1,0.4519,0,0,1,1,0.3274,61,0
E008541,S3736,1,0.1404,0,0,1,0,0.2225,93,0
E008542,S0090,0,0.0816,0,0,1,0,0.1056,77,0
E008543,S0131,0,0.545,1,0,1,4,0.5224,61,1
E008544,S1774,0,0.0632,0,0,1,0,0.0124,76,0
E008545,S0239,0,0.7371,1,1,0,5,0.7838,12,1
E008546,S1623,0,0.015,0,1,0,0,0.0131,76,1
E008547,S0045,1,0.3859,0,0,1,4,0.7146,40,1
E008548,S3392,1,0.4108,0,0,0,4,0.6266,43,0
E008549,S2973,0,0.1041,0,0,1,0,0.0808,83,0
E008550,S0517,1,0.1852,0,0,1,0,0.4863,71,0
E008551,S3556,1,0.1191,0,0,1,0,0.0549,67,0
E008552,S0858,1,0.0673,1,0,1,1,0.0343,78,0
E008553,S3477,1,0.0192,1,0,1,0,0.0607,74,0
E008554,S2724,1,0.0259,0,0,1,0,0.0232,92,0
E008555,S0200,1,0.5119,0,0,1,1,0.4069,23,1
E008556,S2183,1,0.0772,0,0,1,0,0.6065,76,0
E008557,S0376,1,0.0096,0,0,1,0,0.1349,64,0
E008558,S2796,1,0.0411,0,0,1,0,0.0503,97,0
E008559,S1778,0,0.1613,0,0,1,1,0.3522,65,1
E008560,S1756,1,0.087,1,0,1,0,0.0728,67,0
E008561,S1250,1,0.0934,0,0,1,0,0.0989,78,1
E008562,S0064,1,0.4677,2,0,1,4,0.6735,34,1
E008563,S0500,0,0.0915,0,0,1,1,0.0729,69,0
E008564,S0267,0,0.858,2,1,1,2,0.894,12,1
E008565,S0164,1,0.3155,0,1,0,3,0.3288,50,0
E008566,S2552,1,0.0774,0,0,1,0,0.0394,59,0
E008567,S1303,1,0.0514,0,0,1,0,0.0554,86,0
E008568,S0020,1,0.0833,0,0,1,0,0.0179,83,0
E008569,S3716,1,0.0525,0,0,1,0,0.058,83,0
E008570,S0382,0,0.4859,8,1,1,1,0.4831,17,1
E008571,S0259,0,0.3964,1,0,1,5,0.2865,68,0
E008572,S1197,1,0.0419,0,1,1,0,0.0773,77,1
E008573,S0708,1,0.0729,0,0,1,0,0.0473,79,0
E008574,S1327,0,0.4375,0,0,1,0,0.4193,44,0
E008575,S4084,1,0.0411,0,0,1,0,0.0592,89,0
E008576,S0660,1,0.1214,0,0,1,0,0.0958,79,0
E008577,S1139,1,0.0725,0,0,1,0,0.0259,80,0
E008578,S3662,1,0.0345,0,0,1,0,0.0832,81,0
E008579,S0124,1,0.3479,2,1,1,3,0.2432,59,1
E008580,S1790,0,0.6749,0,0,1,1,0.4954,47,1
E008581,S1533,0,0.1352,0,0,1,0,0.0438,73,0
E008582,S3601,0,0.7289,0,1,0,0,0.7092,31,1
E008583,S2588,1,0.0604,0,0,1,0,0.0515,77,0
E008584,S2120,0,0.0136,0,0,1,0,0.2283,73,0
E008585,S1316,1,0.0811,0,0,1,0,0.102,64,0
E008586,S3784,1,0.1757,0,1,1,0,0.2463,70,0
E008587,S0725,1,0.1044,0,0,1,0,0.1245,75,0
E008588,S1896,1,0.087,0,0,1,0,0.0959,77,0
E008589,S3056,1,0.0578,0,1,1,2,0.2728,64,0
E008590,S0009,1,0.3165,2,0,0,8,0.368,72,1
E008591,S1491,1,0.0506,0,0,1,0,0.0523,76,0
E008592,S0092,0,0.7598,1,1,0,5,0.7324,33,0
E008593,S1612,1,0.0837,0,0,1,0,0.0426,91,0
E008594,S0097,0,0.8659,3,1,0,2,0.4666,27,1
E008595,S3495,1,0.1426,0,0,1,0,0.3175,81,0
E008596,S3844,1,0.0421,0,1,1,0,0.1608,71,0
E008597,S0262,0,0.5509,3,1,0,1,0.5572,8,1
E008598,S0244,1,0.0863,0,0,1,0,0.5728,96,0
E008599,S1683,1,0.163,1,1,1,0,0.0736,67,0
E008600,S0073,0,0.6952,1,0,0,4,0.2622,46,0
E008601,S4019,0,0.1553,0,0,1,0,0.0436,78,0
E008602,S2694,1,0.0396,0,0,1,0,0.1576,92,0
E008603,S2534,0,0.1112,0,0,1,0,0.1229,69,1
E008604,S3891,0,0.0575,0,0,1,0,0.0665,85,0
E008605,S1346,0,0.1953,0,1,1,0,0.1087,69,0
E008606,S0516,1,0.1132,0,0,1,0,0.0672,94,0
E008607,S0497,0,0.3469,0,0,1,0,0.3879,100,0
E008608,S1446,1,0.1737,0,0,1,0,0.288,76,0
E008609,S2181,0,0.069,0,0,1,0,0.0558,65,0
E008610,S0249,0,0.2775,3,1,0,2,0.1691,57,1
E008611,S1555,1,0.1401,0,0,1,0,0.2793,70,0
E008612,S2163,1,0.306,0,1,1,0,0.0546,73,0
E008613,S1562,0,0.084,0,0,1,0,0.0387,86,0
E008614,S0005,0,0.6556,2,1,0,2,0.6992,19,1
E008615,S2683,0,0.6857,0,0,1,0,0.5377,83,0
E008616,S1444,1,0.0626,0,0,1,0,0.0364,79,0
E008617,S2419,1,0.1223,0,1,1,0,0.0022,76,0
E008618,S3943,1,0.8684,5,1,1,0,0.4321,19,1
E008619,S3616,1,0.0406,0,0,1,0,0.0983,75,0
E008620,S0074,0,0.735,4,1,1,3,0.684,21,1
E008621,S1256,0,0.787,0,0,0,0,0.3969,85,1
E008622,S3987,1,0.0728,0,0,0,0,0.0303,78,0
E008623,S3136,1,0.2708,1,1,1,0,0.0433,96,0
E008624,S0147,0,0.3147,1,0,1,2,0.3561,68,1
E008625,S0961,0,0.6169,0,1,1,1,0.2902,22,1
E008626,S0563,1,0.0511,1,0,1,0,0.0996,89,0
E008627,S0294,0,0.0784,0,0,1,0,0.1063,83,0
E008628,S0451,1,0.2555,0,0,1,0,0.1167,91,0
E008629,S0762,1,0.0245,1,1,1,0,0.0129,83,0
E008630,S2739,0,0.124,0,1,1,0,0.1584,72,0
E008631,S4042,0,0.5367,4,1,1,0,0.513,16,1
E008632,S3331,0,0.0883,0,0,0,0,0.2344,78,1
E008633,S3447,1,0.0646,1,1,1,0,0.1338,60,0
E008634,S4101,1,0.0888,0,1,1,0,0.0675,83,0
E008635,S3546,1,0.0532,0,0,1,0,0.0619,67,1
E008636,S0049,1,0.4362,1,1,1,6,0.7991,52,1
E008637,S3334,1,0.0361,0,0,1,0,0.086,68,0
E008638,S2995,1,0.3064,0,0,1,0,0.2425,98,0
E008639,S3534,1,0.3729,2,1,1,0,0.4856,82,1
E008640,S0438,1,0.1396,0,0,1,0,0.1624,83,0
E008641,S2500,0,0.0814,0,0,1,0,0.1341,66,0
E008642,S2013,0,0.1233,0,0,1,0,0.1178,54,0
E008643,S3543,0,0.7743,1,1,0,0,0.3712,28,1
E008644,S2532,0,0.2897,0,0,1,0,0.0585,67,0
E008645,S1909,1,0.1281,0,0,1,0,0.3563,100,0
E008646,S2599,1,0.2305,3,0,0,0,0.2612,55,1
E008647,S0023,1,0.0077,0,1,1,0,0.1085,59,0
E008648,S0882,1,0.0413,0,0,1,0,0.155,89,0
E008649,S3649,1,0.0581,0,0,1,0,0.0784,98,0
E008650,S1332,1,0.064,1,1,1,1,0.1719,76,0
E008651,S0276,1,0.1292,0,0,1,0,0.4636,87,0
E008652,S2878,0,0.0349,0,0,1,0,0.0689,82,0
E008653,S0829,1,0.0527,0,0,1,0,0.1544,77,0
E008654,S0032,1,0.4918,1,0,1,4,0.4981,32,1
E008655,S2442,1,0.5106,1,0,0,2,0.4656,21,0
E008656,S3935,1,0.0603,0,1,1,0,0.6428,90,0
E008657,S2266,1,0.0732,0,1,1,0,0.0914,74,0
E008658,S2782,1,0.1701,0,0,1,0,0.1515,76,0
E008659,S0651,0,0.2041,0,0,1,1,0.0324,61,0
E008660,S1146,1,0.0199,0,0,1,0,0.0714,86,0
E008661,S0069,0,0.718,3,1,0,3,0.8645,24,1
E008662,S0750,0,0.0815,0,0,1,0,0.1202,57,0
E008663,S0087,0,0.7365,1,1,0,5,0.5585,21,1
E008664,S0299,0,0.6509,2,1,0,1,0.489,46,1
E008665,S0432,1,0.1142,0,0,1,0,0.0881,93,0
E008666,S3449,1,0.1332,0,0,0,0,0.0451,79,0
E008667,S0212,1,0.1036,0,1,1,0,0.2134,76,0
E008668,S1403,1,0.1379,0,1,1,0,0.1567,66,1
E008669,S2950,1,0.1035,1,1,1,0,0.0476,75,0
E008670,S3906,1,0.1482,0,0,1,0,0.022,80,0
E008671,S4072,0,0.8579,3,1,1,0,0.5738,25,1
E008672,S2890,1,0.075,0,0,1,0,0.0528,85,0
E008673,S4066,0,0.1664,0,1,1,0,0.3017,72,0
E008674,S4192,1,0.1387,0,0,1,0,0.0497,64,0
E008675,S1920,1,0.1262,0,1,1,0,0.1967,79,0
E008676,S1932,0,0.0544,0,0,0,0,0.0329,84,0
E008677,S0760,0,0.4528,4,0,0,1,0.8366,6,1
E008678,S2430,0,0.3319,0,0,0,0,0.339,8,1
E008679,S3006,0,0.2764,0,0,1,0,0.1079,68,0
E008680,S0109,0,0.3989,0,0,1,2,0.3141,61,1
E008681,S2137,0,0.0771,0,1,1,0,0.0636,95,0
E008682,S2898,1,0.052,0,0,1,0,0.0137,76,0
E008683,S2943,0,0.1845,0,0,1,0,0.1128,36,0
E008684,S0221,0,0.7941,4,1,1,4,0.8005,16,1
E008685,S2079,0,0.2623,0,0,0,0,0.5267,49,1
E008686,S2726,1,0.1448,0,1,1,0,0.1365,77,0
E008687,S2647,1,0.1783,0,0,1,0,0.1087,82,0
E008688,S0685,0,0.3752,0,0,0,0,0.5327,95,0
E008689,S0182,1,0.0362,1,0,1,0,0.4746,83,0
E008690,S3743,1,0.1675,0,0,1,0,0.0149,87,0
E008691,S0759,1,0.0875,0,0,1,0,0.1323,75,0
E008692,S2415,1,0.0452,0,1,1,0,0.0352,67,0
E008693,S2533,1,0.0318,0,1,1,0,0.0609,80,0
E008694,S0252,0,0.4557,0,1,1,4,0.4789,23,1
E008695,S2845,1,0.0984,0,1,1,1,0.1287,51,0
E008696,S1879,1,0.0966,0,1,0,0,0.115,100,0
E008697,S1435,1,0.0248,0,0,1,0,0.7498,81,0
E008698,S4067,0,0.0153,0,1,0,0,0.0375,74,0
E008699,S2003,0,0.3322,0,0,1,0,0.4709,54,0
E008700,S1666,1,0.1081,0,0,1,0,0.8745,67,0
E008701,S3173,1,0.0659,0,0,1,0,0.0358,77,0
E008702,S4029,1,0.0138,0,0,1,0,0.444,94,0
E008703,S0057,1,0.3362,0,0,1,5,0.5314,67,1
E008704,S0197,1,0.2201,0,0,1,3,0.6528,49,1
E008705,S0320,1,0.1628,0,0,1,0,0.0498,87,0
E008706,S1173,1,0.246,1,0,1,2,0.4209,82,1
E008707,S0924,0,0.2747,0,0,1,0,0.0138,64,0
E008708,S0084,0,0.7098,3,1,0,4,0.7545,27,0
E008709,S2207,0,0.0946,1,0,1,0,0.0554,63,0
E008710,S3738,0,0.152,0,1,1,0,0.2739,75,0
E008711,S1035,0,0.554,3,0,1,1,0.3931,13,1
E008712,S1338,1,0.0172,0,0,1,0,0.0765,81,0
E008713,S4178,0,0.6904,1,1,1,1,0.8494,21,1
E008714,S2653,0,0.119,0,0,0,1,0.0322,52,0
E008715,S2359,1,0.0097,0,0,1,0,0.0508,59,0
E008716,S2843,0,0.1279,0,0,1,0,0.07,92,0
E008717,S0934,1,0.1358,0,0,1,0,0.043,87,0
E008718,S1649,1,0.0614,0,1,1,0,0.4049,74,0
E008719,S2631,0,0.0971,0,0,1,0,0.2559,75,0
E008720,S3159,0,0.3236,0,0,0,1,0.2605,41,0
E008721,S0300,0,0.9322,3,1,0,5,0.4084,43,1
E008722,S2138,0,0.4645,1,0,1,0,0.6073,74,0
E008723,S0096,0,0.6246,2,1,1,5,0.8564,44,1
E008724,S1980,0,0.1918,1,1,1,1,0.1153,79,0
E008725,S0103,1,0.1028,0,0,1,1,0.0295,72,0
E008726,S0554,1,0.1062,0,1,1,0,0.0485,77,0
E008727,S0540,1,0.0638,0,0,1,0,0.1431,81,0
E008728,S2098,1,0.1198,0,1,1,1,0.0542,51,0
E008729,S1726,0,0.2457,1,0,1,0,0.1036,52,0
E008730,S1030,1,0.1673,0,0,1,0,0.1062,77,0
E008731,S0417,1,0.1738,0,0,0,0,0.0454,95,0
E008732,S2457,1,0.0463,0,0,1,0,0.0455,96,0
E008733,S1021,1,0.0397,0,0,1,0,0.0394,75,0
E008734,S1365,1,0.1015,0,0,1,0,0.1187,76,0
E008735,S0175,0,0.5991,1,1,1,2,0.3003,28,1
E008736,S3112,1,0.6278,0,0,1,1,0.4089,59,0
E008737,S2340,1,0.0814,0,1,1,0,0.1287,97,0
E008738,S3079,0,0.4285,2,0,1,0,0.9731,21,1
E008739,S1523,1,0.131,0,1,1,1,0.104,77,0
E008740,S2607,1,0.0471,0,0,1,0,0.0133,87,0
E008741,S0317,1,0.064,0,0,1,0,0.0288,76,0
E008742,S1625,1,0.0404,0,0,1,0,0.009,66,0
E008743,S3476,1,0.0641,0,0,1,0,0.1803,74,0
E008744,S0111,1,0.1834,0,0,1,0,0.0648,85,0
E008745,S2008,1,0.0432,0,0,1,0,0.0573,73,0
E008746,S1513,1,0.1656,0,0,1,0,0.0564,91,0
E008747,S2891,1,0.0953,0,0,1,0,0.0145,70,0
E008748,S1776,0,0.1342,0,1,0,2,0.1265,66,0
E008749,S0206,0,0.8179,1,0,0,5,0.4021,61,0
E008750,S2856,1,0.043,0,0,1,0,0.0658,79,1
E008751,S3615,1,0.1268,0,0,1,0,0.2549,84,0
E008752,S1858,1,0.0292,1,0,1,0,0.0476,58,0
E008753,S0291,1,0.3119,1,1,0,4,0.3109,41,1
E008754,S2701,1,0.0319,1,1,1,0,0.054,82,0
E008755,S0581,0,0.2243,3,1,0,0,0.6411,27,1
E008756,S2490,0,0.1377,0,0,1,0,0.0856,59,0
E008757,S0208,0,0.8914,6,1,0,2,0.7063,8,1
E008758,S1156,1,0.0103,0,0,1,0,0.8048,68,0
E008759,S2728,1,0.204,0,0,1,0,0.4177,72,0
E008760,S0012,0,0.7314,5,1,0,1,0.6638,10,1
E008761,S1735,0,0.1086,0,0,1,0,0.2381,100,0
E008762,S3038,1,0.0336,0,0,1,0,0.5998,83,0
E008763,S0043,1,0.2549,0,0,0,2,0.5831,26,1
E008764,S0708,1,0.143,0,0,1,0,0.1971,70,0
E008765,S2689,0,0.0017,0,0,1,0,0.0252,89,0
E008766,S0260,1,0.3969,0,1,0,3,0.4257,36,1
E008767,S1665,0,0.6859,1,0,0,0,0.5703,55,1
E008768,S0140,1,0.2211,1,0,0,5,0.5667,26,1
E008769,S2650,0,0.2996,0,0,1,1,0.31,18,1
E008770,S1646,0,0.5732,0,0,1,1,0.6033,80,0
E008771,S2794,1,0.1064,0,1,1,0,0.0218,80,1
E008772,S0399,1,0.3226,1,1,1,1,0.4474,36,0
E008773,S1927,0,0.0449,0,1,1,0,0.0661,72,0
E008774,S0868,0,0.0378,0,0,1,0,0.058,71,0
E008775,S0031,0,0.2102,0,1,0,4,0.3503,61,1
E008776,S1626,0,0.6304,1,1,0,0,0.4746,32,1
E008777,S3864,0,0.0776,0,0,1,0,0.102,66,0
E008778,S3888,1,0.168,0,0,1,0,0.1207,65,0
E008779,S3975,1,0.1012,1,1,1,0,0.2847,73,0
E008780,S2218,0,0.3006,0,1,0,2,0.3546,57,0
E008781,S1380,1,0.1349,0,0,1,0,0.5353,65,0
E008782,S1070,0,0.1311,0,1,1,0,0.5997,59,0
E008783,S2698,1,0.1408,0,0,1,0,0.5599,60,0
E008784,S0877,1,0.0722,0,0,1,0,0.1272,83,0
E008785,S2822,0,0.2986,4,1,0,0,0.7658,22,0
E008786,S1806,1,0.0839,1,0,1,0,0.0902,72,0
E008787,S1868,0,0.428,0,0,1,0,0.2787,65,1
E008788,S2880,0,0.767,1,0,0,0,0.6584,48,1
E008789,S1817,1,0.0772,0,0,1,0,0.2096,77,0
E008790,S1862,1,0.0556,0,0,1,0,0.0374,63,0
E008791,S0046,0,0.8557,4,1,0,6,0.7903,10,1
E008792,S3792,1,0.0691,0,0,1,0,0.0183,75,0
E008793,S1427,1,0.0451,0,0,1,0,0.1504,83,1
E008794,S0195,1,0.3695,0,0,0,1,0.3597,28,1
E008795,S1235,1,0.1404,1,1,1,0,0.0214,74,1
E008796,S2986,1,0.1862,0,1,1,1,0.1343,67,0
E008797,S3901,1,0.016,2,0,1,0,0.2836,51,0
E008798,S0118,1,0.0289,0,0,1,0,0.1385,68,0
E008799,S0123,1,0.1711,1,0,1,4,0.2939,55,1
E008800,S2923,0,0.1391,0,1,1,0,0.195,79,0
E008801,S1668,1,0.1323,0,1,1,0,0.1725,63,0
E008802,S0169,0,0.1949,1,1,0,5,0.3625,48,1
E008803,S4152,1,0.0705,0,0,1,0,0.4689,67,0
E008804,S0698,1,0.0316,0,0,1,0,0.2024,53,0
E008805,S1642,1,0.1719,0,0,1,0,0.0139,79,0
E008806,S0650,0,0.1228,1,1,1,0,0.1893,72,0
E008807,S0205,0,0.6331,0,1,0,6,0.5738,22,1
E008808,S3462,1,0.1444,0,1,0,0,0.218,82,1
E008809,S2038,1,0.1568,0,0,1,0,0.3903,76,0
E008810,S2566,1,0.1446,0,0,1,0,0.1209,73,0
E008811,S0290,0,0.8153,3,0,0,1,0.7711,31,1
E008812,S3049,1,0.0435,0,1,1,0,0.3211,64,0
E008813,S0217,1,0.4334,1,0,0,1,0.5967,56,1
E008814,S2003,0,0.6042,3,0,0,0,0.4196,28,1
E008815,S3422,1,0.0406,0,1,1,1,0.2051,95,0
E008816,S3765,0,0.6589,2,1,1,1,0.558,52,1
E008817,S3719,0,0.0694,0,0,1,0,0.5028,57,0
E008818,S4008,1,0.0762,0,0,1,0,0.0643,84,0
E008819,S1552,1,0.0195,0,0,1,1,0.101,78,0
E008820,S3106,0,0.1472,0,0,1,1,0.0507,82,0
E008821,S1712,0,0.1566,1,0,1,0,0.3495,73,0
E008822,S4031,0,0.061,0,1,1,0,0.192,67,0
E008823,S4153,1,0.0755,0,0,1,0,0.0838,75,0
E008824,S3966,1,0.0678,0,1,1,0,0.6763,75,0
E008825,S0177,1,0.6794,0,0,1,1,0.4279,20,1
E008826,S0603,1,0.0597,0,0,1,0,0.0871,73,0
E008827,S3422,1,0.1177,0,0,1,0,0.1711,75,0
E008828,S2372,1,0.0385,0,0,1,0,0.1871,77,0
E008829,S0220,1,0.0762,1,0,1,0,0.0503,79,0
E008830,S0027,0,0.8456,3,1,0,3,0.6568,31,1
E008831,S1384,1,0.0869,2,0,1,0,0.1553,81,0
E008832,S1283,1,0.2533,0,0,1,0,0.0626,81,0
E008833,S3189,1,0.0375,0,0,1,0,0.0467,83,0
E008834,S2391,1,0.052,1,0,1,0,0.0766,70,0
E008835,S0055,1,0.0958,0,0,1,0,0.1208,74,0
E008836,S0986,1,0.034,0,0,1,0,0.0444,100,0
E008837,S0308,1,0.137,0,0,1,0,0.052,94,0
E008838,S3251,0,0.5127,3,1,1,0,0.5769,19,1
E008839,S1059,0,0.5925,0,0,1,0,0.1271,80,0
E008840,S0911,0,0.216,1,0,0,1,0.6999,64,0
E008841,S0277,1,0.2557,1,1,1,5,0.5595,14,1
E008842,S2490,1,0.0278,0,0,1,0,0.1295,72,0
E008843,S2735,0,0.0771,0,0,1,0,0.1049,83,0
E008844,S3650,0,0.4965,1,1,0,1,0.1015,53,0
E008845,S1247,1,0.0317,0,0,1,0,0.1566,90,0
E008846,S3796,0,0.0586,0,0,1,0,0.5779,81,0
E008847,S3299,0,0.0375,0,0,1,0,0.0628,83,0
E008848,S1314,1,0.2787,0,0,1,0,0.0449,100,0
E008849,S3447,1,0.0515,0,0,1,0,0.0761,72,0
E008850,S1287,0,0.025,0,1,1,0,0.2495,82,0
E008851,S1965,0,0.1417,0,0,1,0,0.1297,75,0
E008852,S0654,1,0.019,0,0,1,0,0.0642,75,0
E008853,S2837,1,0.1686,0,0,1,0,0.0084,89,0
E008854,S1772,1,0.1479,0,0,1,0,0.1578,84,0
E008855,S0407,1,0.1139,0,0,1,0,0.5756,85,0
E008856,S3662,0,0.0946,0,1,1,0,0.1127,70,0
E008857,S1493,1,0.2009,0,1,1,0,0.0349,72,1
E008858,S0114,1,0.6137,0,0,1,0,0.6675,100,0
E008859,S1710,1,0.3636,1,0,1,1,0.416,41,1
E008860,S2020,0,0.0388,0,0,1,0,0.211,85,0
E008861,S1935,1,0.0521,1,0,1,0,0.1153,72,0
E008862,S3711,1,0.0679,0,0,1,0,0.0471,80,0
E008863,S1370,0,0.2001,2,0,1,2,0.3459,32,1
E008864,S1732,0,0.7903,0,0,1,0,0.6838,30,1
E008865,S0217,0,0.4444,5,1,0,1,0.6908,11,1
E008866,S2443,0,0.4155,1,0,1,0,0.2638,77,0
E008867,S0347,1,0.0229,0,0,1,0,0.0821,85,0
E008868,S3897,0,0.1676,0,0,1,0,0.5627,61,0
E008869,S0051,1,0.6845,1,1,0,1,0.7477,28,1
E008870,S3558,1,0.5257,1,0,0,0,0.4564,51,1
E008871,S1696,1,0.0803,0,0,1,0,0.1471,82,0
E008872,S3271,1,0.0411,0,0,1,1,0.2087,79,0
E008873,S2293,0,0.0419,0,0,1,0,0.0185,74,0
E008874,S2341,1,0.0633,0,0,1,0,0.0709,89,0
E008875,S2314,1,0.1843,1,1,0,0,0.2015,55,0
E008876,S1114,1,0.1156,0,0,1,0,0.0815,92,0
E008877,S0805,1,0.0478,0,0,1,0,0.0796,84,0
E008878,S2874,1,0.0818,0,0,1,0,0.0308,96,0
E008879,S2442,0,0.7337,3,1,0,1,0.4949,50,0
E008880,S1753,1,0.1623,0,0,1,0,0.0617,77,0
E008881,S4133,1,0.0645,0,0,1,0,0.0156,83,0
E008882,S3618,1,0.1333,0,1,1,0,0.1168,73,0
E008883,S0196,1,0.0373,0,0,1,0,0.6739,58,0
E008884,S2000,1,0.0331,2,0,1,0,0.0819,89,0
E008885,S3138,0,0.7097,0,0,1,0,0.301,77,0
E008886,S3953,1,0.1283,0,0,1,0,0.0574,74,0
E008887,S1179,1,0.1021,0,0,1,0,0.0615,75,0
E008888,S3769,1,0.0556,0,0,1,0,0.0702,77,0
E008889,S3610,1,0.0652,1,0,1,0,0.1574,89,0
E008890,S3439,1,0.0956,0,0,1,0,0.1136,82,0
E008891,S2040,1,0.0267,0,0,1,0,0.0049,84,0
E008892,S1859,0,0.3257,2,0,1,2,0.2925,70,0
E008893,S3627,0,0.33,1,1,1,0,0.6164,94,0
E008894,S2386,1,0.0128,0,0,1,0,0.0313,84,0
E008895,S1936,1,0.0737,0,0,1,0,0.2917,59,0
E008896,S1067,1,0.0431,0,0,1,0,0.0739,73,0
E008897,S1295,1,0.0179,1,1,1,0,0.1487,58,0
E008898,S0099,0,0.1715,0,0,1,0,0.2618,80,0
E008899,S2903,0,0.1243,1,0,1,0,0.5795,60,0
E008900,S2447,1,0.0801,0,0,1,0,0.0521,73,0
E008901,S0697,1,0.0196,0,0,0,0,0.1475,86,0
E008902,S2309,0,0.1675,0,0,1,0,0.4607,41,0
E008903,S0154,1,0.3578,0,0,1,3,0.5445,50,1
E008904,S2466,1,0.0675,1,0,1,0,0.6041,81,0
E008905,S2033,1,0.087,0,0,1,0,0.0317,71,0
E008906,S3318,0,0.6201,4,1,0,0,0.5898,35,1
E008907,S0287,1,0.1131,0,0,1,0,0.1699,100,0
E008908,S0096,0,0.3672,1,0,1,5,0.2082,26,1
E008909,S0087,1,0.1274,1,1,1,1,0.4226,41,0
E008910,S2636,1,0.1108,0,0,1,0,0.7826,75,0
E008911,S3596,1,0.06,0,0,1,0,0.0752,78,0
E008912,S0156,0,0.2213,2,0,1,3,0.3898,40,0
E008913,S0118,1,0.0277,0,0,1,0,0.0453,77,0
E008914,S2597,1,0.1222,0,0,1,0,0.641,75,0
E008915,S3079,0,0.1054,0,1,1,0,0.0707,61,0
E008916,S0682,1,0.1144,1,0,1,0,0.2337,73,0
E008917,S0531,0,0.0545,0,0,1,0,0.0892,50,0
E008918,S0245,0,0.4857,4,1,0,2,0.8904,38,1
E008919,S0215,0,0.4914,2,1,1,2,0.8647,24,1
E008920,S3781,1,0.2671,0,1,1,0,0.1067,98,0
E008921,S1943,1,0.0627,0,0,1,0,0.0784,77,0
E008922,S4162,1,0.1031,0,0,1,0,0.2063,24,0
E008923,S1861,1,0.0747,0,0,1,0,0.1717,79,1
E008924,S1417,1,0.3898,0,1,1,0,0.4081,83,1
E008925,S0946,0,0.7171,0,0,0,1,0.6605,69,1
E008926,S1520,0,0.4848,0,1,1,1,0.3863,55,0
E008927,S3922,1,0.0558,0,0,1,0,0.2271,85,0
E008928,S4085,1,0.0161,0,0,1,1,0.3919,82,1
E008929,S0291,0,0.5671,4,1,0,5,0.7683,22,1
E008930,S0784,1,0.0985,0,0,1,0,0.0594,77,0
E008931,S2304,1,0.5098,0,1,1,0,0.258,59,0
E008932,S2570,1,0.1905,0,0,1,0,0.1694,88,0
E008933,S2720,1,0.018,0,0,1,0,0.206,86,0
E008934,S0734,1,0.1731,0,0,1,0,0.1127,70,0
E008935,S2196,1,0.0552,0,0,1,0,0.0239,86,0
E008936,S0421,1,0.2949,0,0,1,0,0.1271,83,0
E008937,S1857,1,0.2537,0,0,1,0,0.1203,81,0
E008938,S1610,1,0.0962,0,0,1,0,0.099,69,0
E008939,S4180,1,0.1555,0,1,1,0,0.1108,97,0
E008940,S2949,1,0.1738,0,0,1,0,0.0846,94,0
E008941,S0181,0,0.8059,4,1,0,3,0.7366,0,1
E008942,S0160,0,0.7777,2,1,0,3,0.6824,11,1
E008943,S2017,1,0.3794,0,1,1,0,0.3113,45,0
E008944,S1460,1,0.0197,0,0,1,0,0.4209,71,0
E008945,S0023,1,0.5185,1,1,0,7,0.3648,33,0
E008946,S2760,1,0.3031,0,0,0,0,0.6632,70,0
E008947,S1895,0,0.221,0,0,1,0,0.1187,95,0
E008948,S0286,0,0.7971,3,1,0,3,0.9475,0,1
E008949,S1394,0,0.5321,0,0,1,0,0.5074,66,1
E008950,S3893,1,0.3706,1,0,0,1,0.2412,62,1
E008951,S0016,0,0.0941,0,0,1,0,0.1474,80,0
E008952,S0083,0,0.2129,0,0,1,3,0.4946,55,1
E008953,S0670,1,0.0253,0,0,1,0,0.4322,56,0
E008954,S0111,0,0.4738,1,1,0,1,0.562,56,0
E008955,S0169,0,0.3385,0,1,0,5,0.2095,52,1
E008956,S0296,1,0.5666,2,1,0,4,0.8175,29,1
E008957,S0484,1,0.07,0,0,1,0,0.1463,85,0
E008958,S2817,0,0.0173,0,0,1,0,0.692,77,0
E008959,S3072,1,0.024,0,0,1,0,0.1338,70,0
E008960,S0505,0,0.5517,0,1,0,1,0.7904,42,1
E008961,S0912,0,0.2338,0,1,1,1,0.1524,64,0
E008962,S0234,1,0.1012,0,1,1,1,0.2375,79,0
E008963,S1742,0,0.0172,0,0,1,0,0.1221,87,0
E008964,S3837,1,0.0546,0,0,1,0,0.1992,69,0
E008965,S2822,1,0.1748,0,0,1,0,0.0193,78,0
E008966,S3629,0,0.3448,0,0,1,2,0.4456,89,1
E008967,S2100,0,0.0125,0,0,1,0,0.2078,72,0
E008968,S0198,0,0.164,0,0,1,0,0.128,56,0
E008969,S0231,1,0.0614,0,0,1,0,0.0365,86,0
E008970,S3135,1,0.0722,0,0,0,0,0.0534,99,0
E008971,S0626,1,0.1255,0,0,1,0,0.1692,79,0
E008972,S0268,0,0.3898,0,1,1,4,0.5051,47,1
E008973,S0110,1,0.5646,0,0,0,7,0.181,32,1
E008974,S3225,1,0.1155,2,0,1,0,0.1122,85,0
E008975,S2208,0,0.6858,3,0,1,1,0.6715,25,1
E008976,S1009,0,0.2081,0,1,1,0,0.0352,64,0
E008977,S1244,1,0.0697,0,0,1,0,0.0379,73,0
E008978,S1269,1,0.0744,0,0,1,0,0.0382,88,0
E008979,S2276,1,0.5011,0,0,1,0,0.2321,37,0
E008980,S1945,1,0.029,0,0,1,0,0.0607,64,0
E008981,S3568,0,0.721,1,1,0,0,0.8062,28,1
E008982,S2934,0,0.0577,0,0,1,1,0.0635,83,0
E008983,S0676,1,0.1381,0,0,1,0,0.0936,82,0
E008984,S0128,1,0.1467,1,0,0,2,0.2517,42,1
E008985,S3043,0,0.4422,1,0,0,0,0.9461,14,1
E008986,S0059,0,0.8772,1,1,0,2,0.4542,5,1
E008987,S2989,1,0.2523,1,0,1,0,0.1687,100,0
E008988,S0251,1,0.058,0,0,1,0,0.1537,78,0
E008989,S0833,1,0.1156,0,0,1,0,0.0615,59,0
E008990,S3976,1,0.0378,0,0,0,0,0.0515,96,0
E008991,S0165,0,0.6684,6,1,0,5,0.678,26,1
E008992,S1216,0,0.0591,0,0,1,0,0.2347,58,0
E008993,S0550,1,0.0201,0,0,1,0,0.1657,64,0
E008994,S1023,1,0.0365,0,1,1,0,0.1574,86,0
E008995,S1772,1,0.1585,0,0,1,0,0.0704,83,0
E008996,S3340,1,0.0278,0,0,1,1,0.515,80,1
E008997,S2167,0,0.0508,0,1,1,0,0.0928,72,0
E008998,S3250,1,0.1505,0,0,1,0,0.0441,82,0
E008999,S3266,1,0.0049,0,1,1,0,0.1904,57,0
E009000,S1387,0,0.171,0,0,1,0,0.0476,58,0
E009001,S0142,1,0.4559,0,0,1,2,0.7079,35,1
E009002,S3824,0,0.0214,0,0,1,0,0.105,65,0
E009003,S2689,1,0.2719,0,1,1,0,0.2634,60,0
E009004,S0617,1,0.1234,0,0,1,0,0.0723,73,0
E009005,S1803,1,0.0251,0,0,1,0,0.182,70,0
E009006,S1574,0,0.2558,0,0,1,1,0.0837,67,0
E009007,S2301,1,0.208,0,0,1,0,0.0868,87,0
E009008,S0325,1,0.0772,0,0,1,0,0.1056,75,0
E009009,S1045,1,0.2823,0,0,1,0,0.3725,52,0
E009010,S2931,1,0.0252,0,0,1,0,0.0193,100,0
E009011,S3608,0,0.5892,1,1,1,0,0.5117,21,1
E009012,S3791,1,0.0481,0,1,1,0,0.1359,83,0
E009013,S2203,1,0.0372,2,1,1,0,0.0162,67,0
E009014,S0246,1,0.2047,1,1,1,2,0.4562,39,1
E009015,S3034,1,0.0647,0,0,1,0,0.1197,74,0
E009016,S3588,0,0.3721,2,1,0,0,0.2828,49,0
E009017,S3340,1,0.1911,0,1,1,0,0.1033,71,1
E009018,S2660,1,0.0266,0,0,1,0,0.0851,66,0
E009019,S3352,1,0.2063,0,0,1,1,0.4064,65,0
E009020,S0076,1,0.0062,0,0,1,0,0.1424,87,0
E009021,S0257,1,0.1803,4,0,1,4,0.3251,35,1
E009022,S2143,0,0.313,0,1,1,0,0.4148,69,0
E009023,S3927,1,0.0734,0,0,1,0,0.207,85,1
E009024,S1451,1,0.0934,0,0,1,0,0.1032,84,0
E009025,S1552,0,0.6097,1,1,1,1,0.5148,49,1
E009026,S4030,1,0.1,0,0,1,0,0.0834,73,0
E009027,S1729,1,0.0544,0,0,1,0,0.1093,91,0
E009028,S3248,1,0.191,0,0,1,0,0.1473,74,0
E009029,S0780,1,0.0709,0,0,1,0,0.1364,70,0
E009030,S3759,0,0.052,1,0,1,0,0.0822,69,0
E009031,S1273,1,0.1264,0,1,1,0,0.1618,58,0
E009032,S2815,0,0.5481,1,1,1,0,0.8065,35,1
E009033,S2295,1,0.1209,0,0,1,0,0.1114,74,0
E009034,S1302,1,0.416,0,1,1,1,0.4507,47,0
E009035,S0243,0,0.7683,4,0,0,1,0.5637,22,1
E009036,S3893,1,0.0523,0,0,1,0,0.1311,76,0
E009037,S3212,1,0.0467,1,0,1,0,0.3105,67,0
E009038,S3629,1,0.0302,0,0,1,0,0.0907,77,0
E009039,S3227,1,0.0243,0,0,1,0,0.0625,76,0
E009040,S1424,1,0.0142,0,0,1,0,0.4106,81,0
E009041,S1722,1,0.3738,0,0,1,1,0.4364,58,0
E009042,S3876,1,0.1569,0,0,1,0,0.0842,81,0
E009043,S2669,1,0.12,1,0,1,0,0.0998,87,0
E009044,S1440,0,0.1095,0,1,1,0,0.1069,82,0
E009045,S2472,0,0.5199,0,0,1,0,0.5508,100,0
E009046,S2862,0,0.5676,4,1,1,0,0.1518,29,1
E009047,S1793,1,0.0193,0,0,1,0,0.6459,86,0
E009048,S2767,1,0.1511,1,0,1,0,0.1886,74,0
E009049,S3200,1,0.1286,0,0,1,0,0.0898,90,0
E009050,S0123,0,0.7327,4,1,0,3,0.422,5,1
E009051,S0221,1,0.0989,0,0,1,0,0.1466,74,0
E009052,S4164,1,0.1396,1,0,1,0,0.0304,84,0
E009053,S3903,1,0.0499,0,0,1,0,0.6089,100,0
E009054,S3186,1,0.0619,0,1,0,0,0.1061,64,0
E009055,S1524,0,0.1798,0,0,1,0,0.069,73,0
E009056,S3714,1,0.0642,1,0,1,0,0.0713,90,0
E009057,S1948,1,0.0678,0,0,1,0,0.0751,94,0
E009058,S1556,1,0.0719,0,0,1,0,0.0542,91,0
E009059,S3165,1,0.0583,0,0,1,0,0.0359,82,0
E009060,S4029,1,0.0605,0,0,1,0,0.091,89,0
E009061,S3672,0,0.4297,2,1,0,1,0.5841,48,1
E009062,S1841,0,0.4476,0,1,1,1,0.6648,75,1
E009063,S0070,0,0.2879,3,0,0,3,0.3956,53,1
E009064,S1419,0,0.0666,0,0,1,1,0.1248,84,0
E009065,S2146,0,0.0358,0,0,1,0,0.0946,73,0
E009066,S1367,1,0.1792,0,0,1,0,0.4201,62,0
E009067,S1878,0,0.2167,0,1,1,0,0.5063,23,0
E009068,S2408,0,0.4493,4,0,1,0,0.6256,13,1
E009069,S0252,1,0.0344,0,0,1,0,0.0148,94,0
E009070,S3148,1,0.2047,0,0,0,0,0.1484,75,0
E009071,S3566,1,0.2396,0,0,1,0,0.1258,64,0
E009072,S3559,1,0.0238,0,0,1,0,0.0167,73,0
E009073,S0859,1,0.1176,0,0,1,0,0.0989,75,0
E009074,S2434,1,0.0651,0,0,1,0,0.0723,89,0
E009075,S0134,0,0.8673,2,0,1,3,0.8137,12,1
E009076,S1080,1,0.1407,1,0,1,0,0.2397,82,0
E009077,S3317,1,0.0909,0,0,1,0,0.017,66,0
E009078,S0123,1,0.0526,1,0,1,0,0.3254,78,0
E009079,S2086,1,0.1143,0,1,0,0,0.1532,86,0
E009080,S3773,0,0.0559,0,1,1,0,0.1585,97,0
E009081,S3311,0,0.226,0,0,0,0,0.5436,58,1
E009082,S0298,1,0.072,0,0,1,0,0.0808,58,0
E009083,S2188,1,0.0372,1,1,1,0,0.0709,69,1
E009084,S0155,1,0.3647,1,0,1,3,0.3456,50,0
E009085,S0113,0,0.7437,3,1,0,0,0.5557,72,1
E009086,S0478,1,0.5054,0,1,0,0,0.1072,49,1
E009087,S0183,0,0.1709,0,0,0,5,0.5926,62,1
E009088,S0207,0,0.7634,5,0,0,5,0.4973,30,1
E009089,S3602,0,0.1512,0,0,1,0,0.4365,54,1
E009090,S3966,1,0.0823,0,0,1,0,0.0791,82,0
E009091,S4040,1,0.1397,0,0,1,0,0.1178,61,0
E009092,S3645,1,0.0158,0,0,1,0,0.0693,100,0
E009093,S0632,1,0.0762,0,0,1,0,0.0843,79,0
E009094,S0052,0,0.8123,1,1,0,2,0.7447,26,1
E009095,S1197,1,0.0783,0,0,1,0,0.0469,75,0
E009096,S3202,1,0.0949,0,0,1,0,0.1312,93,0
E009097,S0857,1,0.0502,0,0,1,0,0.0764,100,0
E009098,S0256,0,0.5577,0,1,1,7,0.5299,58,1
E009099,S1588,0,0.1075,0,0,1,0,0.3789,87,0
E009100,S3734,0,0.3017,0,0,1,0,0.3422,66,0
E009101,S0261,0,0.1537,1,0,0,6,0.5352,29,1
E009102,S0210,0,0.5114,1,0,1,6,0.1894,43,0
E009103,S0076,1,0.441,0,0,0,0,0.4303,23,1
E009104,S2783,1,0.0999,0,1,1,0,0.4989,85,0
E009105,S0895,0,0.2085,1,0,1,0,0.2315,50,0
E009106,S0183,1,0.1311,0,1,1,1,0.0898,71,0
E009107,S2345,1,0.1828,0,0,1,0,0.0103,96,0
E009108,S1741,1,0.0123,0,0,1,0,0.0594,69,0
E009109,S3580,0,0.1001,0,0,1,1,0.1659,65,0
E009110,S1116,1,0.0374,0,0,1,0,0.0323,76,0
E009111,S0164,0,0.7226,7,1,0,4,0.574,34,1
E009112,S2741,1,0.3632,1,1,1,0,0.139,45,1
E009113,S0166,0,0.6861,3,1,1,0,0.7971,28,1
E009114,S4151,0,0.2002,0,0,1,0,0.2334,77,0
E009115,S1581,1,0.0046,0,0,1,0,0.155,69,0
E009116,S1497,1,0.0593,0,0,1,0,0.0724,74,0
E009117,S0914,1,0.1918,0,0,1,0,0.2126,44,0
E009118,S3825,1,0.149,0,0,1,0,0.3425,68,0
E009119,S3770,1,0.1338,0,0,1,0,0.6467,92,0
E009120,S2564,0,0.1016,1,0,1,1,0.0333,56,0
E009121,S2951,1,0.1805,0,0,1,0,0.0355,67,0
E009122,S3686,1,0.0111,0,1,1,0,0.1652,98,0
E009123,S1915,0,0.6465,1,1,1,1,0.761,31,1
E009124,S1549,1,0.0822,0,0,1,0,0.0543,88,0
E009125,S1435,1,0.0403,0,0,1,0,0.0466,93,0
E009126,S2164,1,0.1657,0,0,1,0,0.0473,96,0
E009127,S2780,1,0.0631,0,0,1,0,0.321,67,0
E009128,S0336,0,0.1974,0,0,1,0,0.0908,68,0
E009129,S0193,0,0.5776,7,1,0,5,0.7383,32,1
E009130,S0954,1,0.0571,0,0,1,1,0.1784,71,0
E009131,S0200,0,0.7658,3,1,1,0,0.4395,72,1
E009132,S0451,1,0.6856,0,1,1,0,0.6548,100,1
E009133,S0008,0,0.2182,2,1,1,2,0.2957,45,1
E009134,S2346,1,0.0714,0,0,1,0,0.0937,78,0
E009135,S0105,0,0.5307,3,0,0,3,0.277,44,1
E009136,S0136,1,0.1155,1,0,1,1,0.4081,27,1
E009137,S2726,0,0.108,1,0,1,0,0.0539,70,0
E009138,S0146,0,0.1369,1,0,0,6,0.4216,56,0
E009139,S0237,1,0.184,0,0,0,3,0.2934,23,1
E009140,S2208,1,0.335,1,0,0,1,0.2013,76,0
E009141,S1219,1,0.1892,0,0,1,0,0.1711,78,0
E009142,S1625,0,0.0602,0,0,1,0,0.6789,70,0
E009143,S1647,1,0.0235,0,0,1,0,0.1007,79,0
E009144,S0235,1,0.2687,1,1,1,0,0.5085,56,0
E009145,S4032,0,0.2523,0,0,1,0,0.1949,74,0
E009146,S0267,1,0.4448,0,0,1,5,0.371,32,1
E009147,S1281,1,0.04,0,0,1,0,0.0507,92,0
E009148,S1864,0,0.0707,0,0,1,0,0.6166,69,0
E009149,S0948,0,0.6038,1,0,0,1,0.5869,95,0
E009150,S0465,1,0.0458,0,0,1,0,0.0441,77,0
E009151,S1681,1,0.0151,0,0,1,0,0.124,86,0
E009152,S3659,1,0.0619,0,0,0,0,0.0491,84,0
E009153,S0578,1,0.0389,0,0,1,0,0.0874,82,0
E009154,S0392,1,0.2729,1,0,1,2,0.415,80,0
E009155,S2734,1,0.0725,0,0,1,0,0.0423,92,0
E009156,S0660,0,0.8402,1,0,1,0,0.7391,20,1
E009157,S1551,1,0.1057,0,0,1,0,0.0545,81,0
E009158,S1776,1,0.0928,0,0,1,0,0.0778,71,0
E009159,S1542,1,0.0896,1,0,1,0,0.0775,82,0
E009160,S3678,1,0.1094,0,0,1,0,0.1045,93,0
E009161,S0040,1,0.0055,0,0,1,0,0.0311,72,0
E009162,S0721,1,0.07,0,0,1,0,0.0705,71,0
E009163,S0527,0,0.7062,0,1,1,0,0.4489,69,1
E009164,S2736,1,0.0881,0,0,0,0,0.0934,78,0
E009165,S1749,0,0.6535,2,1,1,0,0.3694,30,1
E009166,S0762,1,0.1321,0,0,1,0,0.0448,74,0
E009167,S0823,1,0.1084,0,0,1,0,0.0709,96,0
E009168,S0094,0,0.6978,5,1,0,0,0.7744,11,1
E009169,S0910,1,0.1213,0,0,1,0,0.0708,75,0
E009170,S2452,0,0.1877,0,0,1,0,0.1896,53,0
E009171,S0902,1,0.0606,0,0,1,0,0.1222,78,0
E009172,S1232,1,0.0138,0,0,1,0,0.416,59,0
E009173,S2756,1,0.0569,0,0,1,0,0.1966,63,0
E009174,S0808,1,0.0665,0,0,1,1,0.1376,75,0
E009175,S0176,1,0.1374,0,0,1,0,0.1432,78,0
E009176,S3780,1,0.2869,1,1,0,1,0.6605,23,1
E009177,S0241,1,0.6164,2,0,0,5,0.3938,60,1
E009178,S0258,1,0.4264,2,1,0,6,0.9174,0,1
E009179,S1879,1,0.0614,0,0,1,1,0.1377,86,0
E009180,S1730,0,0.5975,2,1,0,0,0.7142,48,1
E009181,S0547,1,0.023,0,0,1,0,0.1372,71,0
E009182,S1246,1,0.0108,0,0,1,0,0.0717,83,0
E009183,S0361,0,0.5915,0,1,1,0,0.7539,34,1
E009184,S4118,1,0.3911,1,0,0,2,0.6458,62,1
E009185,S0141,0,0.76,3,1,0,3,0.8491,22,1
E009186,S1882,1,0.1167,0,0,1,0,0.0805,77,0
E009187,S1889,1,0.0643,0,0,1,1,0.0389,88,0
E009188,S2299,1,0.0545,0,0,1,0,0.0355,77,0
E009189,S2789,1,0.0657,0,0,1,0,0.0787,82,0
E009190,S4198,1,0.1706,0,0,1,0,0.0869,72,0
E009191,S2665,1,0.1573,0,0,1,0,0.0382,77,0
E009192,S4079,0,0.2013,0,0,1,0,0.0107,54,0
E009193,S3406,0,0.299,2,0,1,0,0.2745,39,0
E009194,S0085,0,0.4594,2,0,1,5,0.3871,41,1
E009195,S1010,0,0.1765,0,0,1,0,0.059,73,0
E009196,S1014,0,0.1041,0,0,1,0,0.055,88,0
E009197,S0273,0,0.6891,2,1,1,1,0.9108,10,1
E009198,S2350,0,0.0811,0,0,1,0,0.0262,77,0
E009199,S2854,0,0.6612,0,1,0,0,0.4426,50,1
E009200,S1639,1,0.1671,0,0,1,0,0.0516,73,0
E009201,S0279,1,0.6811,0,1,0,5,0.4498,28,1
E009202,S2764,1,0.0725,0,0,1,1,0.1185,66,0
E009203,S2093,1,0.0177,0,1,1,0,0.0964,95,0
E009204,S2338,1,0.2763,0,0,0,0,0.2565,70,1
E009205,S1324,0,0.7059,1,1,1,0,0.6855,10,1
E009206,S0188,0,0.3731,1,1,1,0,0.6685,84,0
E009207,S0936,0,0.13,0,1,1,0,0.0672,68,0
E009208,S0330,0,0.1624,0,0,1,1,0.4852,53,1
E009209,S3404,1,0.0765,0,0,1,0,0.3244,70,0
E009210,S1383,1,0.0962,0,1,1,0,0.0883,79,0
E009211,S3601,1,0.1124,0,0,1,0,0.7295,76,0
E009212,S1580,1,0.1648,0,0,1,0,0.2436,99,0
E009213,S3833,1,0.1257,0,0,1,0,0.016,79,0
E009214,S0234,1,0.0291,0,0,1,0,0.2669,73,0
E009215,S0118,1,0.1878,0,0,1,0,0.052,76,0
E009216,S0147,0,0.721,3,0,0,0,0.6299,39,1
E009217,S3682,1,0.0403,0,0,1,0,0.0774,68,0
E009218,S3540,1,0.0101,0,1,1,0,0.0702,79,0
E009219,S0275,0,0.8574,5,1,0,4,0.7363,4,1
E009220,S0261,1,0.2693,0,1,1,4,0.5342,58,1
E009221,S3537,0,0.3427,1,1,1,0,0.512,40,1
E009222,S2976,1,0.0172,0,0,1,0,0.0541,87,0
E009223,S0111,0,0.4046,2,1,1,3,0.3992,57,0
E009224,S3206,1,0.3214,0,1,0,0,0.1114,49,0
E009225,S3581,1,0.0893,0,0,1,0,0.0198,77,0
E009226,S0117,0,0.5863,0,0,1,1,0.5464,30,1
E009227,S0163,1,0.5336,0,0,1,6,0.3471,51,1
E009228,S0058,0,0.3694,0,1,1,0,0.5821,64,0
E009229,S3272,0,0.475,1,1,0,0,0.9154,43,0
E009230,S1661,0,0.6626,1,1,1,1,0.7856,31,1
E009231,S4010,1,0.0294,0,0,1,0,0.1028,76,1
E009232,S2780,1,0.0966,0,0,1,0,0.1034,75,0
E009233,S3355,0,0.1559,0,0,0,0,0.1888,68,0
E009234,S3282,1,0.1278,0,1,1,0,0.0864,68,0
E009235,S3528,1,0.0436,0,0,1,0,0.1362,72,0
E009236,S0256,1,0.4164,2,1,1,5,0.3724,39,1
E009237,S0131,1,0.4794,1,0,1,3,0.2393,41,0
E009238,S0078,0,0.7468,3,1,1,2,0.7367,0,1
E009239,S1288,1,0.1654,0,0,1,0,0.0064,79,0
E009240,S1766,1,0.0539,0,0,1,0,0.1242,81,0
E009241,S1387,1,0.093,0,0,1,0,0.1087,74,0
E009242,S2383,1,0.1494,0,0,1,0,0.0458,69,0
E009243,S2126,1,0.0859,0,0,1,0,0.0434,77,0
E009244,S0185,0,0.9539,5,1,1,7,0.866,33,1
E009245,S1468,1,0.3189,0,0,1,0,0.5931,32,0
E009246,S0176,1,0.4008,2,0,0,3,0.664,58,1
E009247,S2446,1,0.0987,1,0,1,1,0.2249,93,0
E009248,S3104,1,0.109,0,0,1,0,0.0667,85,0
E009249,S2071,1,0.0289,1,0,1,0,0.0206,78,0
E009250,S0980,0,0.0553,0,0,1,0,0.2088,68,0
E009251,S1711,0,0.021,0,1,1,0,0.1375,76,0
E009252,S2052,1,0.0361,0,0,1,0,0.0068,82,0
E009253,S0655,1,0.4266,1,1,0,1,0.4153,40,0
E009254,S3141,0,0.1055,0,0,0,0,0.1236,58,0
E009255,S0281,1,0.4724,0,0,1,0,0.5218,31,0
E009256,S2580,1,0.0236,1,0,1,0,0.0132,78,0
E009257,S1997,1,0.0956,0,1,1,0,0.1346,87,0
E009258,S1841,1,0.4801,0,0,1,1,0.826,97,1
E009259,S2811,0,0.5528,1,1,0,0,0.6293,57,1
E009260,S2448,1,0.0658,0,0,1,0,0.0297,74,0
E009261,S2403,1,0.0305,0,0,1,0,0.0551,85,0
E009262,S1210,1,0.0405,0,0,1,0,0.0593,80,0
E009263,S3103,1,0.1234,0,0,1,0,0.0414,84,0
E009264,S1829,1,0.3095,0,1,1,0,0.6775,62,1
E009265,S1330,1,0.0089,0,0,1,0,0.0323,73,0
E009266,S1890,1,0.1703,0,0,1,0,0.0684,85,0
E009267,S3267,1,0.0665,0,0,1,0,0.1096,84,0
E009268,S3347,1,0.0342,0,0,1,0,0.0288,77,0
E009269,S3920,1,0.1116,1,0,1,0,0.1462,82,0
E009270,S1257,0,0.7009,6,1,1,3,0.6105,50,1
E009271,S3276,1,0.1381,0,0,1,0,0.1066,65,0
E009272,S2072,1,0.0574,0,0,1,0,0.1746,83,0
E009273,S1793,0,0.8054,2,1,1,0,0.5251,51,1
E009274,S4069,0,0.3699,0,0,1,0,0.0947,84,0
E009275,S2103,1,0.0513,0,0,1,0,0.6357,71,0
E009276,S0987,1,0.0682,0,0,1,1,0.5617,69,1
E009277,S1335,1,0.0255,0,0,1,0,0.0528,82,0
E009278,S0855,1,0.0996,0,0,1,0,0.0839,80,0
E009279,S4053,0,0.0482,0,0,1,0,0.1717,84,0
E009280,S2569,0,0.0671,0,1,1,0,0.1012,75,0
E009281,S3622,0,0.1014,0,0,1,0,0.0433,69,0
E009282,S2512,0,0.1841,0,0,1,0,0.8795,34,0
E009283,S3512,0,0.4358,1,0,0,0,0.2257,88,0
E009284,S2453,1,0.0723,0,0,1,0,0.0431,81,0
E009285,S0122,0,0.555,1,0,1,6,0.6194,49,1
E009286,S2547,1,0.0433,0,0,1,0,0.6894,73,0
E009287,S0322,1,0.1094,0,1,1,0,0.0965,60,0
E009288,S2124,1,0.0214,0,1,1,0,0.1373,87,0
E009289,S1708,1,0.0672,1,1,1,0,0.2535,75,0
E009290,S3232,1,0.1001,0,1,1,0,0.1015,98,0
E009291,S0430,1,0.0572,0,0,1,0,0.0108,77,0
E009292,S2657,1,0.2472,0,0,1,0,0.673,87,0
E009293,S4015,0,0.3392,3,1,0,1,0.6227,3,1
E009294,S0064,0,0.3567,0,1,1,5,0.2732,53,1
E009295,S3984,0,0.1402,1,0,1,0,0.1008,61,0
E009296,S3561,1,0.0397,0,0,1,0,0.0026,92,0
E009297,S3478,1,0.0282,0,0,1,0,0.0163,78,0
E009298,S2826,0,0.1728,0,0,1,0,0.7364,68,0
E009299,S4127,1,0.1758,1,0,1,0,0.0334,56,0
E009300,S1724,0,0.1868,0,1,1,1,0.314,76,0
E009301,S0103,1,0.0359,0,0,1,0,0.0614,81,0
E009302,S2571,1,0.287,1,0,1,0,0.2016,69,1
E009303,S1183,0,0.8462,2,1,1,1,0.704,50,1
E009304,S2574,0,0.3744,1,1,0,2,0.7335,10,1
E009305,S2242,0,0.7317,0,1,0,0,0.6815,52,1
E009306,S0568,1,0.0433,0,0,1,0,0.5858,89,0
E009307,S1502,1,0.2037,0,1,1,0,0.04,69,0
E009308,S3185,1,0.0709,0,1,1,0,0.4378,81,0
E009309,S4080,1,0.1274,0,1,1,1,0.4455,78,0
E009310,S2963,1,0.0367,0,0,0,0,0.111,74,0
E009311,S3090,1,0.0746,0,0,1,0,0.067,100,1
E009312,S3486,1,0.0435,2,0,1,0,0.1064,90,0
E009313,S0972,1,0.224,0,0,1,0,0.1013,95,0
E009314,S2312,0,0.1139,0,0,1,0,0.3917,97,0
E009315,S0679,1,0.052,0,0,1,0,0.4717,83,0
E009316,S0862,0,0.0749,0,0,1,0,0.0666,77,0
E009317,S1037,1,0.1834,0,0,1,0,0.013,100,0
E009318,S3710,0,0.0892,0,0,1,0,0.1478,81,0
E009319,S3887,0,0.1731,1,0,1,0,0.051,86,0
E009320,S1236,0,0.0728,0,0,1,1,0.1877,80,1
E009321,S0846,1,0.097,0,0,1,0,0.1281,82,0
E009322,S1589,1,0.1326,0,0,1,0,0.082,97,0
E009323,S0397,1,0.1742,0,0,1,0,0.4634,65,0
E009324,S4161,1,0.1738,0,0,1,0,0.206,78,0
E009325,S1230,1,0.2795,0,0,1,2,0.6712,97,0
E009326,S0248,0,0.9045,3,1,0,6,0.7154,22,1
E009327,S3520,1,0.0377,0,0,1,0,0.4347,79,0
E009328,S1570,1,0.0355,0,0,1,0,0.2257,70,0
E009329,S0746,1,0.0714,0,0,1,0,0.5477,67,0
E009330,S1249,1,0.5682,1,0,1,1,0.4819,81,1
E009331,S1892,0,0.5964,4,1,1,0,0.2645,17,1
E009332,S3851,0,0.6028,3,0,1,1,0.572,36,1
E009333,S2996,1,0.03,0,0,1,0,0.1481,94,0
E009334,S2403,0,0.5252,0,0,1,0,0.3892,59,0
E009335,S2485,1,0.236,0,0,1,0,0.0105,84,0
E009336,S0352,1,0.1335,0,0,1,0,0.1627,78,0
E009337,S2436,0,0.1073,0,1,0,0,0.7208,60,0
E009338,S1025,0,0.0507,0,0,1,0,0.6982,87,0
E009339,S0286,0,0.6501,2,0,0,1,0.7365,15,1
E009340,S2042,1,0.1555,0,1,1,1,0.3954,68,0
E009341,S3074,1,0.0693,0,1,1,0,0.5608,66,0
E009342,S3656,1,0.3052,0,0,1,0,0.1427,71,0
E009343,S2478,1,0.4959,0,0,0,0,0.655,68,1
E009344,S3429,0,0.1384,0,0,1,0,0.0779,65,0
E009345,S0270,0,0.4155,2,0,1,4,0.2729,44,1
E009346,S0861,0,0.5058,2,0,1,2,0.2664,56,0
E009347,S0999,1,0.0856,0,0,1,0,0.1486,50,0
E009348,S2180,1,0.0662,0,0,1,0,0.1495,68,0
E009349,S1149,0,0.3801,1,0,0,4,0.4713,40,0
E009350,S2178,0,0.0256,0,0,1,0,0.0496,94,0
E009351,S2906,1,0.0997,0,0,1,0,0.2344,79,0
E009352,S3865,1,0.0859,0,0,1,0,0.1105,100,0
E009353,S0542,1,0.053,0,0,1,0,0.1068,87,0
E009354,S3030,0,0.7794,1,1,1,0,0.7364,55,1
E009355,S0730,1,0.2142,0,1,1,1,0.4234,66,0
E009356,S3780,1,0.0994,0,0,1,0,0.2246,81,0
E009357,S3233,1,0.7347,3,0,0,0,0.1498,81,0
E009358,S3782,0,0.6051,2,1,0,1,0.5392,60,1
E009359,S0318,1,0.0068,0,0,1,0,0.1005,97,0
E009360,S0612,1,0.0346,0,0,1,0,0.1211,71,0
E009361,S1674,1,0.0588,0,0,1,0,0.2429,77,0
E009362,S4105,1,0.0495,0,0,1,0,0.1797,74,0
E009363,S1712,0,0.0914,2,0,1,0,0.0802,67,0
E009364,S0137,0,0.2983,0,0,1,0,0.2949,28,0
E009365,S2879,1,0.0443,0,0,1,0,0.1147,50,0
E009366,S2353,0,0.0878,0,0,1,0,0.0623,70,0
E009367,S0619,0,0.0706,0,0,1,0,0.0952,88,0
E009368,S4045,0,0.4766,0,0,1,1,0.0906,78,0
E009369,S0536,0,0.3897,0,0,1,0,0.2904,74,0
E009370,S3193,0,0.3104,0,1,1,0,0.3605,65,0
E009371,S3415,0,0.0213,0,0,1,0,0.0645,74,0
E009372,S0832,1,0.118,0,0,1,0,0.094,80,0
E009373,S4055,1,0.0437,0,0,1,0,0.0791,74,0
E009374,S0134,0,0.1513,0,0,1,0,0.0849,91,0
E009375,S0223,0,0.8535,2,1,0,6,0.496,15,1
E009376,S3695,1,0.0994,0,0,1,0,0.1612,71,0
E009377,S1837,0,0.0743,0,1,1,0,0.1611,60,0
E009378,S2968,0,0.1496,0,0,0,0,0.0812,77,0
E009379,S2947,0,0.6404,7,0,0,0,0.7914,22,1
E009380,S3127,1,0.0504,0,0,1,0,0.0714,76,0
E009381,S3974,1,0.0861,0,0,1,0,0.127,75,0
E009382,S3323,0,0.026,0,1,1,0,0.1222,74,0
E009383,S1408,1,0.1181,0,0,1,0,0.0909,71,0
E009384,S0491,1,0.0453,0,0,1,0,0.1576,85,0
E009385,S0196,1,0.4627,1,0,0,7,0.2297,57,1
E009386,S1214,0,0.4199,1,0,1,0,0.4277,66,1
E009387,S4127,1,0.0973,0,0,1,0,0.1061,85,0
E009388,S0124,1,0.4243,0,1,0,3,0.4737,38,0
E009389,S1016,1,0.0581,1,0,1,0,0.0557,89,0
E009390,S1095,0,0.1293,0,0,1,0,0.0744,73,0
E009391,S0582,1,0.1299,1,1,1,0,0.1438,84,0
E009392,S4041,0,0.0316,0,0,1,0,0.0456,82,0
E009393,S2646,1,0.0672,2,1,1,0,0.0475,82,0
E009394,S1141,1,0.0148,0,0,1,0,0.2361,77,0
E009395,S0997,1,0.1234,0,0,1,0,0.1978,81,0
E009396,S3215,0,0.0305,0,1,1,0,0.0643,60,0
E009397,S1311,1,0.0522,0,0,1,0,0.0595,82,0
E009398,S2841,0,0.0798,0,0,1,0,0.5968,80,0
E009399,S2706,1,0.0493,0,0,1,0,0.0276,97,1
E009400,S0366,1,0.0803,0,0,1,0,0.1127,94,0
E009401,S2907,1,0.4953,0,1,1,0,0.3064,56,0
E009402,S0690,1,0.0993,0,0,1,0,0.5585,89,0
E009403,S1737,0,0.5919,4,0,0,0,0.4522,56,0
E009404,S2685,1,0.0458,0,0,1,0,0.44,56,0
E009405,S3743,0,0.6073,1,1,0,1,0.4712,44,1
E009406,S2290,1,0.2246,0,0,1,0,0.5409,70,1
E009407,S0274,1,0.2058,0,0,1,0,0.4851,67,1
E009408,S2754,1,0.1745,0,0,1,0,0.2549,65,1
E009409,S3257,1,0.0888,0,0,1,0,0.0783,83,0
E009410,S0185,0,0.4225,0,1,1,4,0.4397,29,1
E009411,S1545,1,0.1861,0,0,1,0,0.1324,83,0
E009412,S0090,1,0.2777,0,0,1,4,0.1827,28,1
E009413,S0088,1,0.1761,0,0,1,0,0.1036,71,0
E009414,S0208,0,0.6035,4,0,0,3,0.7834,28,1
E009415,S3294,1,0.1201,0,0,1,0,0.1846,87,1
E009416,S1902,1,0.0502,0,0,1,0,0.5471,77,0
E009417,S1699,1,0.0286,0,1,1,0,0.045,72,0
E009418,S0158,1,0.3383,0,0,0,5,0.0937,43,1
E009419,S0165,1,0.3653,1,1,1,4,0.3696,54,1
E009420,S3570,1,0.075,0,0,1,0,0.0836,100,0
E009421,S0608,0,0.4049,6,1,1,1,0.7671,46,1
E009422,S0904,1,0.1213,0,0,1,0,0.1105,70,0
E009423,S0717,1,0.0844,0,0,1,0,0.1286,89,0
E009424,S0656,1,0.0091,1,0,1,0,0.0188,79,0
E009425,S0364,1,0.3246,0,0,1,0,0.1261,75,0
E009426,S2911,1,0.4351,1,0,1,1,0.3988,52,1
E009427,S3516,1,0.1196,1,0,1,0,0.477,100,0
E009428,S2943,1,0.179,0,0,1,0,0.0294,97,0
E009429,S2474,1,0.0395,0,0,1,0,0.0516,89,0
E009430,S2895,0,0.2983,3,0,1,0,0.7292,25,1
E009431,S2286,1,0.1181,0,0,1,0,0.5374,73,0
E009432,S0015,1,0.0168,0,0,0,0,0.0349,83,0
E009433,S0542,0,0.171,0,0,1,1,0.472,48,0
E009434,S0207,0,0.2901,0,0,0,3,0.4248,23,1
E009435,S0945,0,0.2379,0,1,1,1,0.6429,54,1
E009436,S1013,0,0.0802,0,0,1,0,0.1057,79,0
E009437,S2134,0,0.7057,4,1,1,0,0.5444,18,1
E009438,S0299,1,0.1064,0,1,1,0,0.0839,72,1
E009439,S2567,0,0.0529,0,0,1,0,0.1271,64,0
E009440,S0829,1,0.0146,0,0,1,0,0.2392,90,0
E009441,S0168,0,0.212,2,0,1,2,0.4843,42,1
E009442,S0995,1,0.0339,0,0,1,0,0.0509,83,0
E009443,S2907,0,0.1079,0,0,1,0,0.1922,79,0
E009444,S0130,1,0.3706,1,0,1,5,0.4635,57,0
E009445,S4076,1,0.0427,0,0,1,0,0.4621,78,0
E009446,S2327,0,0.1365,1,1,1,0,0.0962,70,0
E009447,S0669,1,0.4495,1,0,1,2,0.6608,66,0
E009448,S1029,1,0.028,0,0,1,0,0.2137,94,0
E009449,S1437,0,0.0676,0,0,0,0,0.1065,80,0
E009450,S2945,1,0.0782,0,1,1,0,0.1281,67,0
E009451,S2952,1,0.0391,1,0,1,0,0.0683,82,1
E009452,S1004,1,0.0495,0,0,1,0,0.0169,82,0
E009453,S0005,0,0.6194,1,0,0,1,0.8242,38,1
E009454,S3555,1,0.0658,0,0,1,0,0.0246,100,0
E009455,S2454,1,0.0508,0,0,1,0,0.6054,65,1
E009456,S0109,0,0.587,6,0,0,7,0.6197,17,1
E009457,S0490,1,0.088,0,0,1,0,0.1233,76,0
E009458,S0027,1,0.3182,0,1,1,0,0.736,35,0
E009459,S0932,0,0.8706,1,1,1,0,0.6767,22,1
E009460,S3313,1,0.6059,1,0,0,0,0.2528,45,0
E009461,S0905,0,0.6614,0,1,0,1,0.5365,34,1
E009462,S0084,1,0.0294,0,0,1,0,0.4721,68,0
E009463,S2730,1,0.0555,0,0,1,0,0.4412,84,0
E009464,S3811,1,0.0517,0,0,1,0,0.1218,87,0
E009465,S0347,1,0.1206,0,0,1,0,0.2935,74,0
E009466,S0017,1,0.1308,0,0,1,0,0.0351,61,0
E009467,S0120,0,0.7354,2,1,0,3,0.6913,0,1
E009468,S3176,1,0.1004,0,0,1,0,0.092,88,0
E009469,S1817,1,0.0958,1,0,1,0,0.1523,96,0
E009470,S0235,0,0.1026,2,1,1,4,0.223,53,1
E009471,S2410,1,0.2316,0,0,1,0,0.1119,73,0
E009472,S0976,1,0.078,0,0,1,0,0.7012,48,0
E009473,S3370,0,0.1844,0,1,1,0,0.1796,75,0
E009474,S2746,0,0.0778,0,0,1,0,0.0478,84,0
E009475,S3270,1,0.1331,0,0,1,0,0.2333,80,0
E009476,S0700,1,0.1643,0,0,1,1,0.5464,83,0
E009477,S0760,1,0.1223,0,0,1,0,0.1305,81,0
E009478,S1327,1,0.1496,0,0,1,0,0.3292,75,0
E009479,S1368,1,0.1153,0,0,1,0,0.1237,84,0
E009480,S1297,0,0.0461,0,0,1,0,0.0619,60,0
E009481,S2513,1,0.0921,1,1,1,0,0.1055,85,0
E009482,S0562,1,0.0358,1,0,1,0,0.1273,70,0
E009483,S0168,1,0.2749,0,0,1,4,0.4291,28,1
E009484,S0326,1,0.1116,0,0,1,0,0.0618,66,0
E009485,S2925,1,0.0575,0,0,1,0,0.1159,80,0
E009486,S2873,1,0.1306,1,0,1,0,0.3276,80,0
E009487,S0354,1,0.063,0,0,1,0,0.032,99,0
E009488,S1558,1,0.3079,0,0,1,0,0.5329,91,0
E009489,S0835,1,0.4008,3,1,0,1,0.4348,24,1
E009490,S0203,1,0.1019,0,0,1,1,0.0819,67,0
E009491,S3432,0,0.433,1,1,0,1,0.5282,90,0
E009492,S4097,1,0.2079,0,0,1,0,0.0744,75,0
E009493,S0215,0,0.3569,1,1,0,0,0.1884,46,0
E009494,S2664,0,0.5984,1,1,1,1,0.3566,75,0
E009495,S2719,1,0.158,0,0,1,0,0.0434,88,0
E009496,S0571,0,0.0283,0,1,0,0,0.0354,60,0
E009497,S0143,0,0.2248,1,1,1,1,0.725,70,1
E009498,S3962,1,0.414,1,0,1,0,0.3566,59,0
E009499,S4179,1,0.0276,0,0,1,0,0.0732,88,0
E009500,S0255,0,0.5613,2,0,0,8,0.0765,66,1
E009501,S0638,0,0.3087,0,0,1,0,0.0448,74,0
E009502,S3629,0,0.4528,1,0,1,0,0.3408,76,0
E009503,S0175,1,0.4884,1,0,1,5,0.5053,62,1
E009504,S0177,1,0.1801,0,0,1,0,0.2514,54,0
E009505,S0618,1,0.3223,1,0,0,2,0.4332,58,0
E009506,S0394,1,0.1313,0,0,1,0,0.55,96,1
E009507,S2731,0,0.5466,2,1,0,1,0.606,46,1
E009508,S1034,0,0.1217,1,0,1,0,0.3356,64,0
E009509,S2983,0,0.7093,1,1,1,0,0.7221,30,1
E009510,S1049,1,0.0701,0,0,1,0,0.0193,75,0
E009511,S3263,1,0.0534,0,0,1,0,0.2489,71,0
E009512,S1174,1,0.1072,1,1,1,0,0.0674,65,0
E009513,S4037,1,0.1162,0,0,1,0,0.0312,77,0
E009514,S1045,1,0.1163,0,0,1,0,0.165,80,0
E009515,S0035,1,0.418,2,1,1,5,0.1018,54,1
E009516,S0155,1,0.0589,0,0,1,0,0.122,91,0
E009517,S1373,1,0.0821,0,1,1,0,0.1069,79,0
E009518,S0154,0,0.3826,1,0,1,4,0.4185,51,1
E009519,S3783,1,0.0466,0,0,1,0,0.0902,68,0
E009520,S4115,1,0.1307,0,1,1,0,0.1394,56,0
E009521,S3384,1,0.1985,0,1,1,0,0.3323,93,0
E009522,S3227,1,0.0419,0,1,1,0,0.1439,70,0
E009523,S0201,1,0.3626,0,0,1,4,0.5445,26,0
E009524,S1002,1,0.0193,0,0,1,0,0.0843,80,0
E009525,S2660,1,0.1138,0,0,1,0,0.0974,94,0
E009526,S0123,1,0.0656,0,0,1,0,0.3192,72,1
E009527,S3973,1,0.1078,0,0,1,0,0.0284,88,0
E009528,S0315,1,0.0509,0,0,1,0,0.0292,84,0
E009529,S2160,0,0.3853,0,0,1,1,0.4433,31,0
E009530,S1715,1,0.0534,0,0,1,0,0.0144,64,0
E009531,S3662,1,0.5345,0,0,0,0,0.2981,38,1
E009532,S3658,0,0.7006,4,1,0,1,0.8176,49,0
E009533,S1622,1,0.2184,1,0,1,0,0.1009,64,0
E009534,S3736,0,0.0725,0,0,1,0,0.2883,84,0
E009535,S0668,1,0.018,1,0,1,0,0.1298,73,0
E009536,S1136,1,0.0483,0,0,1,0,0.0145,73,0
E009537,S0271,1,0.1049,0,0,1,0,0.1158,98,0
E009538,S2349,0,0.1882,0,0,1,0,0.081,74,0
E009539,S1171,1,0.0613,0,0,1,0,0.0359,94,0
E009540,S0063,0,0.5919,1,0,1,4,0.5885,59,1
E009541,S1076,1,0.0599,0,0,1,0,0.0812,86,0
E009542,S0170,0,0.6936,3,1,0,4,0.7014,33,1
E009543,S2653,0,0.0097,0,0,1,0,0.0058,79,0
E009544,S3658,1,0.0569,0,0,1,0,0.1786,70,0
E009545,S0250,0,0.6541,1,1,1,1,0.7082,21,1
E009546,S1680,1,0.0907,0,0,1,0,0.5812,43,0
E009547,S3310,0,0.6893,2,0,1,1,0.4922,34,1
E009548,S1419,1,0.0371,0,0,1,0,0.0114,74,0
E009549,S0072,0,0.8529,3,1,0,6,0.8403,13,1
E009550,S3285,0,0.1167,1,0,1,0,0.0031,74,0
E009551,S4049,0,0.0485,0,0,1,0,0.1057,79,0
E009552,S3451,1,0.026,0,0,1,0,0.1208,74,0
E009553,S0204,1,0.3716,0,1,1,5,0.3184,45,1
E009554,S3661,1,0.0213,0,0,1,0,0.1413,76,0
E009555,S3662,0,0.0855,0,0,0,0,0.0963,85,0
E009556,S0450,1,0.0775,0,0,1,0,0.0951,82,0
E009557,S1814,1,0.1638,0,0,1,0,0.073,75,0
E009558,S0173,1,0.6207,1,1,0,3,0.6356,43,1
E009559,S3032,0,0.651,2,0,0,0,0.457,37,1
E009560,S1324,1,0.5985,0,0,0,0,0.3242,75,1
E009561,S4116,1,0.0961,0,0,1,0,0.184,52,0
E009562,S1146,0,0.1379,0,0,1,0,0.0355,76,0
E009563,S0279,1,0.3991,2,0,1,5,0.6075,55,0
E009564,S0913,1,0.1969,0,0,1,0,0.524,87,0
E009565,S0280,0,0.9282,3,0,0,3,0.9088,10,1
E009566,S3367,1,0.1441,0,1,1,0,0.753,72,1
E009567,S0027,0,0.7059,7,1,0,3,0.4447,26,1
E009568,S1919,1,0.1023,1,0,1,0,0.1592,71,0
E009569,S1210,1,0.0192,0,0,1,0,0.0384,81,0
E009570,S1187,1,0.0387,0,0,1,0,0.0672,84,0
E009571,S1687,1,0.0656,0,0,1,0,0.1444,81,0
E009572,S0960,1,0.02,0,0,1,0,0.2293,97,0
E009573,S0154,1,0.3805,1,1,1,2,0.1724,20,1
E009574,S0286,0,0.6867,1,1,0,1,0.5615,54,0
E009575,S0215,1,0.355,3,1,1,4,0.5145,45,1
E009576,S1462,1,0.0912,0,0,1,0,0.2475,72,0
E009577,S1915,1,0.24,0,0,1,0,0.0704,94,0
E009578,S1965,1,0.4589,1,0,1,1,0.2691,68,0
E009579,S1815,1,0.1284,0,0,1,0,0.0591,71,0
E009580,S3762,0,0.0778,0,1,1,0,0.1928,81,0
E009581,S0064,0,0.7081,4,1,1,7,0.7842,25,1
E009582,S0032,1,0.1477,0,0,1,0,0.1914,87,0
E009583,S4118,1,0.0429,1,0,1,0,0.0394,80,0
E009584,S1875,1,0.5659,0,1,1,0,0.6261,58,1
E009585,S3073,1,0.0531,0,1,1,0,0.0427,73,0
E009586,S0024,0,0.8591,0,1,0,3,0.8686,22,1
E009587,S0115,1,0.0182,0,1,1,0,0.602,57,0
E009588,S0012,1,0.0184,0,0,1,0,0.0753,81,0
E009589,S2231,0,0.3628,0,1,0,0,0.3553,53,1
E009590,S0614,0,0.1817,0,0,1,0,0.2155,59,1
E009591,S0697,1,0.0919,1,1,1,0,0.1621,67,0
E009592,S0144,0,0.129,0,0,1,0,0.0669,51,0
E009593,S1928,1,0.0931,0,0,1,0,0.0267,86,0
E009594,S0024,0,0.4763,4,1,0,2,0.8582,21,1
E009595,S0388,0,0.0449,0,1,1,0,0.0258,99,0
E009596,S2140,1,0.0124,1,0,1,0,0.0572,78,0
E009597,S3639,1,0.0551,0,0,1,0,0.0947,83,0
E009598,S3717,1,0.0376,0,0,1,0,0.0922,64,0
E009599,S0075,0,0.5899,0,0,0,1,0.3225,83,0
E009600,S2143,0,0.0715,0,0,1,0,0.0585,80,0
E009601,S0930,1,0.085,0,0,1,0,0.0429,80,0
E009602,S1898,0,0.5184,0,0,1,2,0.6228,72,1
E009603,S0221,1,0.075,0,1,1,0,0.2181,80,1
E009604,S1344,1,0.2804,0,0,1,0,0.0823,91,0
E009605,S4046,0,0.0368,0,0,1,0,0.0481,80,0
E009606,S2353,1,0.1088,0,0,1,0,0.0181,76,0
E009607,S3455,1,0.1041,0,0,1,0,0.088,72,0
E009608,S2995,1,0.0618,0,0,1,1,0.0807,90,0
E009609,S4103,0,0.1208,1,0,1,0,0.1341,66,0
E009610,S0178,0,0.5474,1,0,1,6,0.578,17,1
E009611,S2074,1,0.0748,0,0,1,0,0.0892,76,0
E009612,S4070,0,0.0542,0,0,1,0,0.0347,63,0
E009613,S0991,0,0.1434,0,0,1,0,0.0741,85,0
E009614,S0551,0,0.5795,1,1,0,0,0.8831,55,1
E009615,S1184,0,0.6106,0,1,1,0,0.3309,68,1
E009616,S3809,1,0.096,0,0,1,0,0.0526,89,0
E009617,S2447,0,0.4367,0,0,0,2,0.7403,57,0
E009618,S3801,0,0.1021,0,0,0,1,0.1808,62,1
E009619,S0082,0,0.2246,2,1,0,2,0.0709,29,0
E009620,S4017,1,0.4875,0,0,1,0,0.7967,100,0
E009621,S3632,0,0.3439,0,1,1,0,0.6524,17,1
E009622,S3676,1,0.0325,0,0,1,0,0.3744,72,0
E009623,S2316,0,0.1683,1,1,1,1,0.1899,63,0
E009624,S3144,1,0.1386,0,0,1,0,0.0372,89,0
E009625,S2839,1,0.0805,0,0,1,0,0.1285,71,0
E009626,S2977,1,0.1439,0,0,1,0,0.0412,71,0
E009627,S0250,0,0.868,2,1,0,2,0.5608,3,1
E009628,S3638,0,0.0738,0,0,1,0,0.2239,84,0
E009629,S2023,1,0.0501,0,0,1,0,0.0436,65,0
E009630,S0261,0,0.4013,2,1,0,3,0.5096,49,1
E009631,S0190,0,0.7756,3,1,1,4,0.7474,13,1
E009632,S0736,1,0.1943,0,0,1,0,0.0082,97,0
E009633,S0179,0,0.6971,3,1,1,6,0.7746,19,1
E009634,S0068,0,0.7185,4,1,0,4,0.9273,6,1
E009635,S0879,1,0.5801,0,0,1,1,0.3497,71,0
E009636,S0597,1,0.0387,0,1,1,0,0.0327,63,0
E009637,S2992,1,0.1392,0,1,1,1,0.152,74,0
E009638,S1365,1,0.1022,0,0,1,0,0.6838,79,0
E009639,S2429,1,0.0427,0,0,1,0,0.0903,97,0
E009640,S0090,1,0.4571,0,0,1,6,0.4869,20,1
E009641,S2874,1,0.1876,0,0,1,0,0.1459,82,0
E009642,S3385,1,0.0998,0,0,1,0,0.0351,81,0
E009643,S3376,1,0.2761,0,0,1,0,0.7092,70,0
E009644,S4157,1,0.0398,0,0,1,0,0.1396,68,0
E009645,S0353,0,0.261,0,0,1,0,0.3909,80,0
E009646,S0259,0,0.6385,0,0,0,3,0.2823,52,1
E009647,S3702,1,0.0979,0,0,1,0,0.0778,86,0
E009648,S0408,0,0.5114,0,1,0,0,0.3884,39,1
E009649,S0245,1,0.3376,1,1,1,4,0.349,50,1
E009650,S4063,0,0.0434,0,0,1,0,0.0372,78,1
E009651,S0243,1,0.4578,0,0,1,5,0.3071,46,1
E009652,S0912,1,0.1622,0,0,1,0,0.1337,85,0
E009653,S1275,1,0.126,0,0,1,0,0.0963,82,0
E009654,S0198,1,0.0372,0,1,1,0,0.1004,77,0
E009655,S3550,0,0.1271,1,0,1,1,0.0401,65,0
E009656,S4025,0,0.4935,0,1,0,0,0.5832,10,1
E009657,S3236,1,0.0779,0,1,1,0,0.0615,80,0
E009658,S0221,1,0.1022,0,0,1,0,0.0909,96,0
E009659,S3113,1,0.0282,0,0,1,0,0.0442,73,0
E009660,S0040,0,0.6031,4,0,1,0,0.5757,27,1
E009661,S1047,1,0.3108,0,0,1,0,0.4962,86,0
E009662,S1900,1,0.0165,0,0,1,0,0.0244,90,0
E009663,S2982,1,0.1405,0,0,1,0,0.1427,88,0
E009664,S2299,1,0.0614,0,0,1,0,0.1364,78,0
E009665,S3684,0,0.3813,3,1,0,0,0.7071,53,1
E009666,S0954,1,0.1079,0,0,1,0,0.04,65,0
E009667,S0765,1,0.0781,0,0,1,1,0.0457,90,0
E009668,S1360,1,0.1231,0,0,1,0,0.0791,84,0
E009669,S4132,1,0.0719,0,1,1,0,0.049,82,0
E009670,S4117,1,0.0808,0,1,1,0,0.4493,69,0
E009671,S3899,1,0.0409,0,0,1,0,0.0729,82,0
E009672,S1241,1,0.2107,0,1,1,0,0.3201,77,0
E009673,S4196,0,0.3544,1,0,1,1,0.3247,25,1
E009674,S2905,0,0.5966,0,0,0,0,0.8441,42,1
E009675,S1490,0,0.7973,5,0,0,0,0.5548,37,1
E009676,S2573,1,0.0915,0,0,1,0,0.233,71,0
E009677,S1059,1,0.1323,0,1,1,0,0.125,54,0
E009678,S0257,0,0.6099,0,0,0,3,0.5246,29,1
E009679,S1632,1,0.1487,2,0,0,0,0.2431,56,0
E009680,S1293,1,0.0583,0,0,1,0,0.0097,95,0
E009681,S3311,1,0.132,0,0,1,0,0.1039,76,0
E009682,S1709,0,0.092,0,0,1,0,0.0701,82,0
E009683,S1117,1,0.0522,0,0,1,0,0.5321,67,0
E009684,S2639,1,0.1392,1,1,1,0,0.1321,67,0
E009685,S2891,0,0.7391,1,0,1,0,0.4601,34,1
E009686,S3725,1,0.2216,1,0,1,1,0.3633,44,0
E009687,S4078,1,0.038,0,0,1,0,0.1602,86,0
E009688,S2570,1,0.0931,0,1,1,0,0.0879,78,0
E009689,S2381,1,0.2971,0,0,1,0,0.2391,80,0
E009690,S1903,0,0.0931,0,0,1,0,0.0039,68,0
E009691,S0131,0,0.373,2,0,0,1,0.7523,59,1
E009692,S3387,1,0.0738,0,1,1,0,0.1264,88,0
E009693,S1042,1,0.2154,0,0,1,0,0.6722,81,0
E009694,S0070,0,0.3193,3,1,0,0,0.697,35,1
E009695,S4135,1,0.1106,0,0,1,0,0.0376,81,0
E009696,S3305,0,0.1614,0,0,1,0,0.2199,78,0
E009697,S3054,0,0.7238,4,1,0,0,0.6214,27,0
E009698,S0106,0,0.6072,4,1,0,3,0.7063,38,1
E009699,S0246,0,0.6498,0,0,1,0,0.5307,46,0
E009700,S3405,0,0.4461,0,0,1,0,0.3088,95,0
E009701,S2781,0,0.2779,1,1,1,0,0.3358,66,0
E009702,S3492,1,0.0766,0,1,1,1,0.3693,58,0
E009703,S2488,1,0.0585,0,1,1,0,0.1262,82,0
E009704,S0018,1,0.3049,1,0,1,6,0.2956,34,1
E009705,S0248,1,0.2646,0,0,0,5,0.2653,44,0
E009706,S3761,1,0.1385,0,0,1,1,0.5212,86,0
E009707,S2630,1,0.068,0,0,1,0,0.0262,82,0
E009708,S3532,1,0.0728,0,0,1,0,0.1901,98,0
E009709,S4000,1,0.092,0,1,1,0,0.2351,61,0
E009710,S2970,0,0.4086,2,0,1,1,0.6635,48,1
E009711,S1868,0,0.1109,0,0,1,0,0.2144,77,0
E009712,S1380,1,0.0416,0,0,1,0,0.0234,100,0
E009713,S3164,1,0.0892,1,1,1,0,0.1746,63,0
E009714,S0356,0,0.2341,1,1,1,1,0.2123,48,1
E009715,S0380,1,0.0661,0,0,1,0,0.7067,88,0
E009716,S1577,0,0.065,0,0,1,0,0.1108,82,0
E009717,S2254,1,0.1945,1,0,1,0,0.2734,73,0
E009718,S0103,1,0.3783,1,0,0,4,0.1153,40,1
E009719,S3201,1,0.0701,0,0,1,1,0.0562,87,0
E009720,S2297,1,0.093,0,0,1,0,0.5506,82,0
E009721,S1954,0,0.1736,0,0,1,0,0.0768,82,0
E009722,S2043,1,0.0524,0,1,1,0,0.1234,78,1
E009723,S2136,0,0.5689,0,0,0,0,0.7082,14,1
E009724,S2499,1,0.0797,0,0,1,0,0.0937,77,0
E009725,S1631,1,0.5942,0,1,1,1,0.6244,76,0
E009726,S0221,0,0.6436,4,1,1,3,0.6144,9,1
E009727,S2371,1,0.1145,0,0,1,0,0.6646,81,0
E009728,S1830,1,0.1683,1,1,1,0,0.09,93,0
E009729,S1927,1,0.0682,0,0,1,0,0.0346,91,0
E009730,S0062,0,0.8774,4,1,0,6,0.5678,11,0
E009731,S0157,1,0.441,2,0,0,2,0.3873,71,0
E009732,S1573,1,0.0343,0,0,1,0,0.12,83,0
E009733,S0831,0,0.0585,0,0,1,0,0.1381,73,0
E009734,S1179,1,0.0943,0,0,1,0,0.7639,87,0
E009735,S2663,1,0.1584,0,0,1,0,0.026,67,0
E009736,S1565,1,0.0335,0,0,1,0,0.0746,71,0
E009737,S1105,1,0.0866,1,0,1,0,0.1149,82,0
E009738,S1763,1,0.0316,0,0,1,1,0.5253,90,0
E009739,S0274,0,0.2374,2,0,1,0,0.3952,38,0
E009740,S3358,0,0.1492,0,0,1,0,0.0906,81,0
E009741,S2735,1,0.0179,0,0,1,0,0.0518,100,0
E009742,S1709,1,0.0947,0,0,1,0,0.0716,78,0
E009743,S1633,1,0.0722,0,0,1,1,0.0487,72,0
E009744,S0668,0,0.538,0,0,0,0,0.4783,74,0
E009745,S1196,0,0.1384,0,1,1,1,0.6392,100,0
E009746,S4041,0,0.4031,3,1,0,0,0.4273,37,0
E009747,S1761,0,0.0656,0,1,1,0,0.0655,96,0
E009748,S0058,0,0.3485,1,0,1,1,0.3103,40,1
E009749,S1194,1,0.1649,0,1,1,0,0.1578,77,0
E009750,S1957,1,0.036,0,0,1,0,0.036,81,0
E009751,S0093,0,0.8004,4,1,0,6,0.7585,28,1
E009752,S3769,1,0.128,0,0,1,0,0.1563,64,0
E009753,S3924,1,0.0146,0,0,1,0,0.4601,88,0
E009754,S0755,1,0.1317,0,1,1,0,0.0597,60,0
E009755,S2514,1,0.3345,1,0,0,1,0.1698,50,1
E009756,S0097,0,0.8007,4,1,0,3,0.8079,49,1
E009757,S0551,1,0.0186,0,0,1,0,0.5379,85,0
E009758,S3690,1,0.0658,0,0,1,0,0.1407,77,0
E009759,S1475,0,0.1362,0,0,1,0,0.258,73,1
E009760,S2894,0,0.1874,0,0,1,0,0.5015,91,0
E009761,S2321,1,0.087,0,1,1,0,0.2465,62,0
E009762,S0246,0,0.706,2,0,0,2,0.6134,21,1
E009763,S0130,1,0.0777,0,0,1,0,0.1029,70,0
E009764,S2298,1,0.5037,0,0,1,0,0.5937,83,1
E009765,S2427,1,0.2896,0,0,0,1,0.4859,27,0
E009766,S0073,1,0.0777,0,0,1,0,0.0589,89,0
E009767,S2227,1,0.0382,0,0,1,0,0.7616,74,0
E009768,S0040,1,0.0514,0,0,1,1,0.1871,75,0
E009769,S2354,0,0.0866,0,0,1,0,0.1857,75,0
E009770,S4076,1,0.1238,0,0,1,0,0.0897,76,0
E009771,S0175,0,0.8366,4,1,0,2,0.7028,31,1
E009772,S3864,0,0.1232,1,0,1,0,0.1326,50,0
E009773,S1009,0,0.0454,0,0,1,0,0.1241,85,0
E009774,S2146,1,0.0438,0,0,1,0,0.0173,79,0
E009775,S3397,1,0.0426,0,0,1,0,0.0573,83,0
E009776,S0157,0,0.4328,3,0,1,4,0.3281,45,1
E009777,S3515,0,0.2903,0,1,0,1,0.5906,26,1
E009778,S3471,0,0.2172,0,0,0,0,0.6585,50,1
E009779,S1642,1,0.5478,3,1,1,0,0.4794,38,0
E009780,S1032,1,0.0772,0,0,1,0,0.6177,58,0
E009781,S0092,0,0.6214,3,0,0,4,0.721,8,1
E009782,S3909,1,0.0482,1,0,1,0,0.1421,64,0
E009783,S2154,0,0.088,0,0,1,0,0.0768,85,0
E009784,S3517,0,0.4142,5,0,0,0,0.5849,29,1
E009785,S1201,1,0.1779,0,0,1,0,0.0111,84,0
E009786,S3307,0,0.1808,1,0,1,0,0.0688,57,0
E009787,S3328,1,0.0845,1,0,1,0,0.0312,79,0
E009788,S3206,1,0.0465,0,0,1,0,0.0131,77,0
E009789,S0974,1,0.0436,0,0,1,0,0.02,95,0
E009790,S0595,0,0.1987,0,0,1,0,0.0313,78,0
E009791,S0008,0,0.1186,0,0,1,0,0.2156,63,0
E009792,S1320,0,0.4575,1,0,1,0,0.7045,29,0
E009793,S1091,1,0.0388,0,0,1,0,0.1535,90,1
E009794,S1268,0,0.1137,0,1,1,0,0.065,81,0
E009795,S0266,1,0.6975,1,0,1,2,0.1007,88,1
E009796,S0100,0,0.8694,3,1,0,6,0.8425,4,1
E009797,S2386,0,0.212,0,0,1,0,0.0387,65,0
E009798,S0252,1,0.2394,0,0,1,3,0.2987,66,1
E009799,S0292,0,0.538,0,1,1,2,0.248,25,1
E009800,S3222,1,0.1075,0,0,1,0,0.1388,91,0
E009801,S3493,1,0.1928,0,0,1,0,0.0247,98,0
E009802,S3068,1,0.0437,1,0,1,0,0.01,100,0
E009803,S0177,0,0.4546,1,0,1,6,0.5226,51,1
E009804,S2993,1,0.0656,0,0,1,0,0.0863,88,0
E009805,S2167,1,0.0223,0,0,1,0,0.105,67,0
E009806,S1616,0,0.704,4,0,0,0,0.5525,24,1
E009807,S2710,0,0.7569,1,1,0,0,0.523,34,1
E009808,S1511,1,0.0797,0,0,1,0,0.123,82,0
E009809,S0031,1,0.5662,0,0,0,0,0.4887,56,0
E009810,S3508,1,0.0205,0,1,1,1,0.1505,72,0
E009811,S1950,1,0.0901,0,1,1,0,0.0904,94,0
E009812,S1744,0,0.6985,4,0,0,0,0.7754,46,1
E009813,S0310,1,0.009,0,0,1,0,0.0842,57,0
E009814,S2528,1,0.0627,0,1,1,0,0.4149,84,0
E009815,S0016,1,0.4042,0,0,1,6,0.267,39,1
E009816,S3205,1,0.0544,0,0,1,0,0.1403,87,0
E009817,S3166,0,0.4201,0,0,1,0,0.4903,88,1
E009818,S0260,1,0.2057,0,0,1,0,0.166,83,0
E009819,S0275,0,0.696,2,1,0,6,0.9154,15,1
E009820,S4074,1,0.0737,1,0,1,0,0.3271,73,0
E009821,S0026,1,0.3441,0,0,1,4,0.149,55,1
E009822,S0242,0,0.6599,1,1,1,1,0.3352,23,1
E009823,S0207,1,0.758,6,1,1,4,0.3529,8,1
E009824,S3302,0,0.0702,1,0,1,0,0.0454,74,0
E009825,S1228,1,0.1137,0,0,1,0,0.1828,73,0
E009826,S1779,1,0.1322,0,0,1,0,0.0515,79,0
E009827,S0481,1,0.1362,0,0,1,0,0.1911,97,0
E009828,S0652,0,0.5692,0,0,1,1,0.5257,41,0
E009829,S1746,1,0.1213,0,0,1,0,0.0298,85,0
E009830,S3273,0,0.5875,3,0,1,2,0.5613,40,1
E009831,S0296,0,0.836,3,1,0,0,0.411,18,1
E009832,S1708,0,0.363,3,1,0,0,0.4218,44,1
E009833,S0208,0,0.9586,8,1,0,0,0.7968,17,1
E009834,S0330,0,0.1046,1,1,1,0,0.2018,77,0
E009835,S0081,0,0.2318,0,1,1,0,0.2244,41,1
E009836,S1017,1,0.126,0,0,1,0,0.0595,83,0
E009837,S1443,1,0.2107,0,1,1,0,0.0463,78,1
E009838,S2040,0,0.7441,3,1,1,0,0.596,15,1
E009839,S3148,1,0.05,0,0,1,0,0.0721,77,0
E009840,S0803,0,0.6184,1,0,1,2,0.7815,40,1
E009841,S3591,1,0.048,0,1,1,1,0.1426,67,0
E009842,S3202,1,0.4065,0,0,1,1,0.3185,74,0
E009843,S0214,1,0.0429,0,0,1,0,0.0883,82,0
E009844,S2476,1,0.1243,0,0,1,0,0.1536,85,0
E009845,S0009,0,0.0711,1,0,1,0,0.0632,59,0
E009846,S3697,1,0.1611,0,0,1,0,0.1243,84,0
E009847,S0768,1,0.1,0,0,1,0,0.0581,90,0
E009848,S1030,1,0.0832,0,0,1,0,0.0219,83,0
E009849,S3818,1,0.1957,0,0,0,1,0.4353,64,0
E009850,S0183,0,0.8366,2,1,0,2,0.5283,25,1
E009851,S1991,1,0.0147,0,0,1,0,0.0396,71,0
E009852,S0224,1,0.3157,1,0,1,1,0.0303,89,0
E009853,S0397,0,0.4289,1,1,1,1,0.8684,32,1
E009854,S0972,0,0.3746,1,0,0,1,0.6891,51,0
E009855,S2588,1,0.3319,0,0,1,1,0.0785,75,0
E009856,S2033,0,0.0864,0,1,1,0,0.1618,57,0
E009857,S3609,0,0.6445,1,0,0,0,0.6895,48,0
E009858,S0713,1,0.2411,0,0,1,0,0.0976,66,0
E009859,S0154,1,0.3187,0,1,1,6,0.8287,45,0
E009860,S2984,1,0.0752,0,0,0,0,0.1304,80,0
E009861,S0048,0,0.899,2,1,0,6,0.9057,32,1
E009862,S1203,1,0.1003,0,1,1,0,0.0664,68,0
E009863,S2497,1,0.0767,0,0,1,0,0.0347,67,1
E009864,S0986,1,0.0658,0,0,1,0,0.1781,77,0
E009865,S0255,1,0.4557,0,1,1,4,0.4987,38,1
E009866,S3909,1,0.0657,0,0,1,0,0.2992,52,0
E009867,S1724,1,0.2673,0,1,1,0,0.1865,73,0
E009868,S0328,0,0.0822,0,1,1,0,0.0865,87,0
E009869,S0229,1,0.2859,1,1,1,0,0.6447,71,1
E009870,S0018,1,0.4448,1,0,1,2,0.0603,36,1
E009871,S1767,0,0.4622,0,1,1,0,0.6063,59,0
E009872,S1127,1,0.205,0,0,1,0,0.1105,75,0
E009873,S2713,1,0.1343,0,1,1,2,0.1001,90,0
E009874,S4016,0,0.0621,0,0,1,0,0.0376,77,0
E009875,S2660,1,0.1224,0,0,1,0,0.037,70,0
E009876,S3844,0,0.1337,1,0,1,0,0.2143,90,0
E009877,S4122,0,0.8065,3,1,1,0,0.3934,59,1
E009878,S3546,1,0.0365,0,0,1,0,0.154,75,0
E009879,S2262,1,0.0282,1,0,1,0,0.122,76,0
E009880,S3024,1,0.1001,0,0,0,0,0.0342,90,0
E009881,S0050,0,0.8562,4,1,0,1,0.6913,0,1
E009882,S0025,1,0.0874,0,0,1,0,0.4407,78,0
E009883,S2131,1,0.1154,1,1,1,0,0.2067,64,0
E009884,S1307,0,0.0885,0,0,1,0,0.536,81,0
E009885,S3358,1,0.0682,1,0,1,0,0.061,86,0
E009886,S1757,1,0.3325,0,0,1,0,0.0083,80,0
E009887,S0334,0,0.4962,2,1,1,1,0.9198,44,1
E009888,S1681,1,0.1371,0,0,1,0,0.6081,89,0
E009889,S3694,1,0.0796,0,1,1,0,0.3631,73,0
E009890,S0230,1,0.4188,3,1,1,1,0.2424,30,1
E009891,S0019,0,0.8184,5,0,0,1,0.6569,28,1
E009892,S1694,1,0.0567,0,0,1,0,0.2073,65,0
E009893,S0138,1,0.1542,1,0,1,6,0.2069,46,1
E009894,S1445,0,0.0989,0,0,1,0,0.1773,76,1
E009895,S0270,0,0.6885,2,0,1,0,0.8927,32,1
E009896,S0432,1,0.0618,0,0,1,0,0.0332,76,0
E009897,S2282,1,0.1087,0,0,1,0,0.0416,63,0
E009898,S0163,0,0.8309,0,0,0,1,0.6391,17,1
E009899,S0067,1,0.079,0,0,1,0,0.123,81,0
E009900,S3133,0,0.0789,0,0,1,0,0.0821,69,0
E009901,S2278,0,0.0908,0,0,1,0,0.0753,71,0
E009902,S1530,1,0.0577,0,0,1,0,0.1156,68,1
E009903,S2598,1,0.2458,0,0,1,0,0.1549,95,0
E009904,S3868,1,0.1127,1,0,1,0,0.1098,66,0
E009905,S3836,1,0.0083,0,0,1,0,0.0037,80,0
E009906,S1554,1,0.2041,3,1,1,0,0.0997,73,0
E009907,S2336,1,0.2116,0,0,1,0,0.1229,83,0
E009908,S0365,1,0.1603,0,0,1,0,0.026,80,0
E009909,S4125,0,0.2113,0,0,1,0,0.0426,79,0
E009910,S3169,1,0.1292,0,0,1,0,0.1526,77,0
E009911,S2326,0,0.1321,1,0,0,0,0.3785,27,0
E009912,S0056,0,0.0868,0,0,1,0,0.3727,61,1
E009913,S3456,1,0.157,0,0,1,0,0.0458,62,0
E009914,S2848,1,0.0774,0,0,1,0,0.1704,74,0
E009915,S3402,0,0.0594,0,0,1,0,0.0476,78,0
E009916,S3212,1,0.0196,1,0,1,0,0.1924,78,0
E009917,S0462,1,0.0459,0,0,1,0,0.0807,87,0
E009918,S1044,1,0.6829,2,1,1,0,0.6317,37,1
E009919,S3593,1,0.0201,0,0,1,0,0.1006,82,0
E009920,S1520,0,0.2297,1,1,1,0,0.0889,81,0
E009921,S3365,1,0.167,0,0,1,0,0.7623,76,0
E009922,S1623,0,0.5216,2,0,1,0,0.6525,59,1
E009923,S0259,1,0.2048,0,0,1,0,0.1087,83,0
E009924,S1072,1,0.1097,0,1,1,0,0.1237,81,0
E009925,S0672,0,0.064,0,0,1,0,0.0661,67,0
E009926,S2518,0,0.2318,1,1,1,0,0.1331,60,0
E009927,S1958,0,0.0823,0,0,1,0,0.0853,79,1
E009928,S4108,0,0.1991,0,0,1,0,0.0641,53,1
E009929,S3076,1,0.1093,0,1,1,0,0.2343,71,0
E009930,S3685,1,0.125,0,0,1,0,0.06,82,0
E009931,S2843,0,0.0795,0,0,1,0,0.3334,55,0
E009932,S0026,1,0.6913,4,1,0,2,0.5661,24,1
E009933,S2966,1,0.0429,0,0,1,0,0.1341,72,0
E009934,S3201,1,0.6572,2,1,1,3,0.2813,37,1
E009935,S1510,0,0.1825,0,0,1,0,0.0282,70,0
E009936,S0106,0,0.6483,5,1,0,8,0.7579,46,1
E009937,S1866,1,0.0372,0,1,1,0,0.2295,70,0
E009938,S2391,0,0.0433,0,0,1,0,0.0323,63,0
E009939,S2200,0,0.0316,0,0,1,0,0.0568,86,0
E009940,S3653,1,0.1088,0,1,1,0,0.1651,64,0
E009941,S1390,1,0.0769,0,0,1,0,0.5864,82,0
E009942,S1624,0,0.786,3,1,0,0,0.3697,16,1
E009943,S0278,0,0.5053,0,0,0,0,0.3637,65,1
E009944,S1506,1,0.0546,0,0,1,0,0.6549,85,0
E009945,S0015,0,0.5854,4,1,1,4,0.7031,28,1
E009946,S3030,1,0.0843,0,0,1,0,0.0757,67,0
E009947,S0098,0,0.436,2,0,0,4,0.5478,7,0
E009948,S1740,1,0.0887,0,0,1,0,0.4617,68,0
E009949,S0608,0,0.1252,0,1,1,0,0.1078,55,0
E009950,S4021,1,0.0911,0,0,1,0,0.4619,86,0
E009951,S0249,0,0.8084,7,0,0,4,0.7123,48,1
E009952,S2436,1,0.124,0,0,1,0,0.0288,73,0
E009953,S3823,0,0.4989,2,0,0,0,0.3624,17,1
E009954,S1663,1,0.1499,1,0,1,0,0.1249,79,0
E009955,S3734,1,0.0276,0,0,1,0,0.1033,92,0
E009956,S2026,0,0.5211,0,0,0,0,0.1781,84,1
E009957,S0634,1,0.2098,0,0,1,0,0.1437,81,0
E009958,S0740,1,0.0821,0,0,1,0,0.4528,86,0
E009959,S0608,1,0.0672,0,0,1,0,0.1464,84,0
E009960,S0135,1,0.1478,0,0,1,0,0.331,60,0
E009961,S4198,1,0.0221,0,0,1,0,0.669,74,0
E009962,S0518,1,0.0346,0,0,1,0,0.1645,91,0
E009963,S2552,0,0.7583,0,0,0,0,0.6687,43,0
E009964,S2911,1,0.1439,0,0,1,0,0.0906,90,0
E009965,S3064,0,0.2926,2,0,1,2,0.8311,51,1
E009966,S4164,0,0.118,0,0,1,0,0.5399,86,0
E009967,S1361,1,0.0455,0,1,1,0,0.2067,92,0
E009968,S2580,0,0.2195,0,0,1,0,0.4753,73,1
E009969,S2460,1,0.1006,0,0,1,0,0.0452,79,0
E009970,S0099,0,0.6621,1,0,1,2,0.5353,55,1
E009971,S3844,0,0.4818,1,0,0,1,0.3926,70,0
E009972,S0263,0,0.5035,0,0,1,2,0.596,52,1
E009973,S3601,1,0.19,0,0,0,0,0.1655,25,1
E009974,S1273,0,0.3361,0,0,1,0,0.322,23,1
E009975,S2298,0,0.1094,0,0,1,0,0.3997,70,0
E009976,S3701,1,0.1202,1,1,1,0,0.5521,51,1
E009977,S2884,1,0.0258,0,0,1,0,0.3863,92,0
E009978,S4192,1,0.1147,0,0,1,0,0.14,87,0
E009979,S0712,1,0.1503,0,0,1,0,0.0219,82,0
E009980,S0275,0,0.1312,0,0,1,0,0.1535,64,0
E009981,S0931,0,0.5324,0,0,1,2,0.8793,62,1
E009982,S3521,1,0.2393,0,0,1,0,0.1029,96,0
E009983,S0234,0,0.8083,5,1,0,4,0.7165,18,1
E009984,S0196,1,0.5369,0,0,1,3,0.3198,30,1
E009985,S1169,0,0.5785,0,0,1,0,0.8018,16,1
E009986,S0731,0,0.2124,2,0,1,0,0.5516,80,0
E009987,S3178,1,0.0389,1,1,1,0,0.0732,62,0
E009988,S0472,1,0.1094,0,0,1,0,0.1138,85,0
E009989,S3659,1,0.1143,0,0,1,0,0.0145,69,0
E009990,S2824,1,0.1808,0,1,1,0,0.0132,73,0
E009991,S2912,1,0.0567,0,0,1,0,0.1864,60,0
E009992,S3314,0,0.2154,1,0,1,0,0.1152,54,0
E009993,S1617,1,0.0845,0,1,1,0,0.1041,81,0
E009994,S0019,1,0.3084,0,0,1,4,0.554,51,1
E009995,S0181,1,0.0449,0,0,1,0,0.0149,89,0
E009996,S0264,1,0.045,0,0,1,0,0.0393,67,0
E009997,S1908,0,0.0546,0,0,1,0,0.0405,66,0
E009998,S3529,1,0.133,0,1,0,0,0.0357,81,0
E009999,S0593,1,0.1269,2,0,1,0,0.0496,87,0
E010000,S1388,0,0.1672,0,0,1,0,0.605,59,0
